2/4/2025, 8:30:04 PM UTC [Modules] Modules initializing
2/4/2025, 8:30:04 PM UTC [Modules] Distribution: remote
2/4/2025, 8:30:04 PM UTC [Modules] Host updates: enabled
2/4/2025, 8:30:04 PM UTC [Modules] Module updates: enabled
2/4/2025, 8:30:04 PM UTC [Modules] Module install path: /home/flowy/.config/discord/0.0.84/modules
2/4/2025, 8:30:04 PM UTC [Modules] Module installed file path: /home/flowy/.config/discord/0.0.84/modules/installed.json
2/4/2025, 8:30:04 PM UTC [Modules] Module download path: /home/flowy/.config/discord/0.0.84/modules/pending
2/4/2025, 8:30:04 PM UTC [Modules] Bootstrapping...
2/4/2025, 8:30:04 PM UTC [Modules] Installing discord_desktop_core@0 from /opt/discord/resources/bootstrap/discord_desktop_core.zip
2/4/2025, 8:30:04 PM UTC [Modules] Failed installing discord_desktop_core@0: Error: ENOENT: no such file or directory, open '/opt/discord/resources/bootstrap/discord_desktop_core.zip'
2/4/2025, 8:30:04 PM UTC [Modules] Installing discord_erlpack@0 from /opt/discord/resources/bootstrap/discord_erlpack.zip
2/4/2025, 8:30:04 PM UTC [Modules] Failed installing discord_erlpack@0: Error: ENOENT: no such file or directory, open '/opt/discord/resources/bootstrap/discord_erlpack.zip'
2/4/2025, 8:30:04 PM UTC [Modules] Installing discord_spellcheck@0 from /opt/discord/resources/bootstrap/discord_spellcheck.zip
2/4/2025, 8:30:04 PM UTC [Modules] Failed installing discord_spellcheck@0: Error: ENOENT: no such file or directory, open '/opt/discord/resources/bootstrap/discord_spellcheck.zip'
2/4/2025, 8:30:04 PM UTC [Modules] Installing discord_utils@0 from /opt/discord/resources/bootstrap/discord_utils.zip
2/4/2025, 8:30:04 PM UTC [Modules] Failed installing discord_utils@0: Error: ENOENT: no such file or directory, open '/opt/discord/resources/bootstrap/discord_utils.zip'
2/4/2025, 8:30:04 PM UTC [Modules] Installing discord_voice@0 from /opt/discord/resources/bootstrap/discord_voice.zip
2/4/2025, 8:30:04 PM UTC [Modules] Failed installing discord_voice@0: Error: ENOENT: no such file or directory, open '/opt/discord/resources/bootstrap/discord_voice.zip'
2/4/2025, 8:30:04 PM UTC [Modules] Installing discord_zstd@0 from /opt/discord/resources/bootstrap/discord_zstd.zip
2/4/2025, 8:30:04 PM UTC [Modules] Failed installing discord_zstd@0: Error: ENOENT: no such file or directory, open '/opt/discord/resources/bootstrap/discord_zstd.zip'
2/4/2025, 8:30:04 PM UTC [Modules] Finished module installations. [success: 0] [failure: 6]
2/4/2025, 8:30:04 PM UTC [Modules] Checking for host updates.
2/4/2025, 8:30:05 PM UTC [Modules] Host is up to date.
2/4/2025, 8:30:05 PM UTC [Modules] Checking for module updates at https://discord.com/api/modules/stable/versions.json
2/4/2025, 8:30:05 PM UTC [Modules] Module update available: discord_desktop_core@1 [installed: 0]
2/4/2025, 8:30:05 PM UTC [Modules] Module update available: discord_erlpack@1 [installed: 0]
2/4/2025, 8:30:05 PM UTC [Modules] Module update available: discord_spellcheck@1 [installed: 0]
2/4/2025, 8:30:05 PM UTC [Modules] Module update available: discord_utils@1 [installed: 0]
2/4/2025, 8:30:05 PM UTC [Modules] Module update available: discord_voice@1 [installed: 0]
2/4/2025, 8:30:05 PM UTC [Modules] Module update available: discord_zstd@1 [installed: 0]
2/4/2025, 8:30:05 PM UTC [Modules] Fetching discord_desktop_core@1 from https://discord.com/api/modules/stable/discord_desktop_core/1
2/4/2025, 8:30:05 PM UTC [Modules] Streaming discord_desktop_core@1 to /home/flowy/.config/discord/0.0.84/modules/pending/discord_desktop_core-1.zip
2/4/2025, 8:30:06 PM UTC [Modules] Streaming discord_desktop_core@1 to /home/flowy/.config/discord/0.0.84/modules/pending/discord_desktop_core-1.zip: 1%
2/4/2025, 8:30:06 PM UTC [Modules] Streaming discord_desktop_core@1 to /home/flowy/.config/discord/0.0.84/modules/pending/discord_desktop_core-1.zip: 2%
2/4/2025, 8:30:06 PM UTC [Modules] Streaming discord_desktop_core@1 to /home/flowy/.config/discord/0.0.84/modules/pending/discord_desktop_core-1.zip: 3%
2/4/2025, 8:30:06 PM UTC [Modules] Streaming discord_desktop_core@1 to /home/flowy/.config/discord/0.0.84/modules/pending/discord_desktop_core-1.zip: 4%
2/4/2025, 8:30:06 PM UTC [Modules] Streaming discord_desktop_core@1 to /home/flowy/.config/discord/0.0.84/modules/pending/discord_desktop_core-1.zip: 5%
2/4/2025, 8:30:06 PM UTC [Modules] Streaming discord_desktop_core@1 to /home/flowy/.config/discord/0.0.84/modules/pending/discord_desktop_core-1.zip: 6%
2/4/2025, 8:30:06 PM UTC [Modules] Streaming discord_desktop_core@1 to /home/flowy/.config/discord/0.0.84/modules/pending/discord_desktop_core-1.zip: 7%
2/4/2025, 8:30:06 PM UTC [Modules] Streaming discord_desktop_core@1 to /home/flowy/.config/discord/0.0.84/modules/pending/discord_desktop_core-1.zip: 8%
2/4/2025, 8:30:06 PM UTC [Modules] Streaming discord_desktop_core@1 to /home/flowy/.config/discord/0.0.84/modules/pending/discord_desktop_core-1.zip: 9%
2/4/2025, 8:30:06 PM UTC [Modules] Streaming discord_desktop_core@1 to /home/flowy/.config/discord/0.0.84/modules/pending/discord_desktop_core-1.zip: 10%
2/4/2025, 8:30:06 PM UTC [Modules] Streaming discord_desktop_core@1 to /home/flowy/.config/discord/0.0.84/modules/pending/discord_desktop_core-1.zip: 12%
2/4/2025, 8:30:06 PM UTC [Modules] Streaming discord_desktop_core@1 to /home/flowy/.config/discord/0.0.84/modules/pending/discord_desktop_core-1.zip: 13%
2/4/2025, 8:30:06 PM UTC [Modules] Streaming discord_desktop_core@1 to /home/flowy/.config/discord/0.0.84/modules/pending/discord_desktop_core-1.zip: 14%
2/4/2025, 8:30:06 PM UTC [Modules] Streaming discord_desktop_core@1 to /home/flowy/.config/discord/0.0.84/modules/pending/discord_desktop_core-1.zip: 15%
2/4/2025, 8:30:06 PM UTC [Modules] Streaming discord_desktop_core@1 to /home/flowy/.config/discord/0.0.84/modules/pending/discord_desktop_core-1.zip: 16%
2/4/2025, 8:30:06 PM UTC [Modules] Streaming discord_desktop_core@1 to /home/flowy/.config/discord/0.0.84/modules/pending/discord_desktop_core-1.zip: 18%
2/4/2025, 8:30:06 PM UTC [Modules] Streaming discord_desktop_core@1 to /home/flowy/.config/discord/0.0.84/modules/pending/discord_desktop_core-1.zip: 19%
2/4/2025, 8:30:06 PM UTC [Modules] Streaming discord_desktop_core@1 to /home/flowy/.config/discord/0.0.84/modules/pending/discord_desktop_core-1.zip: 20%
2/4/2025, 8:30:06 PM UTC [Modules] Streaming discord_desktop_core@1 to /home/flowy/.config/discord/0.0.84/modules/pending/discord_desktop_core-1.zip: 21%
2/4/2025, 8:30:06 PM UTC [Modules] Streaming discord_desktop_core@1 to /home/flowy/.config/discord/0.0.84/modules/pending/discord_desktop_core-1.zip: 22%
2/4/2025, 8:30:06 PM UTC [Modules] Streaming discord_desktop_core@1 to /home/flowy/.config/discord/0.0.84/modules/pending/discord_desktop_core-1.zip: 23%
2/4/2025, 8:30:06 PM UTC [Modules] Streaming discord_desktop_core@1 to /home/flowy/.config/discord/0.0.84/modules/pending/discord_desktop_core-1.zip: 24%
2/4/2025, 8:30:06 PM UTC [Modules] Streaming discord_desktop_core@1 to /home/flowy/.config/discord/0.0.84/modules/pending/discord_desktop_core-1.zip: 25%
2/4/2025, 8:30:06 PM UTC [Modules] Streaming discord_desktop_core@1 to /home/flowy/.config/discord/0.0.84/modules/pending/discord_desktop_core-1.zip: 26%
2/4/2025, 8:30:06 PM UTC [Modules] Streaming discord_desktop_core@1 to /home/flowy/.config/discord/0.0.84/modules/pending/discord_desktop_core-1.zip: 27%
2/4/2025, 8:30:06 PM UTC [Modules] Streaming discord_desktop_core@1 to /home/flowy/.config/discord/0.0.84/modules/pending/discord_desktop_core-1.zip: 28%
2/4/2025, 8:30:06 PM UTC [Modules] Streaming discord_desktop_core@1 to /home/flowy/.config/discord/0.0.84/modules/pending/discord_desktop_core-1.zip: 29%
2/4/2025, 8:30:06 PM UTC [Modules] Streaming discord_desktop_core@1 to /home/flowy/.config/discord/0.0.84/modules/pending/discord_desktop_core-1.zip: 30%
2/4/2025, 8:30:06 PM UTC [Modules] Streaming discord_desktop_core@1 to /home/flowy/.config/discord/0.0.84/modules/pending/discord_desktop_core-1.zip: 31%
2/4/2025, 8:30:06 PM UTC [Modules] Streaming discord_desktop_core@1 to /home/flowy/.config/discord/0.0.84/modules/pending/discord_desktop_core-1.zip: 32%
2/4/2025, 8:30:06 PM UTC [Modules] Streaming discord_desktop_core@1 to /home/flowy/.config/discord/0.0.84/modules/pending/discord_desktop_core-1.zip: 33%
2/4/2025, 8:30:06 PM UTC [Modules] Streaming discord_desktop_core@1 to /home/flowy/.config/discord/0.0.84/modules/pending/discord_desktop_core-1.zip: 35%
2/4/2025, 8:30:06 PM UTC [Modules] Streaming discord_desktop_core@1 to /home/flowy/.config/discord/0.0.84/modules/pending/discord_desktop_core-1.zip: 36%
2/4/2025, 8:30:06 PM UTC [Modules] Streaming discord_desktop_core@1 to /home/flowy/.config/discord/0.0.84/modules/pending/discord_desktop_core-1.zip: 37%
2/4/2025, 8:30:06 PM UTC [Modules] Streaming discord_desktop_core@1 to /home/flowy/.config/discord/0.0.84/modules/pending/discord_desktop_core-1.zip: 40%
2/4/2025, 8:30:06 PM UTC [Modules] Streaming discord_desktop_core@1 to /home/flowy/.config/discord/0.0.84/modules/pending/discord_desktop_core-1.zip: 41%
2/4/2025, 8:30:06 PM UTC [Modules] Streaming discord_desktop_core@1 to /home/flowy/.config/discord/0.0.84/modules/pending/discord_desktop_core-1.zip: 42%
2/4/2025, 8:30:06 PM UTC [Modules] Streaming discord_desktop_core@1 to /home/flowy/.config/discord/0.0.84/modules/pending/discord_desktop_core-1.zip: 43%
2/4/2025, 8:30:06 PM UTC [Modules] Streaming discord_desktop_core@1 to /home/flowy/.config/discord/0.0.84/modules/pending/discord_desktop_core-1.zip: 44%
2/4/2025, 8:30:06 PM UTC [Modules] Streaming discord_desktop_core@1 to /home/flowy/.config/discord/0.0.84/modules/pending/discord_desktop_core-1.zip: 45%
2/4/2025, 8:30:06 PM UTC [Modules] Streaming discord_desktop_core@1 to /home/flowy/.config/discord/0.0.84/modules/pending/discord_desktop_core-1.zip: 46%
2/4/2025, 8:30:06 PM UTC [Modules] Streaming discord_desktop_core@1 to /home/flowy/.config/discord/0.0.84/modules/pending/discord_desktop_core-1.zip: 47%
2/4/2025, 8:30:06 PM UTC [Modules] Streaming discord_desktop_core@1 to /home/flowy/.config/discord/0.0.84/modules/pending/discord_desktop_core-1.zip: 48%
2/4/2025, 8:30:06 PM UTC [Modules] Streaming discord_desktop_core@1 to /home/flowy/.config/discord/0.0.84/modules/pending/discord_desktop_core-1.zip: 49%
2/4/2025, 8:30:06 PM UTC [Modules] Streaming discord_desktop_core@1 to /home/flowy/.config/discord/0.0.84/modules/pending/discord_desktop_core-1.zip: 51%
2/4/2025, 8:30:06 PM UTC [Modules] Streaming discord_desktop_core@1 to /home/flowy/.config/discord/0.0.84/modules/pending/discord_desktop_core-1.zip: 52%
2/4/2025, 8:30:06 PM UTC [Modules] Streaming discord_desktop_core@1 to /home/flowy/.config/discord/0.0.84/modules/pending/discord_desktop_core-1.zip: 53%
2/4/2025, 8:30:06 PM UTC [Modules] Streaming discord_desktop_core@1 to /home/flowy/.config/discord/0.0.84/modules/pending/discord_desktop_core-1.zip: 54%
2/4/2025, 8:30:06 PM UTC [Modules] Streaming discord_desktop_core@1 to /home/flowy/.config/discord/0.0.84/modules/pending/discord_desktop_core-1.zip: 55%
2/4/2025, 8:30:06 PM UTC [Modules] Streaming discord_desktop_core@1 to /home/flowy/.config/discord/0.0.84/modules/pending/discord_desktop_core-1.zip: 56%
2/4/2025, 8:30:06 PM UTC [Modules] Streaming discord_desktop_core@1 to /home/flowy/.config/discord/0.0.84/modules/pending/discord_desktop_core-1.zip: 57%
2/4/2025, 8:30:06 PM UTC [Modules] Streaming discord_desktop_core@1 to /home/flowy/.config/discord/0.0.84/modules/pending/discord_desktop_core-1.zip: 58%
2/4/2025, 8:30:06 PM UTC [Modules] Streaming discord_desktop_core@1 to /home/flowy/.config/discord/0.0.84/modules/pending/discord_desktop_core-1.zip: 61%
2/4/2025, 8:30:06 PM UTC [Modules] Streaming discord_desktop_core@1 to /home/flowy/.config/discord/0.0.84/modules/pending/discord_desktop_core-1.zip: 62%
2/4/2025, 8:30:06 PM UTC [Modules] Streaming discord_desktop_core@1 to /home/flowy/.config/discord/0.0.84/modules/pending/discord_desktop_core-1.zip: 63%
2/4/2025, 8:30:06 PM UTC [Modules] Streaming discord_desktop_core@1 to /home/flowy/.config/discord/0.0.84/modules/pending/discord_desktop_core-1.zip: 64%
2/4/2025, 8:30:06 PM UTC [Modules] Streaming discord_desktop_core@1 to /home/flowy/.config/discord/0.0.84/modules/pending/discord_desktop_core-1.zip: 65%
2/4/2025, 8:30:06 PM UTC [Modules] Streaming discord_desktop_core@1 to /home/flowy/.config/discord/0.0.84/modules/pending/discord_desktop_core-1.zip: 66%
2/4/2025, 8:30:06 PM UTC [Modules] Streaming discord_desktop_core@1 to /home/flowy/.config/discord/0.0.84/modules/pending/discord_desktop_core-1.zip: 67%
2/4/2025, 8:30:06 PM UTC [Modules] Streaming discord_desktop_core@1 to /home/flowy/.config/discord/0.0.84/modules/pending/discord_desktop_core-1.zip: 69%
2/4/2025, 8:30:06 PM UTC [Modules] Streaming discord_desktop_core@1 to /home/flowy/.config/discord/0.0.84/modules/pending/discord_desktop_core-1.zip: 70%
2/4/2025, 8:30:06 PM UTC [Modules] Streaming discord_desktop_core@1 to /home/flowy/.config/discord/0.0.84/modules/pending/discord_desktop_core-1.zip: 71%
2/4/2025, 8:30:06 PM UTC [Modules] Streaming discord_desktop_core@1 to /home/flowy/.config/discord/0.0.84/modules/pending/discord_desktop_core-1.zip: 72%
2/4/2025, 8:30:06 PM UTC [Modules] Streaming discord_desktop_core@1 to /home/flowy/.config/discord/0.0.84/modules/pending/discord_desktop_core-1.zip: 73%
2/4/2025, 8:30:06 PM UTC [Modules] Streaming discord_desktop_core@1 to /home/flowy/.config/discord/0.0.84/modules/pending/discord_desktop_core-1.zip: 74%
2/4/2025, 8:30:06 PM UTC [Modules] Streaming discord_desktop_core@1 to /home/flowy/.config/discord/0.0.84/modules/pending/discord_desktop_core-1.zip: 75%
2/4/2025, 8:30:06 PM UTC [Modules] Streaming discord_desktop_core@1 to /home/flowy/.config/discord/0.0.84/modules/pending/discord_desktop_core-1.zip: 76%
2/4/2025, 8:30:06 PM UTC [Modules] Streaming discord_desktop_core@1 to /home/flowy/.config/discord/0.0.84/modules/pending/discord_desktop_core-1.zip: 77%
2/4/2025, 8:30:06 PM UTC [Modules] Streaming discord_desktop_core@1 to /home/flowy/.config/discord/0.0.84/modules/pending/discord_desktop_core-1.zip: 78%
2/4/2025, 8:30:06 PM UTC [Modules] Streaming discord_desktop_core@1 to /home/flowy/.config/discord/0.0.84/modules/pending/discord_desktop_core-1.zip: 79%
2/4/2025, 8:30:06 PM UTC [Modules] Streaming discord_desktop_core@1 to /home/flowy/.config/discord/0.0.84/modules/pending/discord_desktop_core-1.zip: 80%
2/4/2025, 8:30:06 PM UTC [Modules] Streaming discord_desktop_core@1 to /home/flowy/.config/discord/0.0.84/modules/pending/discord_desktop_core-1.zip: 82%
2/4/2025, 8:30:06 PM UTC [Modules] Streaming discord_desktop_core@1 to /home/flowy/.config/discord/0.0.84/modules/pending/discord_desktop_core-1.zip: 83%
2/4/2025, 8:30:06 PM UTC [Modules] Streaming discord_desktop_core@1 to /home/flowy/.config/discord/0.0.84/modules/pending/discord_desktop_core-1.zip: 84%
2/4/2025, 8:30:06 PM UTC [Modules] Streaming discord_desktop_core@1 to /home/flowy/.config/discord/0.0.84/modules/pending/discord_desktop_core-1.zip: 85%
2/4/2025, 8:30:06 PM UTC [Modules] Streaming discord_desktop_core@1 to /home/flowy/.config/discord/0.0.84/modules/pending/discord_desktop_core-1.zip: 86%
2/4/2025, 8:30:06 PM UTC [Modules] Streaming discord_desktop_core@1 to /home/flowy/.config/discord/0.0.84/modules/pending/discord_desktop_core-1.zip: 87%
2/4/2025, 8:30:06 PM UTC [Modules] Streaming discord_desktop_core@1 to /home/flowy/.config/discord/0.0.84/modules/pending/discord_desktop_core-1.zip: 88%
2/4/2025, 8:30:06 PM UTC [Modules] Streaming discord_desktop_core@1 to /home/flowy/.config/discord/0.0.84/modules/pending/discord_desktop_core-1.zip: 89%
2/4/2025, 8:30:06 PM UTC [Modules] Streaming discord_desktop_core@1 to /home/flowy/.config/discord/0.0.84/modules/pending/discord_desktop_core-1.zip: 90%
2/4/2025, 8:30:06 PM UTC [Modules] Streaming discord_desktop_core@1 to /home/flowy/.config/discord/0.0.84/modules/pending/discord_desktop_core-1.zip: 91%
2/4/2025, 8:30:06 PM UTC [Modules] Streaming discord_desktop_core@1 to /home/flowy/.config/discord/0.0.84/modules/pending/discord_desktop_core-1.zip: 92%
2/4/2025, 8:30:06 PM UTC [Modules] Streaming discord_desktop_core@1 to /home/flowy/.config/discord/0.0.84/modules/pending/discord_desktop_core-1.zip: 93%
2/4/2025, 8:30:06 PM UTC [Modules] Streaming discord_desktop_core@1 to /home/flowy/.config/discord/0.0.84/modules/pending/discord_desktop_core-1.zip: 94%
2/4/2025, 8:30:06 PM UTC [Modules] Streaming discord_desktop_core@1 to /home/flowy/.config/discord/0.0.84/modules/pending/discord_desktop_core-1.zip: 95%
2/4/2025, 8:30:06 PM UTC [Modules] Streaming discord_desktop_core@1 to /home/flowy/.config/discord/0.0.84/modules/pending/discord_desktop_core-1.zip: 96%
2/4/2025, 8:30:06 PM UTC [Modules] Streaming discord_desktop_core@1 to /home/flowy/.config/discord/0.0.84/modules/pending/discord_desktop_core-1.zip: 97%
2/4/2025, 8:30:06 PM UTC [Modules] Streaming discord_desktop_core@1 to /home/flowy/.config/discord/0.0.84/modules/pending/discord_desktop_core-1.zip: 98%
2/4/2025, 8:30:06 PM UTC [Modules] Streaming discord_desktop_core@1 to /home/flowy/.config/discord/0.0.84/modules/pending/discord_desktop_core-1.zip: 100%
2/4/2025, 8:30:06 PM UTC [Modules] Fetching discord_erlpack@1 from https://discord.com/api/modules/stable/discord_erlpack/1
2/4/2025, 8:30:06 PM UTC [Modules] Streaming discord_erlpack@1 to /home/flowy/.config/discord/0.0.84/modules/pending/discord_erlpack-1.zip
2/4/2025, 8:30:07 PM UTC [Modules] Streaming discord_erlpack@1 to /home/flowy/.config/discord/0.0.84/modules/pending/discord_erlpack-1.zip: 1%
2/4/2025, 8:30:07 PM UTC [Modules] Streaming discord_erlpack@1 to /home/flowy/.config/discord/0.0.84/modules/pending/discord_erlpack-1.zip: 2%
2/4/2025, 8:30:07 PM UTC [Modules] Streaming discord_erlpack@1 to /home/flowy/.config/discord/0.0.84/modules/pending/discord_erlpack-1.zip: 3%
2/4/2025, 8:30:07 PM UTC [Modules] Streaming discord_erlpack@1 to /home/flowy/.config/discord/0.0.84/modules/pending/discord_erlpack-1.zip: 4%
2/4/2025, 8:30:07 PM UTC [Modules] Streaming discord_erlpack@1 to /home/flowy/.config/discord/0.0.84/modules/pending/discord_erlpack-1.zip: 5%
2/4/2025, 8:30:07 PM UTC [Modules] Streaming discord_erlpack@1 to /home/flowy/.config/discord/0.0.84/modules/pending/discord_erlpack-1.zip: 6%
2/4/2025, 8:30:07 PM UTC [Modules] Streaming discord_erlpack@1 to /home/flowy/.config/discord/0.0.84/modules/pending/discord_erlpack-1.zip: 7%
2/4/2025, 8:30:07 PM UTC [Modules] Streaming discord_erlpack@1 to /home/flowy/.config/discord/0.0.84/modules/pending/discord_erlpack-1.zip: 8%
2/4/2025, 8:30:07 PM UTC [Modules] Streaming discord_erlpack@1 to /home/flowy/.config/discord/0.0.84/modules/pending/discord_erlpack-1.zip: 9%
2/4/2025, 8:30:07 PM UTC [Modules] Streaming discord_erlpack@1 to /home/flowy/.config/discord/0.0.84/modules/pending/discord_erlpack-1.zip: 10%
2/4/2025, 8:30:07 PM UTC [Modules] Streaming discord_erlpack@1 to /home/flowy/.config/discord/0.0.84/modules/pending/discord_erlpack-1.zip: 12%
2/4/2025, 8:30:07 PM UTC [Modules] Streaming discord_erlpack@1 to /home/flowy/.config/discord/0.0.84/modules/pending/discord_erlpack-1.zip: 15%
2/4/2025, 8:30:07 PM UTC [Modules] Streaming discord_erlpack@1 to /home/flowy/.config/discord/0.0.84/modules/pending/discord_erlpack-1.zip: 18%
2/4/2025, 8:30:07 PM UTC [Modules] Streaming discord_erlpack@1 to /home/flowy/.config/discord/0.0.84/modules/pending/discord_erlpack-1.zip: 19%
2/4/2025, 8:30:07 PM UTC [Modules] Streaming discord_erlpack@1 to /home/flowy/.config/discord/0.0.84/modules/pending/discord_erlpack-1.zip: 22%
2/4/2025, 8:30:07 PM UTC [Modules] Streaming discord_erlpack@1 to /home/flowy/.config/discord/0.0.84/modules/pending/discord_erlpack-1.zip: 24%
2/4/2025, 8:30:07 PM UTC [Modules] Streaming discord_erlpack@1 to /home/flowy/.config/discord/0.0.84/modules/pending/discord_erlpack-1.zip: 27%
2/4/2025, 8:30:07 PM UTC [Modules] Streaming discord_erlpack@1 to /home/flowy/.config/discord/0.0.84/modules/pending/discord_erlpack-1.zip: 29%
2/4/2025, 8:30:07 PM UTC [Modules] Streaming discord_erlpack@1 to /home/flowy/.config/discord/0.0.84/modules/pending/discord_erlpack-1.zip: 30%
2/4/2025, 8:30:07 PM UTC [Modules] Streaming discord_erlpack@1 to /home/flowy/.config/discord/0.0.84/modules/pending/discord_erlpack-1.zip: 31%
2/4/2025, 8:30:07 PM UTC [Modules] Streaming discord_erlpack@1 to /home/flowy/.config/discord/0.0.84/modules/pending/discord_erlpack-1.zip: 32%
2/4/2025, 8:30:07 PM UTC [Modules] Streaming discord_erlpack@1 to /home/flowy/.config/discord/0.0.84/modules/pending/discord_erlpack-1.zip: 33%
2/4/2025, 8:30:07 PM UTC [Modules] Streaming discord_erlpack@1 to /home/flowy/.config/discord/0.0.84/modules/pending/discord_erlpack-1.zip: 37%
2/4/2025, 8:30:07 PM UTC [Modules] Streaming discord_erlpack@1 to /home/flowy/.config/discord/0.0.84/modules/pending/discord_erlpack-1.zip: 40%
2/4/2025, 8:30:07 PM UTC [Modules] Streaming discord_erlpack@1 to /home/flowy/.config/discord/0.0.84/modules/pending/discord_erlpack-1.zip: 46%
2/4/2025, 8:30:07 PM UTC [Modules] Streaming discord_erlpack@1 to /home/flowy/.config/discord/0.0.84/modules/pending/discord_erlpack-1.zip: 47%
2/4/2025, 8:30:07 PM UTC [Modules] Streaming discord_erlpack@1 to /home/flowy/.config/discord/0.0.84/modules/pending/discord_erlpack-1.zip: 48%
2/4/2025, 8:30:07 PM UTC [Modules] Streaming discord_erlpack@1 to /home/flowy/.config/discord/0.0.84/modules/pending/discord_erlpack-1.zip: 49%
2/4/2025, 8:30:07 PM UTC [Modules] Streaming discord_erlpack@1 to /home/flowy/.config/discord/0.0.84/modules/pending/discord_erlpack-1.zip: 50%
2/4/2025, 8:30:07 PM UTC [Modules] Streaming discord_erlpack@1 to /home/flowy/.config/discord/0.0.84/modules/pending/discord_erlpack-1.zip: 51%
2/4/2025, 8:30:07 PM UTC [Modules] Streaming discord_erlpack@1 to /home/flowy/.config/discord/0.0.84/modules/pending/discord_erlpack-1.zip: 52%
2/4/2025, 8:30:07 PM UTC [Modules] Streaming discord_erlpack@1 to /home/flowy/.config/discord/0.0.84/modules/pending/discord_erlpack-1.zip: 53%
2/4/2025, 8:30:07 PM UTC [Modules] Streaming discord_erlpack@1 to /home/flowy/.config/discord/0.0.84/modules/pending/discord_erlpack-1.zip: 54%
2/4/2025, 8:30:07 PM UTC [Modules] Streaming discord_erlpack@1 to /home/flowy/.config/discord/0.0.84/modules/pending/discord_erlpack-1.zip: 55%
2/4/2025, 8:30:07 PM UTC [Modules] Streaming discord_erlpack@1 to /home/flowy/.config/discord/0.0.84/modules/pending/discord_erlpack-1.zip: 56%
2/4/2025, 8:30:08 PM UTC [Modules] Streaming discord_erlpack@1 to /home/flowy/.config/discord/0.0.84/modules/pending/discord_erlpack-1.zip: 58%
2/4/2025, 8:30:08 PM UTC [Modules] Streaming discord_erlpack@1 to /home/flowy/.config/discord/0.0.84/modules/pending/discord_erlpack-1.zip: 59%
2/4/2025, 8:30:08 PM UTC [Modules] Streaming discord_erlpack@1 to /home/flowy/.config/discord/0.0.84/modules/pending/discord_erlpack-1.zip: 60%
2/4/2025, 8:30:08 PM UTC [Modules] Streaming discord_erlpack@1 to /home/flowy/.config/discord/0.0.84/modules/pending/discord_erlpack-1.zip: 61%
2/4/2025, 8:30:08 PM UTC [Modules] Streaming discord_erlpack@1 to /home/flowy/.config/discord/0.0.84/modules/pending/discord_erlpack-1.zip: 62%
2/4/2025, 8:30:08 PM UTC [Modules] Streaming discord_erlpack@1 to /home/flowy/.config/discord/0.0.84/modules/pending/discord_erlpack-1.zip: 63%
2/4/2025, 8:30:08 PM UTC [Modules] Streaming discord_erlpack@1 to /home/flowy/.config/discord/0.0.84/modules/pending/discord_erlpack-1.zip: 64%
2/4/2025, 8:30:08 PM UTC [Modules] Streaming discord_erlpack@1 to /home/flowy/.config/discord/0.0.84/modules/pending/discord_erlpack-1.zip: 65%
2/4/2025, 8:30:08 PM UTC [Modules] Streaming discord_erlpack@1 to /home/flowy/.config/discord/0.0.84/modules/pending/discord_erlpack-1.zip: 66%
2/4/2025, 8:30:08 PM UTC [Modules] Streaming discord_erlpack@1 to /home/flowy/.config/discord/0.0.84/modules/pending/discord_erlpack-1.zip: 67%
2/4/2025, 8:30:08 PM UTC [Modules] Streaming discord_erlpack@1 to /home/flowy/.config/discord/0.0.84/modules/pending/discord_erlpack-1.zip: 68%
2/4/2025, 8:30:08 PM UTC [Modules] Streaming discord_erlpack@1 to /home/flowy/.config/discord/0.0.84/modules/pending/discord_erlpack-1.zip: 69%
2/4/2025, 8:30:08 PM UTC [Modules] Streaming discord_erlpack@1 to /home/flowy/.config/discord/0.0.84/modules/pending/discord_erlpack-1.zip: 70%
2/4/2025, 8:30:08 PM UTC [Modules] Streaming discord_erlpack@1 to /home/flowy/.config/discord/0.0.84/modules/pending/discord_erlpack-1.zip: 71%
2/4/2025, 8:30:08 PM UTC [Modules] Streaming discord_erlpack@1 to /home/flowy/.config/discord/0.0.84/modules/pending/discord_erlpack-1.zip: 72%
2/4/2025, 8:30:08 PM UTC [Modules] Streaming discord_erlpack@1 to /home/flowy/.config/discord/0.0.84/modules/pending/discord_erlpack-1.zip: 73%
2/4/2025, 8:30:08 PM UTC [Modules] Streaming discord_erlpack@1 to /home/flowy/.config/discord/0.0.84/modules/pending/discord_erlpack-1.zip: 74%
2/4/2025, 8:30:08 PM UTC [Modules] Streaming discord_erlpack@1 to /home/flowy/.config/discord/0.0.84/modules/pending/discord_erlpack-1.zip: 75%
2/4/2025, 8:30:08 PM UTC [Modules] Streaming discord_erlpack@1 to /home/flowy/.config/discord/0.0.84/modules/pending/discord_erlpack-1.zip: 76%
2/4/2025, 8:30:08 PM UTC [Modules] Streaming discord_erlpack@1 to /home/flowy/.config/discord/0.0.84/modules/pending/discord_erlpack-1.zip: 77%
2/4/2025, 8:30:08 PM UTC [Modules] Streaming discord_erlpack@1 to /home/flowy/.config/discord/0.0.84/modules/pending/discord_erlpack-1.zip: 78%
2/4/2025, 8:30:08 PM UTC [Modules] Streaming discord_erlpack@1 to /home/flowy/.config/discord/0.0.84/modules/pending/discord_erlpack-1.zip: 79%
2/4/2025, 8:30:08 PM UTC [Modules] Streaming discord_erlpack@1 to /home/flowy/.config/discord/0.0.84/modules/pending/discord_erlpack-1.zip: 80%
2/4/2025, 8:30:08 PM UTC [Modules] Streaming discord_erlpack@1 to /home/flowy/.config/discord/0.0.84/modules/pending/discord_erlpack-1.zip: 81%
2/4/2025, 8:30:08 PM UTC [Modules] Streaming discord_erlpack@1 to /home/flowy/.config/discord/0.0.84/modules/pending/discord_erlpack-1.zip: 82%
2/4/2025, 8:30:08 PM UTC [Modules] Streaming discord_erlpack@1 to /home/flowy/.config/discord/0.0.84/modules/pending/discord_erlpack-1.zip: 83%
2/4/2025, 8:30:08 PM UTC [Modules] Streaming discord_erlpack@1 to /home/flowy/.config/discord/0.0.84/modules/pending/discord_erlpack-1.zip: 84%
2/4/2025, 8:30:08 PM UTC [Modules] Streaming discord_erlpack@1 to /home/flowy/.config/discord/0.0.84/modules/pending/discord_erlpack-1.zip: 85%
2/4/2025, 8:30:08 PM UTC [Modules] Streaming discord_erlpack@1 to /home/flowy/.config/discord/0.0.84/modules/pending/discord_erlpack-1.zip: 86%
2/4/2025, 8:30:08 PM UTC [Modules] Streaming discord_erlpack@1 to /home/flowy/.config/discord/0.0.84/modules/pending/discord_erlpack-1.zip: 87%
2/4/2025, 8:30:08 PM UTC [Modules] Streaming discord_erlpack@1 to /home/flowy/.config/discord/0.0.84/modules/pending/discord_erlpack-1.zip: 88%
2/4/2025, 8:30:08 PM UTC [Modules] Streaming discord_erlpack@1 to /home/flowy/.config/discord/0.0.84/modules/pending/discord_erlpack-1.zip: 89%
2/4/2025, 8:30:08 PM UTC [Modules] Streaming discord_erlpack@1 to /home/flowy/.config/discord/0.0.84/modules/pending/discord_erlpack-1.zip: 92%
2/4/2025, 8:30:08 PM UTC [Modules] Streaming discord_erlpack@1 to /home/flowy/.config/discord/0.0.84/modules/pending/discord_erlpack-1.zip: 93%
2/4/2025, 8:30:08 PM UTC [Modules] Streaming discord_erlpack@1 to /home/flowy/.config/discord/0.0.84/modules/pending/discord_erlpack-1.zip: 95%
2/4/2025, 8:30:08 PM UTC [Modules] Streaming discord_erlpack@1 to /home/flowy/.config/discord/0.0.84/modules/pending/discord_erlpack-1.zip: 96%
2/4/2025, 8:30:08 PM UTC [Modules] Streaming discord_erlpack@1 to /home/flowy/.config/discord/0.0.84/modules/pending/discord_erlpack-1.zip: 97%
2/4/2025, 8:30:08 PM UTC [Modules] Streaming discord_erlpack@1 to /home/flowy/.config/discord/0.0.84/modules/pending/discord_erlpack-1.zip: 98%
2/4/2025, 8:30:08 PM UTC [Modules] Streaming discord_erlpack@1 to /home/flowy/.config/discord/0.0.84/modules/pending/discord_erlpack-1.zip: 99%
2/4/2025, 8:30:08 PM UTC [Modules] Streaming discord_erlpack@1 to /home/flowy/.config/discord/0.0.84/modules/pending/discord_erlpack-1.zip: 100%
2/4/2025, 8:30:08 PM UTC [Modules] Fetching discord_spellcheck@1 from https://discord.com/api/modules/stable/discord_spellcheck/1
2/4/2025, 8:30:08 PM UTC [Modules] Streaming discord_spellcheck@1 to /home/flowy/.config/discord/0.0.84/modules/pending/discord_spellcheck-1.zip
2/4/2025, 8:30:09 PM UTC [Modules] Streaming discord_spellcheck@1 to /home/flowy/.config/discord/0.0.84/modules/pending/discord_spellcheck-1.zip: 1%
2/4/2025, 8:30:09 PM UTC [Modules] Streaming discord_spellcheck@1 to /home/flowy/.config/discord/0.0.84/modules/pending/discord_spellcheck-1.zip: 2%
2/4/2025, 8:30:09 PM UTC [Modules] Streaming discord_spellcheck@1 to /home/flowy/.config/discord/0.0.84/modules/pending/discord_spellcheck-1.zip: 3%
2/4/2025, 8:30:09 PM UTC [Modules] Streaming discord_spellcheck@1 to /home/flowy/.config/discord/0.0.84/modules/pending/discord_spellcheck-1.zip: 4%
2/4/2025, 8:30:09 PM UTC [Modules] Streaming discord_spellcheck@1 to /home/flowy/.config/discord/0.0.84/modules/pending/discord_spellcheck-1.zip: 5%
2/4/2025, 8:30:09 PM UTC [Modules] Streaming discord_spellcheck@1 to /home/flowy/.config/discord/0.0.84/modules/pending/discord_spellcheck-1.zip: 6%
2/4/2025, 8:30:09 PM UTC [Modules] Streaming discord_spellcheck@1 to /home/flowy/.config/discord/0.0.84/modules/pending/discord_spellcheck-1.zip: 7%
2/4/2025, 8:30:09 PM UTC [Modules] Streaming discord_spellcheck@1 to /home/flowy/.config/discord/0.0.84/modules/pending/discord_spellcheck-1.zip: 8%
2/4/2025, 8:30:09 PM UTC [Modules] Streaming discord_spellcheck@1 to /home/flowy/.config/discord/0.0.84/modules/pending/discord_spellcheck-1.zip: 9%
2/4/2025, 8:30:10 PM UTC [Modules] Streaming discord_spellcheck@1 to /home/flowy/.config/discord/0.0.84/modules/pending/discord_spellcheck-1.zip: 10%
2/4/2025, 8:30:10 PM UTC [Modules] Streaming discord_spellcheck@1 to /home/flowy/.config/discord/0.0.84/modules/pending/discord_spellcheck-1.zip: 11%
2/4/2025, 8:30:10 PM UTC [Modules] Streaming discord_spellcheck@1 to /home/flowy/.config/discord/0.0.84/modules/pending/discord_spellcheck-1.zip: 12%
2/4/2025, 8:30:10 PM UTC [Modules] Streaming discord_spellcheck@1 to /home/flowy/.config/discord/0.0.84/modules/pending/discord_spellcheck-1.zip: 13%
2/4/2025, 8:30:10 PM UTC [Modules] Streaming discord_spellcheck@1 to /home/flowy/.config/discord/0.0.84/modules/pending/discord_spellcheck-1.zip: 14%
2/4/2025, 8:30:10 PM UTC [Modules] Streaming discord_spellcheck@1 to /home/flowy/.config/discord/0.0.84/modules/pending/discord_spellcheck-1.zip: 15%
2/4/2025, 8:30:10 PM UTC [Modules] Streaming discord_spellcheck@1 to /home/flowy/.config/discord/0.0.84/modules/pending/discord_spellcheck-1.zip: 16%
2/4/2025, 8:30:10 PM UTC [Modules] Streaming discord_spellcheck@1 to /home/flowy/.config/discord/0.0.84/modules/pending/discord_spellcheck-1.zip: 17%
2/4/2025, 8:30:10 PM UTC [Modules] Streaming discord_spellcheck@1 to /home/flowy/.config/discord/0.0.84/modules/pending/discord_spellcheck-1.zip: 18%
2/4/2025, 8:30:10 PM UTC [Modules] Streaming discord_spellcheck@1 to /home/flowy/.config/discord/0.0.84/modules/pending/discord_spellcheck-1.zip: 19%
2/4/2025, 8:30:10 PM UTC [Modules] Streaming discord_spellcheck@1 to /home/flowy/.config/discord/0.0.84/modules/pending/discord_spellcheck-1.zip: 20%
2/4/2025, 8:30:10 PM UTC [Modules] Streaming discord_spellcheck@1 to /home/flowy/.config/discord/0.0.84/modules/pending/discord_spellcheck-1.zip: 21%
2/4/2025, 8:30:10 PM UTC [Modules] Streaming discord_spellcheck@1 to /home/flowy/.config/discord/0.0.84/modules/pending/discord_spellcheck-1.zip: 22%
2/4/2025, 8:30:10 PM UTC [Modules] Streaming discord_spellcheck@1 to /home/flowy/.config/discord/0.0.84/modules/pending/discord_spellcheck-1.zip: 23%
2/4/2025, 8:30:10 PM UTC [Modules] Streaming discord_spellcheck@1 to /home/flowy/.config/discord/0.0.84/modules/pending/discord_spellcheck-1.zip: 24%
2/4/2025, 8:30:10 PM UTC [Modules] Streaming discord_spellcheck@1 to /home/flowy/.config/discord/0.0.84/modules/pending/discord_spellcheck-1.zip: 25%
2/4/2025, 8:30:10 PM UTC [Modules] Streaming discord_spellcheck@1 to /home/flowy/.config/discord/0.0.84/modules/pending/discord_spellcheck-1.zip: 26%
2/4/2025, 8:30:10 PM UTC [Modules] Streaming discord_spellcheck@1 to /home/flowy/.config/discord/0.0.84/modules/pending/discord_spellcheck-1.zip: 27%
2/4/2025, 8:30:10 PM UTC [Modules] Streaming discord_spellcheck@1 to /home/flowy/.config/discord/0.0.84/modules/pending/discord_spellcheck-1.zip: 28%
2/4/2025, 8:30:10 PM UTC [Modules] Streaming discord_spellcheck@1 to /home/flowy/.config/discord/0.0.84/modules/pending/discord_spellcheck-1.zip: 29%
2/4/2025, 8:30:10 PM UTC [Modules] Streaming discord_spellcheck@1 to /home/flowy/.config/discord/0.0.84/modules/pending/discord_spellcheck-1.zip: 30%
2/4/2025, 8:30:10 PM UTC [Modules] Streaming discord_spellcheck@1 to /home/flowy/.config/discord/0.0.84/modules/pending/discord_spellcheck-1.zip: 31%
2/4/2025, 8:30:10 PM UTC [Modules] Streaming discord_spellcheck@1 to /home/flowy/.config/discord/0.0.84/modules/pending/discord_spellcheck-1.zip: 32%
2/4/2025, 8:30:10 PM UTC [Modules] Streaming discord_spellcheck@1 to /home/flowy/.config/discord/0.0.84/modules/pending/discord_spellcheck-1.zip: 33%
2/4/2025, 8:30:10 PM UTC [Modules] Streaming discord_spellcheck@1 to /home/flowy/.config/discord/0.0.84/modules/pending/discord_spellcheck-1.zip: 34%
2/4/2025, 8:30:10 PM UTC [Modules] Streaming discord_spellcheck@1 to /home/flowy/.config/discord/0.0.84/modules/pending/discord_spellcheck-1.zip: 35%
2/4/2025, 8:30:10 PM UTC [Modules] Streaming discord_spellcheck@1 to /home/flowy/.config/discord/0.0.84/modules/pending/discord_spellcheck-1.zip: 36%
2/4/2025, 8:30:10 PM UTC [Modules] Streaming discord_spellcheck@1 to /home/flowy/.config/discord/0.0.84/modules/pending/discord_spellcheck-1.zip: 37%
2/4/2025, 8:30:10 PM UTC [Modules] Streaming discord_spellcheck@1 to /home/flowy/.config/discord/0.0.84/modules/pending/discord_spellcheck-1.zip: 38%
2/4/2025, 8:30:10 PM UTC [Modules] Streaming discord_spellcheck@1 to /home/flowy/.config/discord/0.0.84/modules/pending/discord_spellcheck-1.zip: 39%
2/4/2025, 8:30:10 PM UTC [Modules] Streaming discord_spellcheck@1 to /home/flowy/.config/discord/0.0.84/modules/pending/discord_spellcheck-1.zip: 40%
2/4/2025, 8:30:11 PM UTC [Modules] Streaming discord_spellcheck@1 to /home/flowy/.config/discord/0.0.84/modules/pending/discord_spellcheck-1.zip: 41%
2/4/2025, 8:30:11 PM UTC [Modules] Streaming discord_spellcheck@1 to /home/flowy/.config/discord/0.0.84/modules/pending/discord_spellcheck-1.zip: 42%
2/4/2025, 8:30:11 PM UTC [Modules] Streaming discord_spellcheck@1 to /home/flowy/.config/discord/0.0.84/modules/pending/discord_spellcheck-1.zip: 43%
2/4/2025, 8:30:11 PM UTC [Modules] Streaming discord_spellcheck@1 to /home/flowy/.config/discord/0.0.84/modules/pending/discord_spellcheck-1.zip: 44%
2/4/2025, 8:30:11 PM UTC [Modules] Streaming discord_spellcheck@1 to /home/flowy/.config/discord/0.0.84/modules/pending/discord_spellcheck-1.zip: 45%
2/4/2025, 8:30:11 PM UTC [Modules] Streaming discord_spellcheck@1 to /home/flowy/.config/discord/0.0.84/modules/pending/discord_spellcheck-1.zip: 46%
2/4/2025, 8:30:11 PM UTC [Modules] Streaming discord_spellcheck@1 to /home/flowy/.config/discord/0.0.84/modules/pending/discord_spellcheck-1.zip: 47%
2/4/2025, 8:30:11 PM UTC [Modules] Streaming discord_spellcheck@1 to /home/flowy/.config/discord/0.0.84/modules/pending/discord_spellcheck-1.zip: 48%
2/4/2025, 8:30:11 PM UTC [Modules] Streaming discord_spellcheck@1 to /home/flowy/.config/discord/0.0.84/modules/pending/discord_spellcheck-1.zip: 49%
2/4/2025, 8:30:11 PM UTC [Modules] Streaming discord_spellcheck@1 to /home/flowy/.config/discord/0.0.84/modules/pending/discord_spellcheck-1.zip: 50%
2/4/2025, 8:30:11 PM UTC [Modules] Streaming discord_spellcheck@1 to /home/flowy/.config/discord/0.0.84/modules/pending/discord_spellcheck-1.zip: 51%
2/4/2025, 8:30:11 PM UTC [Modules] Streaming discord_spellcheck@1 to /home/flowy/.config/discord/0.0.84/modules/pending/discord_spellcheck-1.zip: 52%
2/4/2025, 8:30:11 PM UTC [Modules] Streaming discord_spellcheck@1 to /home/flowy/.config/discord/0.0.84/modules/pending/discord_spellcheck-1.zip: 53%
2/4/2025, 8:30:11 PM UTC [Modules] Streaming discord_spellcheck@1 to /home/flowy/.config/discord/0.0.84/modules/pending/discord_spellcheck-1.zip: 54%
2/4/2025, 8:30:11 PM UTC [Modules] Streaming discord_spellcheck@1 to /home/flowy/.config/discord/0.0.84/modules/pending/discord_spellcheck-1.zip: 55%
2/4/2025, 8:30:11 PM UTC [Modules] Streaming discord_spellcheck@1 to /home/flowy/.config/discord/0.0.84/modules/pending/discord_spellcheck-1.zip: 56%
2/4/2025, 8:30:11 PM UTC [Modules] Streaming discord_spellcheck@1 to /home/flowy/.config/discord/0.0.84/modules/pending/discord_spellcheck-1.zip: 57%
2/4/2025, 8:30:11 PM UTC [Modules] Streaming discord_spellcheck@1 to /home/flowy/.config/discord/0.0.84/modules/pending/discord_spellcheck-1.zip: 58%
2/4/2025, 8:30:11 PM UTC [Modules] Streaming discord_spellcheck@1 to /home/flowy/.config/discord/0.0.84/modules/pending/discord_spellcheck-1.zip: 59%
2/4/2025, 8:30:11 PM UTC [Modules] Streaming discord_spellcheck@1 to /home/flowy/.config/discord/0.0.84/modules/pending/discord_spellcheck-1.zip: 60%
2/4/2025, 8:30:11 PM UTC [Modules] Streaming discord_spellcheck@1 to /home/flowy/.config/discord/0.0.84/modules/pending/discord_spellcheck-1.zip: 61%
2/4/2025, 8:30:11 PM UTC [Modules] Streaming discord_spellcheck@1 to /home/flowy/.config/discord/0.0.84/modules/pending/discord_spellcheck-1.zip: 62%
2/4/2025, 8:30:11 PM UTC [Modules] Streaming discord_spellcheck@1 to /home/flowy/.config/discord/0.0.84/modules/pending/discord_spellcheck-1.zip: 63%
2/4/2025, 8:30:11 PM UTC [Modules] Streaming discord_spellcheck@1 to /home/flowy/.config/discord/0.0.84/modules/pending/discord_spellcheck-1.zip: 64%
2/4/2025, 8:30:11 PM UTC [Modules] Streaming discord_spellcheck@1 to /home/flowy/.config/discord/0.0.84/modules/pending/discord_spellcheck-1.zip: 65%
2/4/2025, 8:30:11 PM UTC [Modules] Streaming discord_spellcheck@1 to /home/flowy/.config/discord/0.0.84/modules/pending/discord_spellcheck-1.zip: 66%
2/4/2025, 8:30:11 PM UTC [Modules] Streaming discord_spellcheck@1 to /home/flowy/.config/discord/0.0.84/modules/pending/discord_spellcheck-1.zip: 67%
2/4/2025, 8:30:11 PM UTC [Modules] Streaming discord_spellcheck@1 to /home/flowy/.config/discord/0.0.84/modules/pending/discord_spellcheck-1.zip: 68%
2/4/2025, 8:30:11 PM UTC [Modules] Streaming discord_spellcheck@1 to /home/flowy/.config/discord/0.0.84/modules/pending/discord_spellcheck-1.zip: 69%
2/4/2025, 8:30:11 PM UTC [Modules] Streaming discord_spellcheck@1 to /home/flowy/.config/discord/0.0.84/modules/pending/discord_spellcheck-1.zip: 70%
2/4/2025, 8:30:11 PM UTC [Modules] Streaming discord_spellcheck@1 to /home/flowy/.config/discord/0.0.84/modules/pending/discord_spellcheck-1.zip: 71%
2/4/2025, 8:30:11 PM UTC [Modules] Streaming discord_spellcheck@1 to /home/flowy/.config/discord/0.0.84/modules/pending/discord_spellcheck-1.zip: 72%
2/4/2025, 8:30:11 PM UTC [Modules] Streaming discord_spellcheck@1 to /home/flowy/.config/discord/0.0.84/modules/pending/discord_spellcheck-1.zip: 73%
2/4/2025, 8:30:11 PM UTC [Modules] Streaming discord_spellcheck@1 to /home/flowy/.config/discord/0.0.84/modules/pending/discord_spellcheck-1.zip: 74%
2/4/2025, 8:30:11 PM UTC [Modules] Streaming discord_spellcheck@1 to /home/flowy/.config/discord/0.0.84/modules/pending/discord_spellcheck-1.zip: 75%
2/4/2025, 8:30:11 PM UTC [Modules] Streaming discord_spellcheck@1 to /home/flowy/.config/discord/0.0.84/modules/pending/discord_spellcheck-1.zip: 76%
2/4/2025, 8:30:11 PM UTC [Modules] Streaming discord_spellcheck@1 to /home/flowy/.config/discord/0.0.84/modules/pending/discord_spellcheck-1.zip: 77%
2/4/2025, 8:30:11 PM UTC [Modules] Streaming discord_spellcheck@1 to /home/flowy/.config/discord/0.0.84/modules/pending/discord_spellcheck-1.zip: 78%
2/4/2025, 8:30:11 PM UTC [Modules] Streaming discord_spellcheck@1 to /home/flowy/.config/discord/0.0.84/modules/pending/discord_spellcheck-1.zip: 79%
2/4/2025, 8:30:11 PM UTC [Modules] Streaming discord_spellcheck@1 to /home/flowy/.config/discord/0.0.84/modules/pending/discord_spellcheck-1.zip: 80%
2/4/2025, 8:30:11 PM UTC [Modules] Streaming discord_spellcheck@1 to /home/flowy/.config/discord/0.0.84/modules/pending/discord_spellcheck-1.zip: 81%
2/4/2025, 8:30:11 PM UTC [Modules] Streaming discord_spellcheck@1 to /home/flowy/.config/discord/0.0.84/modules/pending/discord_spellcheck-1.zip: 82%
2/4/2025, 8:30:12 PM UTC [Modules] Streaming discord_spellcheck@1 to /home/flowy/.config/discord/0.0.84/modules/pending/discord_spellcheck-1.zip: 83%
2/4/2025, 8:30:12 PM UTC [Modules] Streaming discord_spellcheck@1 to /home/flowy/.config/discord/0.0.84/modules/pending/discord_spellcheck-1.zip: 84%
2/4/2025, 8:30:12 PM UTC [Modules] Streaming discord_spellcheck@1 to /home/flowy/.config/discord/0.0.84/modules/pending/discord_spellcheck-1.zip: 85%
2/4/2025, 8:30:12 PM UTC [Modules] Streaming discord_spellcheck@1 to /home/flowy/.config/discord/0.0.84/modules/pending/discord_spellcheck-1.zip: 86%
2/4/2025, 8:30:12 PM UTC [Modules] Streaming discord_spellcheck@1 to /home/flowy/.config/discord/0.0.84/modules/pending/discord_spellcheck-1.zip: 87%
2/4/2025, 8:30:12 PM UTC [Modules] Streaming discord_spellcheck@1 to /home/flowy/.config/discord/0.0.84/modules/pending/discord_spellcheck-1.zip: 88%
2/4/2025, 8:30:12 PM UTC [Modules] Streaming discord_spellcheck@1 to /home/flowy/.config/discord/0.0.84/modules/pending/discord_spellcheck-1.zip: 89%
2/4/2025, 8:30:12 PM UTC [Modules] Streaming discord_spellcheck@1 to /home/flowy/.config/discord/0.0.84/modules/pending/discord_spellcheck-1.zip: 90%
2/4/2025, 8:30:12 PM UTC [Modules] Streaming discord_spellcheck@1 to /home/flowy/.config/discord/0.0.84/modules/pending/discord_spellcheck-1.zip: 91%
2/4/2025, 8:30:12 PM UTC [Modules] Streaming discord_spellcheck@1 to /home/flowy/.config/discord/0.0.84/modules/pending/discord_spellcheck-1.zip: 92%
2/4/2025, 8:30:12 PM UTC [Modules] Streaming discord_spellcheck@1 to /home/flowy/.config/discord/0.0.84/modules/pending/discord_spellcheck-1.zip: 93%
2/4/2025, 8:30:12 PM UTC [Modules] Streaming discord_spellcheck@1 to /home/flowy/.config/discord/0.0.84/modules/pending/discord_spellcheck-1.zip: 94%
2/4/2025, 8:30:12 PM UTC [Modules] Streaming discord_spellcheck@1 to /home/flowy/.config/discord/0.0.84/modules/pending/discord_spellcheck-1.zip: 95%
2/4/2025, 8:30:12 PM UTC [Modules] Streaming discord_spellcheck@1 to /home/flowy/.config/discord/0.0.84/modules/pending/discord_spellcheck-1.zip: 96%
2/4/2025, 8:30:12 PM UTC [Modules] Streaming discord_spellcheck@1 to /home/flowy/.config/discord/0.0.84/modules/pending/discord_spellcheck-1.zip: 97%
2/4/2025, 8:30:12 PM UTC [Modules] Streaming discord_spellcheck@1 to /home/flowy/.config/discord/0.0.84/modules/pending/discord_spellcheck-1.zip: 98%
2/4/2025, 8:30:12 PM UTC [Modules] Streaming discord_spellcheck@1 to /home/flowy/.config/discord/0.0.84/modules/pending/discord_spellcheck-1.zip: 99%
2/4/2025, 8:30:12 PM UTC [Modules] Streaming discord_spellcheck@1 to /home/flowy/.config/discord/0.0.84/modules/pending/discord_spellcheck-1.zip: 100%
2/4/2025, 8:30:12 PM UTC [Modules] Fetching discord_utils@1 from https://discord.com/api/modules/stable/discord_utils/1
2/4/2025, 8:30:12 PM UTC [Modules] Streaming discord_utils@1 to /home/flowy/.config/discord/0.0.84/modules/pending/discord_utils-1.zip
2/4/2025, 8:30:13 PM UTC [Modules] Streaming discord_utils@1 to /home/flowy/.config/discord/0.0.84/modules/pending/discord_utils-1.zip: 3%
2/4/2025, 8:30:13 PM UTC [Modules] Streaming discord_utils@1 to /home/flowy/.config/discord/0.0.84/modules/pending/discord_utils-1.zip: 4%
2/4/2025, 8:30:13 PM UTC [Modules] Streaming discord_utils@1 to /home/flowy/.config/discord/0.0.84/modules/pending/discord_utils-1.zip: 5%
2/4/2025, 8:30:13 PM UTC [Modules] Streaming discord_utils@1 to /home/flowy/.config/discord/0.0.84/modules/pending/discord_utils-1.zip: 6%
2/4/2025, 8:30:13 PM UTC [Modules] Streaming discord_utils@1 to /home/flowy/.config/discord/0.0.84/modules/pending/discord_utils-1.zip: 7%
2/4/2025, 8:30:13 PM UTC [Modules] Streaming discord_utils@1 to /home/flowy/.config/discord/0.0.84/modules/pending/discord_utils-1.zip: 8%
2/4/2025, 8:30:13 PM UTC [Modules] Streaming discord_utils@1 to /home/flowy/.config/discord/0.0.84/modules/pending/discord_utils-1.zip: 9%
2/4/2025, 8:30:13 PM UTC [Modules] Streaming discord_utils@1 to /home/flowy/.config/discord/0.0.84/modules/pending/discord_utils-1.zip: 10%
2/4/2025, 8:30:13 PM UTC [Modules] Streaming discord_utils@1 to /home/flowy/.config/discord/0.0.84/modules/pending/discord_utils-1.zip: 11%
2/4/2025, 8:30:13 PM UTC [Modules] Streaming discord_utils@1 to /home/flowy/.config/discord/0.0.84/modules/pending/discord_utils-1.zip: 12%
2/4/2025, 8:30:13 PM UTC [Modules] Streaming discord_utils@1 to /home/flowy/.config/discord/0.0.84/modules/pending/discord_utils-1.zip: 13%
2/4/2025, 8:30:13 PM UTC [Modules] Streaming discord_utils@1 to /home/flowy/.config/discord/0.0.84/modules/pending/discord_utils-1.zip: 14%
2/4/2025, 8:30:13 PM UTC [Modules] Streaming discord_utils@1 to /home/flowy/.config/discord/0.0.84/modules/pending/discord_utils-1.zip: 15%
2/4/2025, 8:30:13 PM UTC [Modules] Streaming discord_utils@1 to /home/flowy/.config/discord/0.0.84/modules/pending/discord_utils-1.zip: 16%
2/4/2025, 8:30:13 PM UTC [Modules] Streaming discord_utils@1 to /home/flowy/.config/discord/0.0.84/modules/pending/discord_utils-1.zip: 17%
2/4/2025, 8:30:13 PM UTC [Modules] Streaming discord_utils@1 to /home/flowy/.config/discord/0.0.84/modules/pending/discord_utils-1.zip: 18%
2/4/2025, 8:30:13 PM UTC [Modules] Streaming discord_utils@1 to /home/flowy/.config/discord/0.0.84/modules/pending/discord_utils-1.zip: 19%
2/4/2025, 8:30:13 PM UTC [Modules] Streaming discord_utils@1 to /home/flowy/.config/discord/0.0.84/modules/pending/discord_utils-1.zip: 20%
2/4/2025, 8:30:13 PM UTC [Modules] Streaming discord_utils@1 to /home/flowy/.config/discord/0.0.84/modules/pending/discord_utils-1.zip: 21%
2/4/2025, 8:30:13 PM UTC [Modules] Streaming discord_utils@1 to /home/flowy/.config/discord/0.0.84/modules/pending/discord_utils-1.zip: 22%
2/4/2025, 8:30:13 PM UTC [Modules] Streaming discord_utils@1 to /home/flowy/.config/discord/0.0.84/modules/pending/discord_utils-1.zip: 23%
2/4/2025, 8:30:13 PM UTC [Modules] Streaming discord_utils@1 to /home/flowy/.config/discord/0.0.84/modules/pending/discord_utils-1.zip: 24%
2/4/2025, 8:30:13 PM UTC [Modules] Streaming discord_utils@1 to /home/flowy/.config/discord/0.0.84/modules/pending/discord_utils-1.zip: 25%
2/4/2025, 8:30:13 PM UTC [Modules] Streaming discord_utils@1 to /home/flowy/.config/discord/0.0.84/modules/pending/discord_utils-1.zip: 26%
2/4/2025, 8:30:13 PM UTC [Modules] Streaming discord_utils@1 to /home/flowy/.config/discord/0.0.84/modules/pending/discord_utils-1.zip: 27%
2/4/2025, 8:30:13 PM UTC [Modules] Streaming discord_utils@1 to /home/flowy/.config/discord/0.0.84/modules/pending/discord_utils-1.zip: 28%
2/4/2025, 8:30:13 PM UTC [Modules] Streaming discord_utils@1 to /home/flowy/.config/discord/0.0.84/modules/pending/discord_utils-1.zip: 29%
2/4/2025, 8:30:13 PM UTC [Modules] Streaming discord_utils@1 to /home/flowy/.config/discord/0.0.84/modules/pending/discord_utils-1.zip: 31%
2/4/2025, 8:30:13 PM UTC [Modules] Streaming discord_utils@1 to /home/flowy/.config/discord/0.0.84/modules/pending/discord_utils-1.zip: 33%
2/4/2025, 8:30:13 PM UTC [Modules] Streaming discord_utils@1 to /home/flowy/.config/discord/0.0.84/modules/pending/discord_utils-1.zip: 34%
2/4/2025, 8:30:13 PM UTC [Modules] Streaming discord_utils@1 to /home/flowy/.config/discord/0.0.84/modules/pending/discord_utils-1.zip: 35%
2/4/2025, 8:30:13 PM UTC [Modules] Streaming discord_utils@1 to /home/flowy/.config/discord/0.0.84/modules/pending/discord_utils-1.zip: 36%
2/4/2025, 8:30:13 PM UTC [Modules] Streaming discord_utils@1 to /home/flowy/.config/discord/0.0.84/modules/pending/discord_utils-1.zip: 37%
2/4/2025, 8:30:13 PM UTC [Modules] Streaming discord_utils@1 to /home/flowy/.config/discord/0.0.84/modules/pending/discord_utils-1.zip: 38%
2/4/2025, 8:30:13 PM UTC [Modules] Streaming discord_utils@1 to /home/flowy/.config/discord/0.0.84/modules/pending/discord_utils-1.zip: 40%
2/4/2025, 8:30:13 PM UTC [Modules] Streaming discord_utils@1 to /home/flowy/.config/discord/0.0.84/modules/pending/discord_utils-1.zip: 42%
2/4/2025, 8:30:13 PM UTC [Modules] Streaming discord_utils@1 to /home/flowy/.config/discord/0.0.84/modules/pending/discord_utils-1.zip: 43%
2/4/2025, 8:30:13 PM UTC [Modules] Streaming discord_utils@1 to /home/flowy/.config/discord/0.0.84/modules/pending/discord_utils-1.zip: 44%
2/4/2025, 8:30:13 PM UTC [Modules] Streaming discord_utils@1 to /home/flowy/.config/discord/0.0.84/modules/pending/discord_utils-1.zip: 45%
2/4/2025, 8:30:13 PM UTC [Modules] Streaming discord_utils@1 to /home/flowy/.config/discord/0.0.84/modules/pending/discord_utils-1.zip: 46%
2/4/2025, 8:30:13 PM UTC [Modules] Streaming discord_utils@1 to /home/flowy/.config/discord/0.0.84/modules/pending/discord_utils-1.zip: 47%
2/4/2025, 8:30:13 PM UTC [Modules] Streaming discord_utils@1 to /home/flowy/.config/discord/0.0.84/modules/pending/discord_utils-1.zip: 48%
2/4/2025, 8:30:13 PM UTC [Modules] Streaming discord_utils@1 to /home/flowy/.config/discord/0.0.84/modules/pending/discord_utils-1.zip: 49%
2/4/2025, 8:30:13 PM UTC [Modules] Streaming discord_utils@1 to /home/flowy/.config/discord/0.0.84/modules/pending/discord_utils-1.zip: 50%
2/4/2025, 8:30:13 PM UTC [Modules] Streaming discord_utils@1 to /home/flowy/.config/discord/0.0.84/modules/pending/discord_utils-1.zip: 51%
2/4/2025, 8:30:13 PM UTC [Modules] Streaming discord_utils@1 to /home/flowy/.config/discord/0.0.84/modules/pending/discord_utils-1.zip: 52%
2/4/2025, 8:30:13 PM UTC [Modules] Streaming discord_utils@1 to /home/flowy/.config/discord/0.0.84/modules/pending/discord_utils-1.zip: 53%
2/4/2025, 8:30:13 PM UTC [Modules] Streaming discord_utils@1 to /home/flowy/.config/discord/0.0.84/modules/pending/discord_utils-1.zip: 54%
2/4/2025, 8:30:13 PM UTC [Modules] Streaming discord_utils@1 to /home/flowy/.config/discord/0.0.84/modules/pending/discord_utils-1.zip: 55%
2/4/2025, 8:30:13 PM UTC [Modules] Streaming discord_utils@1 to /home/flowy/.config/discord/0.0.84/modules/pending/discord_utils-1.zip: 56%
2/4/2025, 8:30:13 PM UTC [Modules] Streaming discord_utils@1 to /home/flowy/.config/discord/0.0.84/modules/pending/discord_utils-1.zip: 57%
2/4/2025, 8:30:13 PM UTC [Modules] Streaming discord_utils@1 to /home/flowy/.config/discord/0.0.84/modules/pending/discord_utils-1.zip: 58%
2/4/2025, 8:30:13 PM UTC [Modules] Streaming discord_utils@1 to /home/flowy/.config/discord/0.0.84/modules/pending/discord_utils-1.zip: 59%
2/4/2025, 8:30:13 PM UTC [Modules] Streaming discord_utils@1 to /home/flowy/.config/discord/0.0.84/modules/pending/discord_utils-1.zip: 60%
2/4/2025, 8:30:13 PM UTC [Modules] Streaming discord_utils@1 to /home/flowy/.config/discord/0.0.84/modules/pending/discord_utils-1.zip: 61%
2/4/2025, 8:30:13 PM UTC [Modules] Streaming discord_utils@1 to /home/flowy/.config/discord/0.0.84/modules/pending/discord_utils-1.zip: 62%
2/4/2025, 8:30:13 PM UTC [Modules] Streaming discord_utils@1 to /home/flowy/.config/discord/0.0.84/modules/pending/discord_utils-1.zip: 63%
2/4/2025, 8:30:13 PM UTC [Modules] Streaming discord_utils@1 to /home/flowy/.config/discord/0.0.84/modules/pending/discord_utils-1.zip: 64%
2/4/2025, 8:30:13 PM UTC [Modules] Streaming discord_utils@1 to /home/flowy/.config/discord/0.0.84/modules/pending/discord_utils-1.zip: 65%
2/4/2025, 8:30:13 PM UTC [Modules] Streaming discord_utils@1 to /home/flowy/.config/discord/0.0.84/modules/pending/discord_utils-1.zip: 66%
2/4/2025, 8:30:13 PM UTC [Modules] Streaming discord_utils@1 to /home/flowy/.config/discord/0.0.84/modules/pending/discord_utils-1.zip: 67%
2/4/2025, 8:30:13 PM UTC [Modules] Streaming discord_utils@1 to /home/flowy/.config/discord/0.0.84/modules/pending/discord_utils-1.zip: 68%
2/4/2025, 8:30:13 PM UTC [Modules] Streaming discord_utils@1 to /home/flowy/.config/discord/0.0.84/modules/pending/discord_utils-1.zip: 69%
2/4/2025, 8:30:13 PM UTC [Modules] Streaming discord_utils@1 to /home/flowy/.config/discord/0.0.84/modules/pending/discord_utils-1.zip: 70%
2/4/2025, 8:30:13 PM UTC [Modules] Streaming discord_utils@1 to /home/flowy/.config/discord/0.0.84/modules/pending/discord_utils-1.zip: 71%
2/4/2025, 8:30:13 PM UTC [Modules] Streaming discord_utils@1 to /home/flowy/.config/discord/0.0.84/modules/pending/discord_utils-1.zip: 72%
2/4/2025, 8:30:13 PM UTC [Modules] Streaming discord_utils@1 to /home/flowy/.config/discord/0.0.84/modules/pending/discord_utils-1.zip: 73%
2/4/2025, 8:30:13 PM UTC [Modules] Streaming discord_utils@1 to /home/flowy/.config/discord/0.0.84/modules/pending/discord_utils-1.zip: 74%
2/4/2025, 8:30:13 PM UTC [Modules] Streaming discord_utils@1 to /home/flowy/.config/discord/0.0.84/modules/pending/discord_utils-1.zip: 75%
2/4/2025, 8:30:13 PM UTC [Modules] Streaming discord_utils@1 to /home/flowy/.config/discord/0.0.84/modules/pending/discord_utils-1.zip: 76%
2/4/2025, 8:30:13 PM UTC [Modules] Streaming discord_utils@1 to /home/flowy/.config/discord/0.0.84/modules/pending/discord_utils-1.zip: 77%
2/4/2025, 8:30:13 PM UTC [Modules] Streaming discord_utils@1 to /home/flowy/.config/discord/0.0.84/modules/pending/discord_utils-1.zip: 78%
2/4/2025, 8:30:13 PM UTC [Modules] Streaming discord_utils@1 to /home/flowy/.config/discord/0.0.84/modules/pending/discord_utils-1.zip: 79%
2/4/2025, 8:30:13 PM UTC [Modules] Streaming discord_utils@1 to /home/flowy/.config/discord/0.0.84/modules/pending/discord_utils-1.zip: 80%
2/4/2025, 8:30:13 PM UTC [Modules] Streaming discord_utils@1 to /home/flowy/.config/discord/0.0.84/modules/pending/discord_utils-1.zip: 81%
2/4/2025, 8:30:13 PM UTC [Modules] Streaming discord_utils@1 to /home/flowy/.config/discord/0.0.84/modules/pending/discord_utils-1.zip: 82%
2/4/2025, 8:30:13 PM UTC [Modules] Streaming discord_utils@1 to /home/flowy/.config/discord/0.0.84/modules/pending/discord_utils-1.zip: 83%
2/4/2025, 8:30:13 PM UTC [Modules] Streaming discord_utils@1 to /home/flowy/.config/discord/0.0.84/modules/pending/discord_utils-1.zip: 84%
2/4/2025, 8:30:13 PM UTC [Modules] Streaming discord_utils@1 to /home/flowy/.config/discord/0.0.84/modules/pending/discord_utils-1.zip: 85%
2/4/2025, 8:30:13 PM UTC [Modules] Streaming discord_utils@1 to /home/flowy/.config/discord/0.0.84/modules/pending/discord_utils-1.zip: 86%
2/4/2025, 8:30:13 PM UTC [Modules] Streaming discord_utils@1 to /home/flowy/.config/discord/0.0.84/modules/pending/discord_utils-1.zip: 87%
2/4/2025, 8:30:13 PM UTC [Modules] Streaming discord_utils@1 to /home/flowy/.config/discord/0.0.84/modules/pending/discord_utils-1.zip: 88%
2/4/2025, 8:30:13 PM UTC [Modules] Streaming discord_utils@1 to /home/flowy/.config/discord/0.0.84/modules/pending/discord_utils-1.zip: 89%
2/4/2025, 8:30:13 PM UTC [Modules] Streaming discord_utils@1 to /home/flowy/.config/discord/0.0.84/modules/pending/discord_utils-1.zip: 90%
2/4/2025, 8:30:14 PM UTC [Modules] Streaming discord_utils@1 to /home/flowy/.config/discord/0.0.84/modules/pending/discord_utils-1.zip: 91%
2/4/2025, 8:30:14 PM UTC [Modules] Streaming discord_utils@1 to /home/flowy/.config/discord/0.0.84/modules/pending/discord_utils-1.zip: 92%
2/4/2025, 8:30:14 PM UTC [Modules] Streaming discord_utils@1 to /home/flowy/.config/discord/0.0.84/modules/pending/discord_utils-1.zip: 93%
2/4/2025, 8:30:14 PM UTC [Modules] Streaming discord_utils@1 to /home/flowy/.config/discord/0.0.84/modules/pending/discord_utils-1.zip: 94%
2/4/2025, 8:30:14 PM UTC [Modules] Streaming discord_utils@1 to /home/flowy/.config/discord/0.0.84/modules/pending/discord_utils-1.zip: 95%
2/4/2025, 8:30:14 PM UTC [Modules] Streaming discord_utils@1 to /home/flowy/.config/discord/0.0.84/modules/pending/discord_utils-1.zip: 96%
2/4/2025, 8:30:14 PM UTC [Modules] Streaming discord_utils@1 to /home/flowy/.config/discord/0.0.84/modules/pending/discord_utils-1.zip: 97%
2/4/2025, 8:30:14 PM UTC [Modules] Streaming discord_utils@1 to /home/flowy/.config/discord/0.0.84/modules/pending/discord_utils-1.zip: 98%
2/4/2025, 8:30:14 PM UTC [Modules] Streaming discord_utils@1 to /home/flowy/.config/discord/0.0.84/modules/pending/discord_utils-1.zip: 99%
2/4/2025, 8:30:14 PM UTC [Modules] Streaming discord_utils@1 to /home/flowy/.config/discord/0.0.84/modules/pending/discord_utils-1.zip: 100%
2/4/2025, 8:30:14 PM UTC [Modules] Fetching discord_voice@1 from https://discord.com/api/modules/stable/discord_voice/1
2/4/2025, 8:30:14 PM UTC [Modules] Streaming discord_voice@1 to /home/flowy/.config/discord/0.0.84/modules/pending/discord_voice-1.zip
2/4/2025, 8:30:15 PM UTC [Modules] Streaming discord_voice@1 to /home/flowy/.config/discord/0.0.84/modules/pending/discord_voice-1.zip: 1%
2/4/2025, 8:30:15 PM UTC [Modules] Streaming discord_voice@1 to /home/flowy/.config/discord/0.0.84/modules/pending/discord_voice-1.zip: 2%
2/4/2025, 8:30:15 PM UTC [Modules] Streaming discord_voice@1 to /home/flowy/.config/discord/0.0.84/modules/pending/discord_voice-1.zip: 3%
2/4/2025, 8:30:15 PM UTC [Modules] Streaming discord_voice@1 to /home/flowy/.config/discord/0.0.84/modules/pending/discord_voice-1.zip: 4%
2/4/2025, 8:30:15 PM UTC [Modules] Streaming discord_voice@1 to /home/flowy/.config/discord/0.0.84/modules/pending/discord_voice-1.zip: 5%
2/4/2025, 8:30:15 PM UTC [Modules] Streaming discord_voice@1 to /home/flowy/.config/discord/0.0.84/modules/pending/discord_voice-1.zip: 6%
2/4/2025, 8:30:15 PM UTC [Modules] Streaming discord_voice@1 to /home/flowy/.config/discord/0.0.84/modules/pending/discord_voice-1.zip: 7%
2/4/2025, 8:30:15 PM UTC [Modules] Streaming discord_voice@1 to /home/flowy/.config/discord/0.0.84/modules/pending/discord_voice-1.zip: 8%
2/4/2025, 8:30:15 PM UTC [Modules] Streaming discord_voice@1 to /home/flowy/.config/discord/0.0.84/modules/pending/discord_voice-1.zip: 9%
2/4/2025, 8:30:15 PM UTC [Modules] Streaming discord_voice@1 to /home/flowy/.config/discord/0.0.84/modules/pending/discord_voice-1.zip: 10%
2/4/2025, 8:30:15 PM UTC [Modules] Streaming discord_voice@1 to /home/flowy/.config/discord/0.0.84/modules/pending/discord_voice-1.zip: 11%
2/4/2025, 8:30:15 PM UTC [Modules] Streaming discord_voice@1 to /home/flowy/.config/discord/0.0.84/modules/pending/discord_voice-1.zip: 12%
2/4/2025, 8:30:15 PM UTC [Modules] Streaming discord_voice@1 to /home/flowy/.config/discord/0.0.84/modules/pending/discord_voice-1.zip: 13%
2/4/2025, 8:30:15 PM UTC [Modules] Streaming discord_voice@1 to /home/flowy/.config/discord/0.0.84/modules/pending/discord_voice-1.zip: 14%
2/4/2025, 8:30:15 PM UTC [Modules] Streaming discord_voice@1 to /home/flowy/.config/discord/0.0.84/modules/pending/discord_voice-1.zip: 15%
2/4/2025, 8:30:15 PM UTC [Modules] Streaming discord_voice@1 to /home/flowy/.config/discord/0.0.84/modules/pending/discord_voice-1.zip: 16%
2/4/2025, 8:30:15 PM UTC [Modules] Streaming discord_voice@1 to /home/flowy/.config/discord/0.0.84/modules/pending/discord_voice-1.zip: 17%
2/4/2025, 8:30:15 PM UTC [Modules] Streaming discord_voice@1 to /home/flowy/.config/discord/0.0.84/modules/pending/discord_voice-1.zip: 18%
2/4/2025, 8:30:16 PM UTC [Modules] Streaming discord_voice@1 to /home/flowy/.config/discord/0.0.84/modules/pending/discord_voice-1.zip: 19%
2/4/2025, 8:30:16 PM UTC [Modules] Streaming discord_voice@1 to /home/flowy/.config/discord/0.0.84/modules/pending/discord_voice-1.zip: 20%
2/4/2025, 8:30:16 PM UTC [Modules] Streaming discord_voice@1 to /home/flowy/.config/discord/0.0.84/modules/pending/discord_voice-1.zip: 21%
2/4/2025, 8:30:16 PM UTC [Modules] Streaming discord_voice@1 to /home/flowy/.config/discord/0.0.84/modules/pending/discord_voice-1.zip: 22%
2/4/2025, 8:30:16 PM UTC [Modules] Streaming discord_voice@1 to /home/flowy/.config/discord/0.0.84/modules/pending/discord_voice-1.zip: 23%
2/4/2025, 8:30:16 PM UTC [Modules] Streaming discord_voice@1 to /home/flowy/.config/discord/0.0.84/modules/pending/discord_voice-1.zip: 24%
2/4/2025, 8:30:16 PM UTC [Modules] Streaming discord_voice@1 to /home/flowy/.config/discord/0.0.84/modules/pending/discord_voice-1.zip: 25%
2/4/2025, 8:30:16 PM UTC [Modules] Streaming discord_voice@1 to /home/flowy/.config/discord/0.0.84/modules/pending/discord_voice-1.zip: 26%
2/4/2025, 8:30:16 PM UTC [Modules] Streaming discord_voice@1 to /home/flowy/.config/discord/0.0.84/modules/pending/discord_voice-1.zip: 27%
2/4/2025, 8:30:16 PM UTC [Modules] Streaming discord_voice@1 to /home/flowy/.config/discord/0.0.84/modules/pending/discord_voice-1.zip: 28%
2/4/2025, 8:30:16 PM UTC [Modules] Streaming discord_voice@1 to /home/flowy/.config/discord/0.0.84/modules/pending/discord_voice-1.zip: 29%
2/4/2025, 8:30:16 PM UTC [Modules] Streaming discord_voice@1 to /home/flowy/.config/discord/0.0.84/modules/pending/discord_voice-1.zip: 30%
2/4/2025, 8:30:16 PM UTC [Modules] Streaming discord_voice@1 to /home/flowy/.config/discord/0.0.84/modules/pending/discord_voice-1.zip: 31%
2/4/2025, 8:30:16 PM UTC [Modules] Streaming discord_voice@1 to /home/flowy/.config/discord/0.0.84/modules/pending/discord_voice-1.zip: 32%
2/4/2025, 8:30:16 PM UTC [Modules] Streaming discord_voice@1 to /home/flowy/.config/discord/0.0.84/modules/pending/discord_voice-1.zip: 33%
2/4/2025, 8:30:16 PM UTC [Modules] Streaming discord_voice@1 to /home/flowy/.config/discord/0.0.84/modules/pending/discord_voice-1.zip: 34%
2/4/2025, 8:30:16 PM UTC [Modules] Streaming discord_voice@1 to /home/flowy/.config/discord/0.0.84/modules/pending/discord_voice-1.zip: 35%
2/4/2025, 8:30:16 PM UTC [Modules] Streaming discord_voice@1 to /home/flowy/.config/discord/0.0.84/modules/pending/discord_voice-1.zip: 36%
2/4/2025, 8:30:16 PM UTC [Modules] Streaming discord_voice@1 to /home/flowy/.config/discord/0.0.84/modules/pending/discord_voice-1.zip: 37%
2/4/2025, 8:30:17 PM UTC [Modules] Streaming discord_voice@1 to /home/flowy/.config/discord/0.0.84/modules/pending/discord_voice-1.zip: 38%
2/4/2025, 8:30:17 PM UTC [Modules] Streaming discord_voice@1 to /home/flowy/.config/discord/0.0.84/modules/pending/discord_voice-1.zip: 39%
2/4/2025, 8:30:17 PM UTC [Modules] Streaming discord_voice@1 to /home/flowy/.config/discord/0.0.84/modules/pending/discord_voice-1.zip: 40%
2/4/2025, 8:30:17 PM UTC [Modules] Streaming discord_voice@1 to /home/flowy/.config/discord/0.0.84/modules/pending/discord_voice-1.zip: 41%
2/4/2025, 8:30:17 PM UTC [Modules] Streaming discord_voice@1 to /home/flowy/.config/discord/0.0.84/modules/pending/discord_voice-1.zip: 42%
2/4/2025, 8:30:17 PM UTC [Modules] Streaming discord_voice@1 to /home/flowy/.config/discord/0.0.84/modules/pending/discord_voice-1.zip: 43%
2/4/2025, 8:30:17 PM UTC [Modules] Streaming discord_voice@1 to /home/flowy/.config/discord/0.0.84/modules/pending/discord_voice-1.zip: 44%
2/4/2025, 8:30:17 PM UTC [Modules] Streaming discord_voice@1 to /home/flowy/.config/discord/0.0.84/modules/pending/discord_voice-1.zip: 45%
2/4/2025, 8:30:17 PM UTC [Modules] Streaming discord_voice@1 to /home/flowy/.config/discord/0.0.84/modules/pending/discord_voice-1.zip: 46%
2/4/2025, 8:30:17 PM UTC [Modules] Streaming discord_voice@1 to /home/flowy/.config/discord/0.0.84/modules/pending/discord_voice-1.zip: 47%
2/4/2025, 8:30:17 PM UTC [Modules] Streaming discord_voice@1 to /home/flowy/.config/discord/0.0.84/modules/pending/discord_voice-1.zip: 48%
2/4/2025, 8:30:17 PM UTC [Modules] Streaming discord_voice@1 to /home/flowy/.config/discord/0.0.84/modules/pending/discord_voice-1.zip: 49%
2/4/2025, 8:30:17 PM UTC [Modules] Streaming discord_voice@1 to /home/flowy/.config/discord/0.0.84/modules/pending/discord_voice-1.zip: 50%
2/4/2025, 8:30:17 PM UTC [Modules] Streaming discord_voice@1 to /home/flowy/.config/discord/0.0.84/modules/pending/discord_voice-1.zip: 51%
2/4/2025, 8:30:17 PM UTC [Modules] Streaming discord_voice@1 to /home/flowy/.config/discord/0.0.84/modules/pending/discord_voice-1.zip: 52%
2/4/2025, 8:30:17 PM UTC [Modules] Streaming discord_voice@1 to /home/flowy/.config/discord/0.0.84/modules/pending/discord_voice-1.zip: 53%
2/4/2025, 8:30:17 PM UTC [Modules] Streaming discord_voice@1 to /home/flowy/.config/discord/0.0.84/modules/pending/discord_voice-1.zip: 54%
2/4/2025, 8:30:17 PM UTC [Modules] Streaming discord_voice@1 to /home/flowy/.config/discord/0.0.84/modules/pending/discord_voice-1.zip: 55%
2/4/2025, 8:30:18 PM UTC [Modules] Streaming discord_voice@1 to /home/flowy/.config/discord/0.0.84/modules/pending/discord_voice-1.zip: 56%
2/4/2025, 8:30:18 PM UTC [Modules] Streaming discord_voice@1 to /home/flowy/.config/discord/0.0.84/modules/pending/discord_voice-1.zip: 57%
2/4/2025, 8:30:18 PM UTC [Modules] Streaming discord_voice@1 to /home/flowy/.config/discord/0.0.84/modules/pending/discord_voice-1.zip: 58%
2/4/2025, 8:30:18 PM UTC [Modules] Streaming discord_voice@1 to /home/flowy/.config/discord/0.0.84/modules/pending/discord_voice-1.zip: 59%
2/4/2025, 8:30:18 PM UTC [Modules] Streaming discord_voice@1 to /home/flowy/.config/discord/0.0.84/modules/pending/discord_voice-1.zip: 60%
2/4/2025, 8:30:18 PM UTC [Modules] Streaming discord_voice@1 to /home/flowy/.config/discord/0.0.84/modules/pending/discord_voice-1.zip: 61%
2/4/2025, 8:30:18 PM UTC [Modules] Streaming discord_voice@1 to /home/flowy/.config/discord/0.0.84/modules/pending/discord_voice-1.zip: 62%
2/4/2025, 8:30:18 PM UTC [Modules] Streaming discord_voice@1 to /home/flowy/.config/discord/0.0.84/modules/pending/discord_voice-1.zip: 63%
2/4/2025, 8:30:18 PM UTC [Modules] Streaming discord_voice@1 to /home/flowy/.config/discord/0.0.84/modules/pending/discord_voice-1.zip: 64%
2/4/2025, 8:30:18 PM UTC [Modules] Streaming discord_voice@1 to /home/flowy/.config/discord/0.0.84/modules/pending/discord_voice-1.zip: 65%
2/4/2025, 8:30:18 PM UTC [Modules] Streaming discord_voice@1 to /home/flowy/.config/discord/0.0.84/modules/pending/discord_voice-1.zip: 66%
2/4/2025, 8:30:18 PM UTC [Modules] Streaming discord_voice@1 to /home/flowy/.config/discord/0.0.84/modules/pending/discord_voice-1.zip: 67%
2/4/2025, 8:30:18 PM UTC [Modules] Streaming discord_voice@1 to /home/flowy/.config/discord/0.0.84/modules/pending/discord_voice-1.zip: 68%
2/4/2025, 8:30:18 PM UTC [Modules] Streaming discord_voice@1 to /home/flowy/.config/discord/0.0.84/modules/pending/discord_voice-1.zip: 69%
2/4/2025, 8:30:18 PM UTC [Modules] Streaming discord_voice@1 to /home/flowy/.config/discord/0.0.84/modules/pending/discord_voice-1.zip: 70%
2/4/2025, 8:30:18 PM UTC [Modules] Streaming discord_voice@1 to /home/flowy/.config/discord/0.0.84/modules/pending/discord_voice-1.zip: 71%
2/4/2025, 8:30:18 PM UTC [Modules] Streaming discord_voice@1 to /home/flowy/.config/discord/0.0.84/modules/pending/discord_voice-1.zip: 72%
2/4/2025, 8:30:18 PM UTC [Modules] Streaming discord_voice@1 to /home/flowy/.config/discord/0.0.84/modules/pending/discord_voice-1.zip: 73%
2/4/2025, 8:30:18 PM UTC [Modules] Streaming discord_voice@1 to /home/flowy/.config/discord/0.0.84/modules/pending/discord_voice-1.zip: 74%
2/4/2025, 8:30:19 PM UTC [Modules] Streaming discord_voice@1 to /home/flowy/.config/discord/0.0.84/modules/pending/discord_voice-1.zip: 75%
2/4/2025, 8:30:19 PM UTC [Modules] Streaming discord_voice@1 to /home/flowy/.config/discord/0.0.84/modules/pending/discord_voice-1.zip: 76%
2/4/2025, 8:30:19 PM UTC [Modules] Streaming discord_voice@1 to /home/flowy/.config/discord/0.0.84/modules/pending/discord_voice-1.zip: 77%
2/4/2025, 8:30:19 PM UTC [Modules] Streaming discord_voice@1 to /home/flowy/.config/discord/0.0.84/modules/pending/discord_voice-1.zip: 78%
2/4/2025, 8:30:19 PM UTC [Modules] Streaming discord_voice@1 to /home/flowy/.config/discord/0.0.84/modules/pending/discord_voice-1.zip: 79%
2/4/2025, 8:30:19 PM UTC [Modules] Streaming discord_voice@1 to /home/flowy/.config/discord/0.0.84/modules/pending/discord_voice-1.zip: 80%
2/4/2025, 8:30:19 PM UTC [Modules] Streaming discord_voice@1 to /home/flowy/.config/discord/0.0.84/modules/pending/discord_voice-1.zip: 81%
2/4/2025, 8:30:19 PM UTC [Modules] Streaming discord_voice@1 to /home/flowy/.config/discord/0.0.84/modules/pending/discord_voice-1.zip: 82%
2/4/2025, 8:30:19 PM UTC [Modules] Streaming discord_voice@1 to /home/flowy/.config/discord/0.0.84/modules/pending/discord_voice-1.zip: 83%
2/4/2025, 8:30:19 PM UTC [Modules] Streaming discord_voice@1 to /home/flowy/.config/discord/0.0.84/modules/pending/discord_voice-1.zip: 84%
2/4/2025, 8:30:19 PM UTC [Modules] Streaming discord_voice@1 to /home/flowy/.config/discord/0.0.84/modules/pending/discord_voice-1.zip: 85%
2/4/2025, 8:30:19 PM UTC [Modules] Streaming discord_voice@1 to /home/flowy/.config/discord/0.0.84/modules/pending/discord_voice-1.zip: 86%
2/4/2025, 8:30:19 PM UTC [Modules] Streaming discord_voice@1 to /home/flowy/.config/discord/0.0.84/modules/pending/discord_voice-1.zip: 87%
2/4/2025, 8:30:19 PM UTC [Modules] Streaming discord_voice@1 to /home/flowy/.config/discord/0.0.84/modules/pending/discord_voice-1.zip: 88%
2/4/2025, 8:30:19 PM UTC [Modules] Streaming discord_voice@1 to /home/flowy/.config/discord/0.0.84/modules/pending/discord_voice-1.zip: 89%
2/4/2025, 8:30:19 PM UTC [Modules] Streaming discord_voice@1 to /home/flowy/.config/discord/0.0.84/modules/pending/discord_voice-1.zip: 90%
2/4/2025, 8:30:19 PM UTC [Modules] Streaming discord_voice@1 to /home/flowy/.config/discord/0.0.84/modules/pending/discord_voice-1.zip: 91%
2/4/2025, 8:30:19 PM UTC [Modules] Streaming discord_voice@1 to /home/flowy/.config/discord/0.0.84/modules/pending/discord_voice-1.zip: 92%
2/4/2025, 8:30:19 PM UTC [Modules] Streaming discord_voice@1 to /home/flowy/.config/discord/0.0.84/modules/pending/discord_voice-1.zip: 93%
2/4/2025, 8:30:20 PM UTC [Modules] Streaming discord_voice@1 to /home/flowy/.config/discord/0.0.84/modules/pending/discord_voice-1.zip: 94%
2/4/2025, 8:30:20 PM UTC [Modules] Streaming discord_voice@1 to /home/flowy/.config/discord/0.0.84/modules/pending/discord_voice-1.zip: 95%
2/4/2025, 8:30:20 PM UTC [Modules] Streaming discord_voice@1 to /home/flowy/.config/discord/0.0.84/modules/pending/discord_voice-1.zip: 96%
2/4/2025, 8:30:20 PM UTC [Modules] Streaming discord_voice@1 to /home/flowy/.config/discord/0.0.84/modules/pending/discord_voice-1.zip: 97%
2/4/2025, 8:30:20 PM UTC [Modules] Streaming discord_voice@1 to /home/flowy/.config/discord/0.0.84/modules/pending/discord_voice-1.zip: 98%
2/4/2025, 8:30:20 PM UTC [Modules] Streaming discord_voice@1 to /home/flowy/.config/discord/0.0.84/modules/pending/discord_voice-1.zip: 99%
2/4/2025, 8:30:20 PM UTC [Modules] Streaming discord_voice@1 to /home/flowy/.config/discord/0.0.84/modules/pending/discord_voice-1.zip: 100%
2/4/2025, 8:30:20 PM UTC [Modules] Fetching discord_zstd@1 from https://discord.com/api/modules/stable/discord_zstd/1
2/4/2025, 8:30:20 PM UTC [Modules] Streaming discord_zstd@1 to /home/flowy/.config/discord/0.0.84/modules/pending/discord_zstd-1.zip
2/4/2025, 8:30:21 PM UTC [Modules] Streaming discord_zstd@1 to /home/flowy/.config/discord/0.0.84/modules/pending/discord_zstd-1.zip: 2%
2/4/2025, 8:30:21 PM UTC [Modules] Streaming discord_zstd@1 to /home/flowy/.config/discord/0.0.84/modules/pending/discord_zstd-1.zip: 29%
2/4/2025, 8:30:21 PM UTC [Modules] Streaming discord_zstd@1 to /home/flowy/.config/discord/0.0.84/modules/pending/discord_zstd-1.zip: 31%
2/4/2025, 8:30:21 PM UTC [Modules] Streaming discord_zstd@1 to /home/flowy/.config/discord/0.0.84/modules/pending/discord_zstd-1.zip: 32%
2/4/2025, 8:30:21 PM UTC [Modules] Streaming discord_zstd@1 to /home/flowy/.config/discord/0.0.84/modules/pending/discord_zstd-1.zip: 34%
2/4/2025, 8:30:21 PM UTC [Modules] Streaming discord_zstd@1 to /home/flowy/.config/discord/0.0.84/modules/pending/discord_zstd-1.zip: 36%
2/4/2025, 8:30:21 PM UTC [Modules] Streaming discord_zstd@1 to /home/flowy/.config/discord/0.0.84/modules/pending/discord_zstd-1.zip: 37%
2/4/2025, 8:30:21 PM UTC [Modules] Streaming discord_zstd@1 to /home/flowy/.config/discord/0.0.84/modules/pending/discord_zstd-1.zip: 38%
2/4/2025, 8:30:21 PM UTC [Modules] Streaming discord_zstd@1 to /home/flowy/.config/discord/0.0.84/modules/pending/discord_zstd-1.zip: 39%
2/4/2025, 8:30:21 PM UTC [Modules] Streaming discord_zstd@1 to /home/flowy/.config/discord/0.0.84/modules/pending/discord_zstd-1.zip: 40%
2/4/2025, 8:30:21 PM UTC [Modules] Streaming discord_zstd@1 to /home/flowy/.config/discord/0.0.84/modules/pending/discord_zstd-1.zip: 41%
2/4/2025, 8:30:21 PM UTC [Modules] Streaming discord_zstd@1 to /home/flowy/.config/discord/0.0.84/modules/pending/discord_zstd-1.zip: 42%
2/4/2025, 8:30:21 PM UTC [Modules] Streaming discord_zstd@1 to /home/flowy/.config/discord/0.0.84/modules/pending/discord_zstd-1.zip: 45%
2/4/2025, 8:30:21 PM UTC [Modules] Streaming discord_zstd@1 to /home/flowy/.config/discord/0.0.84/modules/pending/discord_zstd-1.zip: 51%
2/4/2025, 8:30:21 PM UTC [Modules] Streaming discord_zstd@1 to /home/flowy/.config/discord/0.0.84/modules/pending/discord_zstd-1.zip: 52%
2/4/2025, 8:30:21 PM UTC [Modules] Streaming discord_zstd@1 to /home/flowy/.config/discord/0.0.84/modules/pending/discord_zstd-1.zip: 69%
2/4/2025, 8:30:21 PM UTC [Modules] Streaming discord_zstd@1 to /home/flowy/.config/discord/0.0.84/modules/pending/discord_zstd-1.zip: 71%
2/4/2025, 8:30:21 PM UTC [Modules] Streaming discord_zstd@1 to /home/flowy/.config/discord/0.0.84/modules/pending/discord_zstd-1.zip: 72%
2/4/2025, 8:30:21 PM UTC [Modules] Streaming discord_zstd@1 to /home/flowy/.config/discord/0.0.84/modules/pending/discord_zstd-1.zip: 73%
2/4/2025, 8:30:21 PM UTC [Modules] Streaming discord_zstd@1 to /home/flowy/.config/discord/0.0.84/modules/pending/discord_zstd-1.zip: 74%
2/4/2025, 8:30:21 PM UTC [Modules] Streaming discord_zstd@1 to /home/flowy/.config/discord/0.0.84/modules/pending/discord_zstd-1.zip: 76%
2/4/2025, 8:30:21 PM UTC [Modules] Streaming discord_zstd@1 to /home/flowy/.config/discord/0.0.84/modules/pending/discord_zstd-1.zip: 77%
2/4/2025, 8:30:21 PM UTC [Modules] Streaming discord_zstd@1 to /home/flowy/.config/discord/0.0.84/modules/pending/discord_zstd-1.zip: 79%
2/4/2025, 8:30:21 PM UTC [Modules] Streaming discord_zstd@1 to /home/flowy/.config/discord/0.0.84/modules/pending/discord_zstd-1.zip: 82%
2/4/2025, 8:30:21 PM UTC [Modules] Streaming discord_zstd@1 to /home/flowy/.config/discord/0.0.84/modules/pending/discord_zstd-1.zip: 84%
2/4/2025, 8:30:21 PM UTC [Modules] Streaming discord_zstd@1 to /home/flowy/.config/discord/0.0.84/modules/pending/discord_zstd-1.zip: 86%
2/4/2025, 8:30:21 PM UTC [Modules] Streaming discord_zstd@1 to /home/flowy/.config/discord/0.0.84/modules/pending/discord_zstd-1.zip: 87%
2/4/2025, 8:30:21 PM UTC [Modules] Streaming discord_zstd@1 to /home/flowy/.config/discord/0.0.84/modules/pending/discord_zstd-1.zip: 88%
2/4/2025, 8:30:21 PM UTC [Modules] Streaming discord_zstd@1 to /home/flowy/.config/discord/0.0.84/modules/pending/discord_zstd-1.zip: 89%
2/4/2025, 8:30:21 PM UTC [Modules] Streaming discord_zstd@1 to /home/flowy/.config/discord/0.0.84/modules/pending/discord_zstd-1.zip: 91%
2/4/2025, 8:30:21 PM UTC [Modules] Streaming discord_zstd@1 to /home/flowy/.config/discord/0.0.84/modules/pending/discord_zstd-1.zip: 92%
2/4/2025, 8:30:21 PM UTC [Modules] Streaming discord_zstd@1 to /home/flowy/.config/discord/0.0.84/modules/pending/discord_zstd-1.zip: 94%
2/4/2025, 8:30:21 PM UTC [Modules] Streaming discord_zstd@1 to /home/flowy/.config/discord/0.0.84/modules/pending/discord_zstd-1.zip: 95%
2/4/2025, 8:30:21 PM UTC [Modules] Streaming discord_zstd@1 to /home/flowy/.config/discord/0.0.84/modules/pending/discord_zstd-1.zip: 96%
2/4/2025, 8:30:21 PM UTC [Modules] Streaming discord_zstd@1 to /home/flowy/.config/discord/0.0.84/modules/pending/discord_zstd-1.zip: 97%
2/4/2025, 8:30:21 PM UTC [Modules] Streaming discord_zstd@1 to /home/flowy/.config/discord/0.0.84/modules/pending/discord_zstd-1.zip: 100%
2/4/2025, 8:30:21 PM UTC [Modules] Finished module downloads. [success: 6] [failure: 0]
2/4/2025, 8:30:21 PM UTC [Modules] Installing updates...
2/4/2025, 8:30:21 PM UTC [Modules] Installing discord_desktop_core@1 from /home/flowy/.config/discord/0.0.84/modules/pending/discord_desktop_core-1.zip
2/4/2025, 8:30:21 PM UTC [Modules] Installing discord_erlpack@1 from /home/flowy/.config/discord/0.0.84/modules/pending/discord_erlpack-1.zip
2/4/2025, 8:30:21 PM UTC [Modules] Installing discord_spellcheck@1 from /home/flowy/.config/discord/0.0.84/modules/pending/discord_spellcheck-1.zip
2/4/2025, 8:30:22 PM UTC [Modules] Installing discord_utils@1 from /home/flowy/.config/discord/0.0.84/modules/pending/discord_utils-1.zip
2/4/2025, 8:30:22 PM UTC [Modules] Installing discord_voice@1 from /home/flowy/.config/discord/0.0.84/modules/pending/discord_voice-1.zip
2/4/2025, 8:30:23 PM UTC [Modules] Installing discord_zstd@1 from /home/flowy/.config/discord/0.0.84/modules/pending/discord_zstd-1.zip
2/4/2025, 8:30:23 PM UTC [Modules] Finished module installations. [success: 6] [failure: 0]
2/4/2025, 8:30:23 PM UTC [Modules] Checking for host updates.
2/4/2025, 8:30:23 PM UTC [Modules] Host is up to date.
2/4/2025, 8:30:23 PM UTC [Modules] Checking for module updates at https://discord.com/api/modules/stable/versions.json
2/4/2025, 8:30:23 PM UTC [Modules] No module updates available.
2/4/2025, 8:30:25 PM UTC [Modules] Starting to install discord_krisp...
2/4/2025, 8:30:25 PM UTC [Modules] Fetching discord_krisp@1 from https://discord.com/api/modules/stable/discord_krisp/1
2/4/2025, 8:30:25 PM UTC [Modules] Streaming discord_krisp@1 to /home/flowy/.config/discord/0.0.84/modules/pending/discord_krisp-1.zip
2/4/2025, 8:30:25 PM UTC [Modules] Starting to install discord_game_utils...
2/4/2025, 8:30:26 PM UTC [Modules] Checking for host updates.
2/4/2025, 8:30:26 PM UTC [Modules] Starting to install discord_rpc...
2/4/2025, 8:30:27 PM UTC [Modules] Streaming discord_krisp@1 to /home/flowy/.config/discord/0.0.84/modules/pending/discord_krisp-1.zip: 1%
2/4/2025, 8:30:27 PM UTC [Modules] Streaming discord_krisp@1 to /home/flowy/.config/discord/0.0.84/modules/pending/discord_krisp-1.zip: 2%
2/4/2025, 8:30:27 PM UTC [Modules] Streaming discord_krisp@1 to /home/flowy/.config/discord/0.0.84/modules/pending/discord_krisp-1.zip: 3%
2/4/2025, 8:30:27 PM UTC [Modules] Streaming discord_krisp@1 to /home/flowy/.config/discord/0.0.84/modules/pending/discord_krisp-1.zip: 4%
2/4/2025, 8:30:27 PM UTC [Modules] Streaming discord_krisp@1 to /home/flowy/.config/discord/0.0.84/modules/pending/discord_krisp-1.zip: 5%
2/4/2025, 8:30:27 PM UTC [Modules] Streaming discord_krisp@1 to /home/flowy/.config/discord/0.0.84/modules/pending/discord_krisp-1.zip: 6%
2/4/2025, 8:30:27 PM UTC [Modules] Streaming discord_krisp@1 to /home/flowy/.config/discord/0.0.84/modules/pending/discord_krisp-1.zip: 7%
2/4/2025, 8:30:27 PM UTC [Modules] Streaming discord_krisp@1 to /home/flowy/.config/discord/0.0.84/modules/pending/discord_krisp-1.zip: 8%
2/4/2025, 8:30:28 PM UTC [Modules] Host is up to date.
2/4/2025, 8:30:28 PM UTC [Modules] Checking for module updates at https://discord.com/api/modules/stable/versions.json
2/4/2025, 8:30:28 PM UTC [Modules] No module updates available.
2/4/2025, 8:30:28 PM UTC [Modules] Streaming discord_krisp@1 to /home/flowy/.config/discord/0.0.84/modules/pending/discord_krisp-1.zip: 9%
2/4/2025, 8:30:28 PM UTC [Modules] Streaming discord_krisp@1 to /home/flowy/.config/discord/0.0.84/modules/pending/discord_krisp-1.zip: 10%
2/4/2025, 8:30:28 PM UTC [Modules] Streaming discord_krisp@1 to /home/flowy/.config/discord/0.0.84/modules/pending/discord_krisp-1.zip: 11%
2/4/2025, 8:30:28 PM UTC [Modules] Streaming discord_krisp@1 to /home/flowy/.config/discord/0.0.84/modules/pending/discord_krisp-1.zip: 12%
2/4/2025, 8:30:28 PM UTC [Modules] Streaming discord_krisp@1 to /home/flowy/.config/discord/0.0.84/modules/pending/discord_krisp-1.zip: 13%
2/4/2025, 8:30:28 PM UTC [Modules] Streaming discord_krisp@1 to /home/flowy/.config/discord/0.0.84/modules/pending/discord_krisp-1.zip: 14%
2/4/2025, 8:30:28 PM UTC [Modules] Streaming discord_krisp@1 to /home/flowy/.config/discord/0.0.84/modules/pending/discord_krisp-1.zip: 15%
2/4/2025, 8:30:28 PM UTC [Modules] Streaming discord_krisp@1 to /home/flowy/.config/discord/0.0.84/modules/pending/discord_krisp-1.zip: 16%
2/4/2025, 8:30:28 PM UTC [Modules] Streaming discord_krisp@1 to /home/flowy/.config/discord/0.0.84/modules/pending/discord_krisp-1.zip: 17%
2/4/2025, 8:30:28 PM UTC [Modules] Streaming discord_krisp@1 to /home/flowy/.config/discord/0.0.84/modules/pending/discord_krisp-1.zip: 18%
2/4/2025, 8:30:28 PM UTC [Modules] Streaming discord_krisp@1 to /home/flowy/.config/discord/0.0.84/modules/pending/discord_krisp-1.zip: 19%
2/4/2025, 8:30:28 PM UTC [Modules] Streaming discord_krisp@1 to /home/flowy/.config/discord/0.0.84/modules/pending/discord_krisp-1.zip: 20%
2/4/2025, 8:30:28 PM UTC [Modules] Streaming discord_krisp@1 to /home/flowy/.config/discord/0.0.84/modules/pending/discord_krisp-1.zip: 21%
2/4/2025, 8:30:28 PM UTC [Modules] Streaming discord_krisp@1 to /home/flowy/.config/discord/0.0.84/modules/pending/discord_krisp-1.zip: 22%
2/4/2025, 8:30:28 PM UTC [Modules] Streaming discord_krisp@1 to /home/flowy/.config/discord/0.0.84/modules/pending/discord_krisp-1.zip: 23%
2/4/2025, 8:30:28 PM UTC [Modules] Streaming discord_krisp@1 to /home/flowy/.config/discord/0.0.84/modules/pending/discord_krisp-1.zip: 24%
2/4/2025, 8:30:29 PM UTC [Modules] Streaming discord_krisp@1 to /home/flowy/.config/discord/0.0.84/modules/pending/discord_krisp-1.zip: 25%
2/4/2025, 8:30:29 PM UTC [Modules] Streaming discord_krisp@1 to /home/flowy/.config/discord/0.0.84/modules/pending/discord_krisp-1.zip: 26%
2/4/2025, 8:30:29 PM UTC [Modules] Streaming discord_krisp@1 to /home/flowy/.config/discord/0.0.84/modules/pending/discord_krisp-1.zip: 27%
2/4/2025, 8:30:29 PM UTC [Modules] Streaming discord_krisp@1 to /home/flowy/.config/discord/0.0.84/modules/pending/discord_krisp-1.zip: 28%
2/4/2025, 8:30:29 PM UTC [Modules] Streaming discord_krisp@1 to /home/flowy/.config/discord/0.0.84/modules/pending/discord_krisp-1.zip: 29%
2/4/2025, 8:30:29 PM UTC [Modules] Streaming discord_krisp@1 to /home/flowy/.config/discord/0.0.84/modules/pending/discord_krisp-1.zip: 30%
2/4/2025, 8:30:29 PM UTC [Modules] Streaming discord_krisp@1 to /home/flowy/.config/discord/0.0.84/modules/pending/discord_krisp-1.zip: 31%
2/4/2025, 8:30:29 PM UTC [Modules] Streaming discord_krisp@1 to /home/flowy/.config/discord/0.0.84/modules/pending/discord_krisp-1.zip: 32%
2/4/2025, 8:30:29 PM UTC [Modules] Streaming discord_krisp@1 to /home/flowy/.config/discord/0.0.84/modules/pending/discord_krisp-1.zip: 33%
2/4/2025, 8:30:29 PM UTC [Modules] Streaming discord_krisp@1 to /home/flowy/.config/discord/0.0.84/modules/pending/discord_krisp-1.zip: 34%
2/4/2025, 8:30:29 PM UTC [Modules] Streaming discord_krisp@1 to /home/flowy/.config/discord/0.0.84/modules/pending/discord_krisp-1.zip: 35%
2/4/2025, 8:30:29 PM UTC [Modules] Streaming discord_krisp@1 to /home/flowy/.config/discord/0.0.84/modules/pending/discord_krisp-1.zip: 36%
2/4/2025, 8:30:29 PM UTC [Modules] Streaming discord_krisp@1 to /home/flowy/.config/discord/0.0.84/modules/pending/discord_krisp-1.zip: 37%
2/4/2025, 8:30:29 PM UTC [Modules] Streaming discord_krisp@1 to /home/flowy/.config/discord/0.0.84/modules/pending/discord_krisp-1.zip: 38%
2/4/2025, 8:30:29 PM UTC [Modules] Streaming discord_krisp@1 to /home/flowy/.config/discord/0.0.84/modules/pending/discord_krisp-1.zip: 39%
2/4/2025, 8:30:29 PM UTC [Modules] Streaming discord_krisp@1 to /home/flowy/.config/discord/0.0.84/modules/pending/discord_krisp-1.zip: 40%
2/4/2025, 8:30:29 PM UTC [Modules] Streaming discord_krisp@1 to /home/flowy/.config/discord/0.0.84/modules/pending/discord_krisp-1.zip: 41%
2/4/2025, 8:30:29 PM UTC [Modules] Streaming discord_krisp@1 to /home/flowy/.config/discord/0.0.84/modules/pending/discord_krisp-1.zip: 42%
2/4/2025, 8:30:29 PM UTC [Modules] Streaming discord_krisp@1 to /home/flowy/.config/discord/0.0.84/modules/pending/discord_krisp-1.zip: 43%
2/4/2025, 8:30:30 PM UTC [Modules] Streaming discord_krisp@1 to /home/flowy/.config/discord/0.0.84/modules/pending/discord_krisp-1.zip: 44%
2/4/2025, 8:30:30 PM UTC [Modules] Streaming discord_krisp@1 to /home/flowy/.config/discord/0.0.84/modules/pending/discord_krisp-1.zip: 45%
2/4/2025, 8:30:30 PM UTC [Modules] Streaming discord_krisp@1 to /home/flowy/.config/discord/0.0.84/modules/pending/discord_krisp-1.zip: 46%
2/4/2025, 8:30:30 PM UTC [Modules] Streaming discord_krisp@1 to /home/flowy/.config/discord/0.0.84/modules/pending/discord_krisp-1.zip: 47%
2/4/2025, 8:30:30 PM UTC [Modules] Streaming discord_krisp@1 to /home/flowy/.config/discord/0.0.84/modules/pending/discord_krisp-1.zip: 48%
2/4/2025, 8:30:30 PM UTC [Modules] Streaming discord_krisp@1 to /home/flowy/.config/discord/0.0.84/modules/pending/discord_krisp-1.zip: 49%
2/4/2025, 8:30:30 PM UTC [Modules] Streaming discord_krisp@1 to /home/flowy/.config/discord/0.0.84/modules/pending/discord_krisp-1.zip: 50%
2/4/2025, 8:30:30 PM UTC [Modules] Streaming discord_krisp@1 to /home/flowy/.config/discord/0.0.84/modules/pending/discord_krisp-1.zip: 51%
2/4/2025, 8:30:30 PM UTC [Modules] Streaming discord_krisp@1 to /home/flowy/.config/discord/0.0.84/modules/pending/discord_krisp-1.zip: 52%
2/4/2025, 8:30:30 PM UTC [Modules] Streaming discord_krisp@1 to /home/flowy/.config/discord/0.0.84/modules/pending/discord_krisp-1.zip: 53%
2/4/2025, 8:30:30 PM UTC [Modules] Streaming discord_krisp@1 to /home/flowy/.config/discord/0.0.84/modules/pending/discord_krisp-1.zip: 54%
2/4/2025, 8:30:30 PM UTC [Modules] Streaming discord_krisp@1 to /home/flowy/.config/discord/0.0.84/modules/pending/discord_krisp-1.zip: 55%
2/4/2025, 8:30:30 PM UTC [Modules] Streaming discord_krisp@1 to /home/flowy/.config/discord/0.0.84/modules/pending/discord_krisp-1.zip: 56%
2/4/2025, 8:30:30 PM UTC [Modules] Streaming discord_krisp@1 to /home/flowy/.config/discord/0.0.84/modules/pending/discord_krisp-1.zip: 57%
2/4/2025, 8:30:30 PM UTC [Modules] Streaming discord_krisp@1 to /home/flowy/.config/discord/0.0.84/modules/pending/discord_krisp-1.zip: 58%
2/4/2025, 8:30:30 PM UTC [Modules] Streaming discord_krisp@1 to /home/flowy/.config/discord/0.0.84/modules/pending/discord_krisp-1.zip: 59%
2/4/2025, 8:30:30 PM UTC [Modules] Streaming discord_krisp@1 to /home/flowy/.config/discord/0.0.84/modules/pending/discord_krisp-1.zip: 60%
2/4/2025, 8:30:30 PM UTC [Modules] Streaming discord_krisp@1 to /home/flowy/.config/discord/0.0.84/modules/pending/discord_krisp-1.zip: 61%
2/4/2025, 8:30:31 PM UTC [Modules] Streaming discord_krisp@1 to /home/flowy/.config/discord/0.0.84/modules/pending/discord_krisp-1.zip: 62%
2/4/2025, 8:30:31 PM UTC [Modules] Streaming discord_krisp@1 to /home/flowy/.config/discord/0.0.84/modules/pending/discord_krisp-1.zip: 63%
2/4/2025, 8:30:31 PM UTC [Modules] Streaming discord_krisp@1 to /home/flowy/.config/discord/0.0.84/modules/pending/discord_krisp-1.zip: 64%
2/4/2025, 8:30:31 PM UTC [Modules] Streaming discord_krisp@1 to /home/flowy/.config/discord/0.0.84/modules/pending/discord_krisp-1.zip: 65%
2/4/2025, 8:30:31 PM UTC [Modules] Streaming discord_krisp@1 to /home/flowy/.config/discord/0.0.84/modules/pending/discord_krisp-1.zip: 66%
2/4/2025, 8:30:31 PM UTC [Modules] Streaming discord_krisp@1 to /home/flowy/.config/discord/0.0.84/modules/pending/discord_krisp-1.zip: 67%
2/4/2025, 8:30:31 PM UTC [Modules] Streaming discord_krisp@1 to /home/flowy/.config/discord/0.0.84/modules/pending/discord_krisp-1.zip: 68%
2/4/2025, 8:30:31 PM UTC [Modules] Streaming discord_krisp@1 to /home/flowy/.config/discord/0.0.84/modules/pending/discord_krisp-1.zip: 69%
2/4/2025, 8:30:31 PM UTC [Modules] Streaming discord_krisp@1 to /home/flowy/.config/discord/0.0.84/modules/pending/discord_krisp-1.zip: 70%
2/4/2025, 8:30:31 PM UTC [Modules] Streaming discord_krisp@1 to /home/flowy/.config/discord/0.0.84/modules/pending/discord_krisp-1.zip: 71%
2/4/2025, 8:30:31 PM UTC [Modules] Streaming discord_krisp@1 to /home/flowy/.config/discord/0.0.84/modules/pending/discord_krisp-1.zip: 72%
2/4/2025, 8:30:31 PM UTC [Modules] Streaming discord_krisp@1 to /home/flowy/.config/discord/0.0.84/modules/pending/discord_krisp-1.zip: 73%
2/4/2025, 8:30:31 PM UTC [Modules] Streaming discord_krisp@1 to /home/flowy/.config/discord/0.0.84/modules/pending/discord_krisp-1.zip: 74%
2/4/2025, 8:30:31 PM UTC [Modules] Streaming discord_krisp@1 to /home/flowy/.config/discord/0.0.84/modules/pending/discord_krisp-1.zip: 75%
2/4/2025, 8:30:31 PM UTC [Modules] Streaming discord_krisp@1 to /home/flowy/.config/discord/0.0.84/modules/pending/discord_krisp-1.zip: 76%
2/4/2025, 8:30:31 PM UTC [Modules] Streaming discord_krisp@1 to /home/flowy/.config/discord/0.0.84/modules/pending/discord_krisp-1.zip: 77%
2/4/2025, 8:30:31 PM UTC [Modules] Streaming discord_krisp@1 to /home/flowy/.config/discord/0.0.84/modules/pending/discord_krisp-1.zip: 78%
2/4/2025, 8:30:31 PM UTC [Modules] Streaming discord_krisp@1 to /home/flowy/.config/discord/0.0.84/modules/pending/discord_krisp-1.zip: 79%
2/4/2025, 8:30:31 PM UTC [Modules] Streaming discord_krisp@1 to /home/flowy/.config/discord/0.0.84/modules/pending/discord_krisp-1.zip: 80%
2/4/2025, 8:30:32 PM UTC [Modules] Streaming discord_krisp@1 to /home/flowy/.config/discord/0.0.84/modules/pending/discord_krisp-1.zip: 81%
2/4/2025, 8:30:32 PM UTC [Modules] Streaming discord_krisp@1 to /home/flowy/.config/discord/0.0.84/modules/pending/discord_krisp-1.zip: 82%
2/4/2025, 8:30:32 PM UTC [Modules] Streaming discord_krisp@1 to /home/flowy/.config/discord/0.0.84/modules/pending/discord_krisp-1.zip: 83%
2/4/2025, 8:30:32 PM UTC [Modules] Streaming discord_krisp@1 to /home/flowy/.config/discord/0.0.84/modules/pending/discord_krisp-1.zip: 84%
2/4/2025, 8:30:32 PM UTC [Modules] Streaming discord_krisp@1 to /home/flowy/.config/discord/0.0.84/modules/pending/discord_krisp-1.zip: 85%
2/4/2025, 8:30:32 PM UTC [Modules] Streaming discord_krisp@1 to /home/flowy/.config/discord/0.0.84/modules/pending/discord_krisp-1.zip: 86%
2/4/2025, 8:30:32 PM UTC [Modules] Streaming discord_krisp@1 to /home/flowy/.config/discord/0.0.84/modules/pending/discord_krisp-1.zip: 87%
2/4/2025, 8:30:32 PM UTC [Modules] Streaming discord_krisp@1 to /home/flowy/.config/discord/0.0.84/modules/pending/discord_krisp-1.zip: 88%
2/4/2025, 8:30:32 PM UTC [Modules] Streaming discord_krisp@1 to /home/flowy/.config/discord/0.0.84/modules/pending/discord_krisp-1.zip: 89%
2/4/2025, 8:30:32 PM UTC [Modules] Streaming discord_krisp@1 to /home/flowy/.config/discord/0.0.84/modules/pending/discord_krisp-1.zip: 90%
2/4/2025, 8:30:32 PM UTC [Modules] Streaming discord_krisp@1 to /home/flowy/.config/discord/0.0.84/modules/pending/discord_krisp-1.zip: 91%
2/4/2025, 8:30:32 PM UTC [Modules] Streaming discord_krisp@1 to /home/flowy/.config/discord/0.0.84/modules/pending/discord_krisp-1.zip: 92%
2/4/2025, 8:30:32 PM UTC [Modules] Streaming discord_krisp@1 to /home/flowy/.config/discord/0.0.84/modules/pending/discord_krisp-1.zip: 93%
2/4/2025, 8:30:32 PM UTC [Modules] Streaming discord_krisp@1 to /home/flowy/.config/discord/0.0.84/modules/pending/discord_krisp-1.zip: 94%
2/4/2025, 8:30:32 PM UTC [Modules] Streaming discord_krisp@1 to /home/flowy/.config/discord/0.0.84/modules/pending/discord_krisp-1.zip: 95%
2/4/2025, 8:30:32 PM UTC [Modules] Streaming discord_krisp@1 to /home/flowy/.config/discord/0.0.84/modules/pending/discord_krisp-1.zip: 96%
2/4/2025, 8:30:32 PM UTC [Modules] Streaming discord_krisp@1 to /home/flowy/.config/discord/0.0.84/modules/pending/discord_krisp-1.zip: 97%
2/4/2025, 8:30:32 PM UTC [Modules] Streaming discord_krisp@1 to /home/flowy/.config/discord/0.0.84/modules/pending/discord_krisp-1.zip: 98%
2/4/2025, 8:30:33 PM UTC [Modules] Streaming discord_krisp@1 to /home/flowy/.config/discord/0.0.84/modules/pending/discord_krisp-1.zip: 99%
2/4/2025, 8:30:33 PM UTC [Modules] Streaming discord_krisp@1 to /home/flowy/.config/discord/0.0.84/modules/pending/discord_krisp-1.zip: 100%
2/4/2025, 8:30:33 PM UTC [Modules] Fetching discord_game_utils@1 from https://discord.com/api/modules/stable/discord_game_utils/1
2/4/2025, 8:30:33 PM UTC [Modules] Streaming discord_game_utils@1 to /home/flowy/.config/discord/0.0.84/modules/pending/discord_game_utils-1.zip
2/4/2025, 8:30:33 PM UTC [Modules] Installing discord_krisp@1 from /home/flowy/.config/discord/0.0.84/modules/pending/discord_krisp-1.zip
2/4/2025, 8:30:33 PM UTC [Modules] Finished module installations. [success: 1] [failure: 0]
2/4/2025, 8:30:34 PM UTC [Modules] Streaming discord_game_utils@1 to /home/flowy/.config/discord/0.0.84/modules/pending/discord_game_utils-1.zip: 1%
2/4/2025, 8:30:34 PM UTC [Modules] Streaming discord_game_utils@1 to /home/flowy/.config/discord/0.0.84/modules/pending/discord_game_utils-1.zip: 2%
2/4/2025, 8:30:34 PM UTC [Modules] Streaming discord_game_utils@1 to /home/flowy/.config/discord/0.0.84/modules/pending/discord_game_utils-1.zip: 3%
2/4/2025, 8:30:34 PM UTC [Modules] Streaming discord_game_utils@1 to /home/flowy/.config/discord/0.0.84/modules/pending/discord_game_utils-1.zip: 4%
2/4/2025, 8:30:34 PM UTC [Modules] Streaming discord_game_utils@1 to /home/flowy/.config/discord/0.0.84/modules/pending/discord_game_utils-1.zip: 5%
2/4/2025, 8:30:34 PM UTC [Modules] Streaming discord_game_utils@1 to /home/flowy/.config/discord/0.0.84/modules/pending/discord_game_utils-1.zip: 6%
2/4/2025, 8:30:34 PM UTC [Modules] Streaming discord_game_utils@1 to /home/flowy/.config/discord/0.0.84/modules/pending/discord_game_utils-1.zip: 7%
2/4/2025, 8:30:34 PM UTC [Modules] Streaming discord_game_utils@1 to /home/flowy/.config/discord/0.0.84/modules/pending/discord_game_utils-1.zip: 8%
2/4/2025, 8:30:34 PM UTC [Modules] Streaming discord_game_utils@1 to /home/flowy/.config/discord/0.0.84/modules/pending/discord_game_utils-1.zip: 9%
2/4/2025, 8:30:34 PM UTC [Modules] Streaming discord_game_utils@1 to /home/flowy/.config/discord/0.0.84/modules/pending/discord_game_utils-1.zip: 10%
2/4/2025, 8:30:34 PM UTC [Modules] Streaming discord_game_utils@1 to /home/flowy/.config/discord/0.0.84/modules/pending/discord_game_utils-1.zip: 11%
2/4/2025, 8:30:34 PM UTC [Modules] Streaming discord_game_utils@1 to /home/flowy/.config/discord/0.0.84/modules/pending/discord_game_utils-1.zip: 12%
2/4/2025, 8:30:34 PM UTC [Modules] Streaming discord_game_utils@1 to /home/flowy/.config/discord/0.0.84/modules/pending/discord_game_utils-1.zip: 13%
2/4/2025, 8:30:34 PM UTC [Modules] Streaming discord_game_utils@1 to /home/flowy/.config/discord/0.0.84/modules/pending/discord_game_utils-1.zip: 14%
2/4/2025, 8:30:34 PM UTC [Modules] Streaming discord_game_utils@1 to /home/flowy/.config/discord/0.0.84/modules/pending/discord_game_utils-1.zip: 15%
2/4/2025, 8:30:34 PM UTC [Modules] Streaming discord_game_utils@1 to /home/flowy/.config/discord/0.0.84/modules/pending/discord_game_utils-1.zip: 16%
2/4/2025, 8:30:34 PM UTC [Modules] Streaming discord_game_utils@1 to /home/flowy/.config/discord/0.0.84/modules/pending/discord_game_utils-1.zip: 17%
2/4/2025, 8:30:34 PM UTC [Modules] Streaming discord_game_utils@1 to /home/flowy/.config/discord/0.0.84/modules/pending/discord_game_utils-1.zip: 18%
2/4/2025, 8:30:34 PM UTC [Modules] Streaming discord_game_utils@1 to /home/flowy/.config/discord/0.0.84/modules/pending/discord_game_utils-1.zip: 19%
2/4/2025, 8:30:34 PM UTC [Modules] Streaming discord_game_utils@1 to /home/flowy/.config/discord/0.0.84/modules/pending/discord_game_utils-1.zip: 20%
2/4/2025, 8:30:34 PM UTC [Modules] Streaming discord_game_utils@1 to /home/flowy/.config/discord/0.0.84/modules/pending/discord_game_utils-1.zip: 21%
2/4/2025, 8:30:34 PM UTC [Modules] Streaming discord_game_utils@1 to /home/flowy/.config/discord/0.0.84/modules/pending/discord_game_utils-1.zip: 22%
2/4/2025, 8:30:34 PM UTC [Modules] Streaming discord_game_utils@1 to /home/flowy/.config/discord/0.0.84/modules/pending/discord_game_utils-1.zip: 23%
2/4/2025, 8:30:34 PM UTC [Modules] Streaming discord_game_utils@1 to /home/flowy/.config/discord/0.0.84/modules/pending/discord_game_utils-1.zip: 24%
2/4/2025, 8:30:34 PM UTC [Modules] Streaming discord_game_utils@1 to /home/flowy/.config/discord/0.0.84/modules/pending/discord_game_utils-1.zip: 25%
2/4/2025, 8:30:34 PM UTC [Modules] Streaming discord_game_utils@1 to /home/flowy/.config/discord/0.0.84/modules/pending/discord_game_utils-1.zip: 26%
2/4/2025, 8:30:34 PM UTC [Modules] Streaming discord_game_utils@1 to /home/flowy/.config/discord/0.0.84/modules/pending/discord_game_utils-1.zip: 27%
2/4/2025, 8:30:34 PM UTC [Modules] Streaming discord_game_utils@1 to /home/flowy/.config/discord/0.0.84/modules/pending/discord_game_utils-1.zip: 28%
2/4/2025, 8:30:34 PM UTC [Modules] Streaming discord_game_utils@1 to /home/flowy/.config/discord/0.0.84/modules/pending/discord_game_utils-1.zip: 29%
2/4/2025, 8:30:34 PM UTC [Modules] Streaming discord_game_utils@1 to /home/flowy/.config/discord/0.0.84/modules/pending/discord_game_utils-1.zip: 30%
2/4/2025, 8:30:34 PM UTC [Modules] Streaming discord_game_utils@1 to /home/flowy/.config/discord/0.0.84/modules/pending/discord_game_utils-1.zip: 31%
2/4/2025, 8:30:34 PM UTC [Modules] Streaming discord_game_utils@1 to /home/flowy/.config/discord/0.0.84/modules/pending/discord_game_utils-1.zip: 32%
2/4/2025, 8:30:34 PM UTC [Modules] Streaming discord_game_utils@1 to /home/flowy/.config/discord/0.0.84/modules/pending/discord_game_utils-1.zip: 33%
2/4/2025, 8:30:34 PM UTC [Modules] Streaming discord_game_utils@1 to /home/flowy/.config/discord/0.0.84/modules/pending/discord_game_utils-1.zip: 34%
2/4/2025, 8:30:34 PM UTC [Modules] Streaming discord_game_utils@1 to /home/flowy/.config/discord/0.0.84/modules/pending/discord_game_utils-1.zip: 35%
2/4/2025, 8:30:34 PM UTC [Modules] Streaming discord_game_utils@1 to /home/flowy/.config/discord/0.0.84/modules/pending/discord_game_utils-1.zip: 36%
2/4/2025, 8:30:34 PM UTC [Modules] Streaming discord_game_utils@1 to /home/flowy/.config/discord/0.0.84/modules/pending/discord_game_utils-1.zip: 37%
2/4/2025, 8:30:34 PM UTC [Modules] Streaming discord_game_utils@1 to /home/flowy/.config/discord/0.0.84/modules/pending/discord_game_utils-1.zip: 38%
2/4/2025, 8:30:34 PM UTC [Modules] Streaming discord_game_utils@1 to /home/flowy/.config/discord/0.0.84/modules/pending/discord_game_utils-1.zip: 39%
2/4/2025, 8:30:34 PM UTC [Modules] Streaming discord_game_utils@1 to /home/flowy/.config/discord/0.0.84/modules/pending/discord_game_utils-1.zip: 40%
2/4/2025, 8:30:34 PM UTC [Modules] Streaming discord_game_utils@1 to /home/flowy/.config/discord/0.0.84/modules/pending/discord_game_utils-1.zip: 41%
2/4/2025, 8:30:34 PM UTC [Modules] Streaming discord_game_utils@1 to /home/flowy/.config/discord/0.0.84/modules/pending/discord_game_utils-1.zip: 42%
2/4/2025, 8:30:34 PM UTC [Modules] Streaming discord_game_utils@1 to /home/flowy/.config/discord/0.0.84/modules/pending/discord_game_utils-1.zip: 43%
2/4/2025, 8:30:34 PM UTC [Modules] Streaming discord_game_utils@1 to /home/flowy/.config/discord/0.0.84/modules/pending/discord_game_utils-1.zip: 44%
2/4/2025, 8:30:34 PM UTC [Modules] Streaming discord_game_utils@1 to /home/flowy/.config/discord/0.0.84/modules/pending/discord_game_utils-1.zip: 45%
2/4/2025, 8:30:34 PM UTC [Modules] Streaming discord_game_utils@1 to /home/flowy/.config/discord/0.0.84/modules/pending/discord_game_utils-1.zip: 46%
2/4/2025, 8:30:34 PM UTC [Modules] Streaming discord_game_utils@1 to /home/flowy/.config/discord/0.0.84/modules/pending/discord_game_utils-1.zip: 47%
2/4/2025, 8:30:34 PM UTC [Modules] Streaming discord_game_utils@1 to /home/flowy/.config/discord/0.0.84/modules/pending/discord_game_utils-1.zip: 48%
2/4/2025, 8:30:34 PM UTC [Modules] Streaming discord_game_utils@1 to /home/flowy/.config/discord/0.0.84/modules/pending/discord_game_utils-1.zip: 49%
2/4/2025, 8:30:34 PM UTC [Modules] Streaming discord_game_utils@1 to /home/flowy/.config/discord/0.0.84/modules/pending/discord_game_utils-1.zip: 50%
2/4/2025, 8:30:34 PM UTC [Modules] Streaming discord_game_utils@1 to /home/flowy/.config/discord/0.0.84/modules/pending/discord_game_utils-1.zip: 51%
2/4/2025, 8:30:34 PM UTC [Modules] Streaming discord_game_utils@1 to /home/flowy/.config/discord/0.0.84/modules/pending/discord_game_utils-1.zip: 52%
2/4/2025, 8:30:34 PM UTC [Modules] Streaming discord_game_utils@1 to /home/flowy/.config/discord/0.0.84/modules/pending/discord_game_utils-1.zip: 53%
2/4/2025, 8:30:34 PM UTC [Modules] Streaming discord_game_utils@1 to /home/flowy/.config/discord/0.0.84/modules/pending/discord_game_utils-1.zip: 54%
2/4/2025, 8:30:34 PM UTC [Modules] Streaming discord_game_utils@1 to /home/flowy/.config/discord/0.0.84/modules/pending/discord_game_utils-1.zip: 55%
2/4/2025, 8:30:34 PM UTC [Modules] Streaming discord_game_utils@1 to /home/flowy/.config/discord/0.0.84/modules/pending/discord_game_utils-1.zip: 56%
2/4/2025, 8:30:34 PM UTC [Modules] Streaming discord_game_utils@1 to /home/flowy/.config/discord/0.0.84/modules/pending/discord_game_utils-1.zip: 57%
2/4/2025, 8:30:34 PM UTC [Modules] Streaming discord_game_utils@1 to /home/flowy/.config/discord/0.0.84/modules/pending/discord_game_utils-1.zip: 58%
2/4/2025, 8:30:34 PM UTC [Modules] Streaming discord_game_utils@1 to /home/flowy/.config/discord/0.0.84/modules/pending/discord_game_utils-1.zip: 59%
2/4/2025, 8:30:34 PM UTC [Modules] Streaming discord_game_utils@1 to /home/flowy/.config/discord/0.0.84/modules/pending/discord_game_utils-1.zip: 60%
2/4/2025, 8:30:34 PM UTC [Modules] Streaming discord_game_utils@1 to /home/flowy/.config/discord/0.0.84/modules/pending/discord_game_utils-1.zip: 61%
2/4/2025, 8:30:34 PM UTC [Modules] Streaming discord_game_utils@1 to /home/flowy/.config/discord/0.0.84/modules/pending/discord_game_utils-1.zip: 62%
2/4/2025, 8:30:34 PM UTC [Modules] Streaming discord_game_utils@1 to /home/flowy/.config/discord/0.0.84/modules/pending/discord_game_utils-1.zip: 63%
2/4/2025, 8:30:34 PM UTC [Modules] Streaming discord_game_utils@1 to /home/flowy/.config/discord/0.0.84/modules/pending/discord_game_utils-1.zip: 64%
2/4/2025, 8:30:34 PM UTC [Modules] Streaming discord_game_utils@1 to /home/flowy/.config/discord/0.0.84/modules/pending/discord_game_utils-1.zip: 65%
2/4/2025, 8:30:34 PM UTC [Modules] Streaming discord_game_utils@1 to /home/flowy/.config/discord/0.0.84/modules/pending/discord_game_utils-1.zip: 66%
2/4/2025, 8:30:34 PM UTC [Modules] Streaming discord_game_utils@1 to /home/flowy/.config/discord/0.0.84/modules/pending/discord_game_utils-1.zip: 67%
2/4/2025, 8:30:34 PM UTC [Modules] Streaming discord_game_utils@1 to /home/flowy/.config/discord/0.0.84/modules/pending/discord_game_utils-1.zip: 68%
2/4/2025, 8:30:34 PM UTC [Modules] Streaming discord_game_utils@1 to /home/flowy/.config/discord/0.0.84/modules/pending/discord_game_utils-1.zip: 69%
2/4/2025, 8:30:34 PM UTC [Modules] Streaming discord_game_utils@1 to /home/flowy/.config/discord/0.0.84/modules/pending/discord_game_utils-1.zip: 70%
2/4/2025, 8:30:34 PM UTC [Modules] Streaming discord_game_utils@1 to /home/flowy/.config/discord/0.0.84/modules/pending/discord_game_utils-1.zip: 71%
2/4/2025, 8:30:34 PM UTC [Modules] Streaming discord_game_utils@1 to /home/flowy/.config/discord/0.0.84/modules/pending/discord_game_utils-1.zip: 72%
2/4/2025, 8:30:34 PM UTC [Modules] Streaming discord_game_utils@1 to /home/flowy/.config/discord/0.0.84/modules/pending/discord_game_utils-1.zip: 73%
2/4/2025, 8:30:34 PM UTC [Modules] Streaming discord_game_utils@1 to /home/flowy/.config/discord/0.0.84/modules/pending/discord_game_utils-1.zip: 74%
2/4/2025, 8:30:34 PM UTC [Modules] Streaming discord_game_utils@1 to /home/flowy/.config/discord/0.0.84/modules/pending/discord_game_utils-1.zip: 75%
2/4/2025, 8:30:34 PM UTC [Modules] Streaming discord_game_utils@1 to /home/flowy/.config/discord/0.0.84/modules/pending/discord_game_utils-1.zip: 76%
2/4/2025, 8:30:34 PM UTC [Modules] Streaming discord_game_utils@1 to /home/flowy/.config/discord/0.0.84/modules/pending/discord_game_utils-1.zip: 77%
2/4/2025, 8:30:34 PM UTC [Modules] Streaming discord_game_utils@1 to /home/flowy/.config/discord/0.0.84/modules/pending/discord_game_utils-1.zip: 78%
2/4/2025, 8:30:34 PM UTC [Modules] Streaming discord_game_utils@1 to /home/flowy/.config/discord/0.0.84/modules/pending/discord_game_utils-1.zip: 79%
2/4/2025, 8:30:34 PM UTC [Modules] Streaming discord_game_utils@1 to /home/flowy/.config/discord/0.0.84/modules/pending/discord_game_utils-1.zip: 80%
2/4/2025, 8:30:34 PM UTC [Modules] Streaming discord_game_utils@1 to /home/flowy/.config/discord/0.0.84/modules/pending/discord_game_utils-1.zip: 81%
2/4/2025, 8:30:34 PM UTC [Modules] Streaming discord_game_utils@1 to /home/flowy/.config/discord/0.0.84/modules/pending/discord_game_utils-1.zip: 82%
2/4/2025, 8:30:34 PM UTC [Modules] Streaming discord_game_utils@1 to /home/flowy/.config/discord/0.0.84/modules/pending/discord_game_utils-1.zip: 83%
2/4/2025, 8:30:34 PM UTC [Modules] Streaming discord_game_utils@1 to /home/flowy/.config/discord/0.0.84/modules/pending/discord_game_utils-1.zip: 84%
2/4/2025, 8:30:34 PM UTC [Modules] Streaming discord_game_utils@1 to /home/flowy/.config/discord/0.0.84/modules/pending/discord_game_utils-1.zip: 85%
2/4/2025, 8:30:34 PM UTC [Modules] Streaming discord_game_utils@1 to /home/flowy/.config/discord/0.0.84/modules/pending/discord_game_utils-1.zip: 86%
2/4/2025, 8:30:34 PM UTC [Modules] Streaming discord_game_utils@1 to /home/flowy/.config/discord/0.0.84/modules/pending/discord_game_utils-1.zip: 87%
2/4/2025, 8:30:34 PM UTC [Modules] Streaming discord_game_utils@1 to /home/flowy/.config/discord/0.0.84/modules/pending/discord_game_utils-1.zip: 88%
2/4/2025, 8:30:34 PM UTC [Modules] Streaming discord_game_utils@1 to /home/flowy/.config/discord/0.0.84/modules/pending/discord_game_utils-1.zip: 89%
2/4/2025, 8:30:34 PM UTC [Modules] Streaming discord_game_utils@1 to /home/flowy/.config/discord/0.0.84/modules/pending/discord_game_utils-1.zip: 90%
2/4/2025, 8:30:34 PM UTC [Modules] Streaming discord_game_utils@1 to /home/flowy/.config/discord/0.0.84/modules/pending/discord_game_utils-1.zip: 91%
2/4/2025, 8:30:34 PM UTC [Modules] Streaming discord_game_utils@1 to /home/flowy/.config/discord/0.0.84/modules/pending/discord_game_utils-1.zip: 92%
2/4/2025, 8:30:34 PM UTC [Modules] Streaming discord_game_utils@1 to /home/flowy/.config/discord/0.0.84/modules/pending/discord_game_utils-1.zip: 93%
2/4/2025, 8:30:34 PM UTC [Modules] Streaming discord_game_utils@1 to /home/flowy/.config/discord/0.0.84/modules/pending/discord_game_utils-1.zip: 94%
2/4/2025, 8:30:34 PM UTC [Modules] Streaming discord_game_utils@1 to /home/flowy/.config/discord/0.0.84/modules/pending/discord_game_utils-1.zip: 95%
2/4/2025, 8:30:34 PM UTC [Modules] Streaming discord_game_utils@1 to /home/flowy/.config/discord/0.0.84/modules/pending/discord_game_utils-1.zip: 96%
2/4/2025, 8:30:34 PM UTC [Modules] Streaming discord_game_utils@1 to /home/flowy/.config/discord/0.0.84/modules/pending/discord_game_utils-1.zip: 97%
2/4/2025, 8:30:34 PM UTC [Modules] Streaming discord_game_utils@1 to /home/flowy/.config/discord/0.0.84/modules/pending/discord_game_utils-1.zip: 98%
2/4/2025, 8:30:34 PM UTC [Modules] Streaming discord_game_utils@1 to /home/flowy/.config/discord/0.0.84/modules/pending/discord_game_utils-1.zip: 99%
2/4/2025, 8:30:34 PM UTC [Modules] Streaming discord_game_utils@1 to /home/flowy/.config/discord/0.0.84/modules/pending/discord_game_utils-1.zip: 100%
2/4/2025, 8:30:34 PM UTC [Modules] Fetching discord_rpc@1 from https://discord.com/api/modules/stable/discord_rpc/1
2/4/2025, 8:30:34 PM UTC [Modules] Streaming discord_rpc@1 to /home/flowy/.config/discord/0.0.84/modules/pending/discord_rpc-1.zip
2/4/2025, 8:30:34 PM UTC [Modules] Installing discord_game_utils@1 from /home/flowy/.config/discord/0.0.84/modules/pending/discord_game_utils-1.zip
2/4/2025, 8:30:34 PM UTC [Modules] Finished module installations. [success: 1] [failure: 0]
2/4/2025, 8:30:35 PM UTC [Modules] Streaming discord_rpc@1 to /home/flowy/.config/discord/0.0.84/modules/pending/discord_rpc-1.zip: 93%
2/4/2025, 8:30:35 PM UTC [Modules] Streaming discord_rpc@1 to /home/flowy/.config/discord/0.0.84/modules/pending/discord_rpc-1.zip: 100%
2/4/2025, 8:30:35 PM UTC [Modules] Finished module downloads. [success: 3] [failure: 0]
2/4/2025, 8:30:35 PM UTC [Modules] Installing discord_rpc@1 from /home/flowy/.config/discord/0.0.84/modules/pending/discord_rpc-1.zip
2/4/2025, 8:30:35 PM UTC [Modules] Finished module installations. [success: 1] [failure: 0]
2/5/2025, 7:51:57 AM UTC [Modules] Modules initializing
2/5/2025, 7:51:57 AM UTC [Modules] Distribution: remote
2/5/2025, 7:51:57 AM UTC [Modules] Host updates: enabled
2/5/2025, 7:51:57 AM UTC [Modules] Module updates: enabled
2/5/2025, 7:51:57 AM UTC [Modules] Module install path: /home/flowy/.config/discord/0.0.84/modules
2/5/2025, 7:51:57 AM UTC [Modules] Module installed file path: /home/flowy/.config/discord/0.0.84/modules/installed.json
2/5/2025, 7:51:57 AM UTC [Modules] Module download path: /home/flowy/.config/discord/0.0.84/modules/pending
2/5/2025, 7:51:57 AM UTC [Modules] No updates to install
2/5/2025, 7:51:57 AM UTC [Modules] Checking for host updates.
2/5/2025, 7:51:58 AM UTC [Modules] Host is up to date.
2/5/2025, 7:51:58 AM UTC [Modules] Checking for module updates at https://discord.com/api/modules/stable/versions.json
2/5/2025, 7:51:58 AM UTC [Modules] No module updates available.
2/5/2025, 7:52:01 AM UTC [Modules] Checking for host updates.
2/5/2025, 7:52:02 AM UTC [Modules] Host is up to date.
2/5/2025, 7:52:02 AM UTC [Modules] Checking for module updates at https://discord.com/api/modules/stable/versions.json
2/5/2025, 7:52:02 AM UTC [Modules] No module updates available.
2/18/2025, 8:04:08 AM UTC [Modules] Modules initializing
2/18/2025, 8:04:08 AM UTC [Modules] Distribution: remote
2/18/2025, 8:04:08 AM UTC [Modules] Host updates: enabled
2/18/2025, 8:04:08 AM UTC [Modules] Module updates: enabled
2/18/2025, 8:04:08 AM UTC [Modules] Module install path: /home/flowy/.config/discord/0.0.85/modules
2/18/2025, 8:04:08 AM UTC [Modules] Module installed file path: /home/flowy/.config/discord/0.0.85/modules/installed.json
2/18/2025, 8:04:09 AM UTC [Modules] Module download path: /home/flowy/.config/discord/0.0.85/modules/pending
2/18/2025, 8:04:09 AM UTC [Modules] Bootstrapping...
2/18/2025, 8:04:09 AM UTC [Modules] Installing discord_desktop_core@0 from /opt/discord/resources/bootstrap/discord_desktop_core.zip
2/18/2025, 8:04:09 AM UTC [Modules] Failed installing discord_desktop_core@0: Error: ENOENT: no such file or directory, open '/opt/discord/resources/bootstrap/discord_desktop_core.zip'
2/18/2025, 8:04:09 AM UTC [Modules] Installing discord_erlpack@0 from /opt/discord/resources/bootstrap/discord_erlpack.zip
2/18/2025, 8:04:09 AM UTC [Modules] Failed installing discord_erlpack@0: Error: ENOENT: no such file or directory, open '/opt/discord/resources/bootstrap/discord_erlpack.zip'
2/18/2025, 8:04:09 AM UTC [Modules] Installing discord_spellcheck@0 from /opt/discord/resources/bootstrap/discord_spellcheck.zip
2/18/2025, 8:04:09 AM UTC [Modules] Failed installing discord_spellcheck@0: Error: ENOENT: no such file or directory, open '/opt/discord/resources/bootstrap/discord_spellcheck.zip'
2/18/2025, 8:04:09 AM UTC [Modules] Installing discord_utils@0 from /opt/discord/resources/bootstrap/discord_utils.zip
2/18/2025, 8:04:09 AM UTC [Modules] Failed installing discord_utils@0: Error: ENOENT: no such file or directory, open '/opt/discord/resources/bootstrap/discord_utils.zip'
2/18/2025, 8:04:09 AM UTC [Modules] Installing discord_voice@0 from /opt/discord/resources/bootstrap/discord_voice.zip
2/18/2025, 8:04:09 AM UTC [Modules] Failed installing discord_voice@0: Error: ENOENT: no such file or directory, open '/opt/discord/resources/bootstrap/discord_voice.zip'
2/18/2025, 8:04:09 AM UTC [Modules] Installing discord_zstd@0 from /opt/discord/resources/bootstrap/discord_zstd.zip
2/18/2025, 8:04:09 AM UTC [Modules] Failed installing discord_zstd@0: Error: ENOENT: no such file or directory, open '/opt/discord/resources/bootstrap/discord_zstd.zip'
2/18/2025, 8:04:09 AM UTC [Modules] Finished module installations. [success: 0] [failure: 6]
2/18/2025, 8:04:09 AM UTC [Modules] Checking for host updates.
2/18/2025, 8:04:10 AM UTC [Modules] Host is up to date.
2/18/2025, 8:04:10 AM UTC [Modules] Checking for module updates at https://discord.com/api/modules/stable/versions.json
2/18/2025, 8:04:10 AM UTC [Modules] Module update available: discord_desktop_core@1 [installed: 0]
2/18/2025, 8:04:10 AM UTC [Modules] Module update available: discord_erlpack@1 [installed: 0]
2/18/2025, 8:04:10 AM UTC [Modules] Module update available: discord_spellcheck@1 [installed: 0]
2/18/2025, 8:04:10 AM UTC [Modules] Module update available: discord_utils@1 [installed: 0]
2/18/2025, 8:04:10 AM UTC [Modules] Module update available: discord_voice@1 [installed: 0]
2/18/2025, 8:04:10 AM UTC [Modules] Module update available: discord_zstd@1 [installed: 0]
2/18/2025, 8:04:10 AM UTC [Modules] Fetching discord_desktop_core@1 from https://discord.com/api/modules/stable/discord_desktop_core/1
2/18/2025, 8:04:10 AM UTC [Modules] Streaming discord_desktop_core@1 to /home/flowy/.config/discord/0.0.85/modules/pending/discord_desktop_core-1.zip
2/18/2025, 8:04:12 AM UTC [Modules] Streaming discord_desktop_core@1 to /home/flowy/.config/discord/0.0.85/modules/pending/discord_desktop_core-1.zip: 1%
2/18/2025, 8:04:12 AM UTC [Modules] Streaming discord_desktop_core@1 to /home/flowy/.config/discord/0.0.85/modules/pending/discord_desktop_core-1.zip: 2%
2/18/2025, 8:04:12 AM UTC [Modules] Streaming discord_desktop_core@1 to /home/flowy/.config/discord/0.0.85/modules/pending/discord_desktop_core-1.zip: 3%
2/18/2025, 8:04:12 AM UTC [Modules] Streaming discord_desktop_core@1 to /home/flowy/.config/discord/0.0.85/modules/pending/discord_desktop_core-1.zip: 4%
2/18/2025, 8:04:12 AM UTC [Modules] Streaming discord_desktop_core@1 to /home/flowy/.config/discord/0.0.85/modules/pending/discord_desktop_core-1.zip: 5%
2/18/2025, 8:04:12 AM UTC [Modules] Streaming discord_desktop_core@1 to /home/flowy/.config/discord/0.0.85/modules/pending/discord_desktop_core-1.zip: 6%
2/18/2025, 8:04:12 AM UTC [Modules] Streaming discord_desktop_core@1 to /home/flowy/.config/discord/0.0.85/modules/pending/discord_desktop_core-1.zip: 8%
2/18/2025, 8:04:12 AM UTC [Modules] Streaming discord_desktop_core@1 to /home/flowy/.config/discord/0.0.85/modules/pending/discord_desktop_core-1.zip: 9%
2/18/2025, 8:04:12 AM UTC [Modules] Streaming discord_desktop_core@1 to /home/flowy/.config/discord/0.0.85/modules/pending/discord_desktop_core-1.zip: 10%
2/18/2025, 8:04:12 AM UTC [Modules] Streaming discord_desktop_core@1 to /home/flowy/.config/discord/0.0.85/modules/pending/discord_desktop_core-1.zip: 12%
2/18/2025, 8:04:12 AM UTC [Modules] Streaming discord_desktop_core@1 to /home/flowy/.config/discord/0.0.85/modules/pending/discord_desktop_core-1.zip: 13%
2/18/2025, 8:04:12 AM UTC [Modules] Streaming discord_desktop_core@1 to /home/flowy/.config/discord/0.0.85/modules/pending/discord_desktop_core-1.zip: 14%
2/18/2025, 8:04:12 AM UTC [Modules] Streaming discord_desktop_core@1 to /home/flowy/.config/discord/0.0.85/modules/pending/discord_desktop_core-1.zip: 15%
2/18/2025, 8:04:12 AM UTC [Modules] Streaming discord_desktop_core@1 to /home/flowy/.config/discord/0.0.85/modules/pending/discord_desktop_core-1.zip: 16%
2/18/2025, 8:04:12 AM UTC [Modules] Streaming discord_desktop_core@1 to /home/flowy/.config/discord/0.0.85/modules/pending/discord_desktop_core-1.zip: 17%
2/18/2025, 8:04:12 AM UTC [Modules] Streaming discord_desktop_core@1 to /home/flowy/.config/discord/0.0.85/modules/pending/discord_desktop_core-1.zip: 18%
2/18/2025, 8:04:12 AM UTC [Modules] Streaming discord_desktop_core@1 to /home/flowy/.config/discord/0.0.85/modules/pending/discord_desktop_core-1.zip: 20%
2/18/2025, 8:04:12 AM UTC [Modules] Streaming discord_desktop_core@1 to /home/flowy/.config/discord/0.0.85/modules/pending/discord_desktop_core-1.zip: 21%
2/18/2025, 8:04:12 AM UTC [Modules] Streaming discord_desktop_core@1 to /home/flowy/.config/discord/0.0.85/modules/pending/discord_desktop_core-1.zip: 22%
2/18/2025, 8:04:12 AM UTC [Modules] Streaming discord_desktop_core@1 to /home/flowy/.config/discord/0.0.85/modules/pending/discord_desktop_core-1.zip: 23%
2/18/2025, 8:04:12 AM UTC [Modules] Streaming discord_desktop_core@1 to /home/flowy/.config/discord/0.0.85/modules/pending/discord_desktop_core-1.zip: 25%
2/18/2025, 8:04:12 AM UTC [Modules] Streaming discord_desktop_core@1 to /home/flowy/.config/discord/0.0.85/modules/pending/discord_desktop_core-1.zip: 26%
2/18/2025, 8:04:12 AM UTC [Modules] Streaming discord_desktop_core@1 to /home/flowy/.config/discord/0.0.85/modules/pending/discord_desktop_core-1.zip: 27%
2/18/2025, 8:04:12 AM UTC [Modules] Streaming discord_desktop_core@1 to /home/flowy/.config/discord/0.0.85/modules/pending/discord_desktop_core-1.zip: 28%
2/18/2025, 8:04:12 AM UTC [Modules] Streaming discord_desktop_core@1 to /home/flowy/.config/discord/0.0.85/modules/pending/discord_desktop_core-1.zip: 29%
2/18/2025, 8:04:12 AM UTC [Modules] Streaming discord_desktop_core@1 to /home/flowy/.config/discord/0.0.85/modules/pending/discord_desktop_core-1.zip: 30%
2/18/2025, 8:04:12 AM UTC [Modules] Streaming discord_desktop_core@1 to /home/flowy/.config/discord/0.0.85/modules/pending/discord_desktop_core-1.zip: 31%
2/18/2025, 8:04:12 AM UTC [Modules] Streaming discord_desktop_core@1 to /home/flowy/.config/discord/0.0.85/modules/pending/discord_desktop_core-1.zip: 32%
2/18/2025, 8:04:12 AM UTC [Modules] Streaming discord_desktop_core@1 to /home/flowy/.config/discord/0.0.85/modules/pending/discord_desktop_core-1.zip: 34%
2/18/2025, 8:04:12 AM UTC [Modules] Streaming discord_desktop_core@1 to /home/flowy/.config/discord/0.0.85/modules/pending/discord_desktop_core-1.zip: 35%
2/18/2025, 8:04:12 AM UTC [Modules] Streaming discord_desktop_core@1 to /home/flowy/.config/discord/0.0.85/modules/pending/discord_desktop_core-1.zip: 36%
2/18/2025, 8:04:12 AM UTC [Modules] Streaming discord_desktop_core@1 to /home/flowy/.config/discord/0.0.85/modules/pending/discord_desktop_core-1.zip: 37%
2/18/2025, 8:04:12 AM UTC [Modules] Streaming discord_desktop_core@1 to /home/flowy/.config/discord/0.0.85/modules/pending/discord_desktop_core-1.zip: 38%
2/18/2025, 8:04:12 AM UTC [Modules] Streaming discord_desktop_core@1 to /home/flowy/.config/discord/0.0.85/modules/pending/discord_desktop_core-1.zip: 41%
2/18/2025, 8:04:12 AM UTC [Modules] Streaming discord_desktop_core@1 to /home/flowy/.config/discord/0.0.85/modules/pending/discord_desktop_core-1.zip: 42%
2/18/2025, 8:04:12 AM UTC [Modules] Streaming discord_desktop_core@1 to /home/flowy/.config/discord/0.0.85/modules/pending/discord_desktop_core-1.zip: 43%
2/18/2025, 8:04:12 AM UTC [Modules] Streaming discord_desktop_core@1 to /home/flowy/.config/discord/0.0.85/modules/pending/discord_desktop_core-1.zip: 44%
2/18/2025, 8:04:12 AM UTC [Modules] Streaming discord_desktop_core@1 to /home/flowy/.config/discord/0.0.85/modules/pending/discord_desktop_core-1.zip: 45%
2/18/2025, 8:04:12 AM UTC [Modules] Streaming discord_desktop_core@1 to /home/flowy/.config/discord/0.0.85/modules/pending/discord_desktop_core-1.zip: 46%
2/18/2025, 8:04:12 AM UTC [Modules] Streaming discord_desktop_core@1 to /home/flowy/.config/discord/0.0.85/modules/pending/discord_desktop_core-1.zip: 47%
2/18/2025, 8:04:12 AM UTC [Modules] Streaming discord_desktop_core@1 to /home/flowy/.config/discord/0.0.85/modules/pending/discord_desktop_core-1.zip: 48%
2/18/2025, 8:04:12 AM UTC [Modules] Streaming discord_desktop_core@1 to /home/flowy/.config/discord/0.0.85/modules/pending/discord_desktop_core-1.zip: 49%
2/18/2025, 8:04:12 AM UTC [Modules] Streaming discord_desktop_core@1 to /home/flowy/.config/discord/0.0.85/modules/pending/discord_desktop_core-1.zip: 50%
2/18/2025, 8:04:12 AM UTC [Modules] Streaming discord_desktop_core@1 to /home/flowy/.config/discord/0.0.85/modules/pending/discord_desktop_core-1.zip: 51%
2/18/2025, 8:04:12 AM UTC [Modules] Streaming discord_desktop_core@1 to /home/flowy/.config/discord/0.0.85/modules/pending/discord_desktop_core-1.zip: 52%
2/18/2025, 8:04:12 AM UTC [Modules] Streaming discord_desktop_core@1 to /home/flowy/.config/discord/0.0.85/modules/pending/discord_desktop_core-1.zip: 53%
2/18/2025, 8:04:12 AM UTC [Modules] Streaming discord_desktop_core@1 to /home/flowy/.config/discord/0.0.85/modules/pending/discord_desktop_core-1.zip: 54%
2/18/2025, 8:04:12 AM UTC [Modules] Streaming discord_desktop_core@1 to /home/flowy/.config/discord/0.0.85/modules/pending/discord_desktop_core-1.zip: 55%
2/18/2025, 8:04:12 AM UTC [Modules] Streaming discord_desktop_core@1 to /home/flowy/.config/discord/0.0.85/modules/pending/discord_desktop_core-1.zip: 56%
2/18/2025, 8:04:12 AM UTC [Modules] Streaming discord_desktop_core@1 to /home/flowy/.config/discord/0.0.85/modules/pending/discord_desktop_core-1.zip: 58%
2/18/2025, 8:04:12 AM UTC [Modules] Streaming discord_desktop_core@1 to /home/flowy/.config/discord/0.0.85/modules/pending/discord_desktop_core-1.zip: 61%
2/18/2025, 8:04:12 AM UTC [Modules] Streaming discord_desktop_core@1 to /home/flowy/.config/discord/0.0.85/modules/pending/discord_desktop_core-1.zip: 62%
2/18/2025, 8:04:12 AM UTC [Modules] Streaming discord_desktop_core@1 to /home/flowy/.config/discord/0.0.85/modules/pending/discord_desktop_core-1.zip: 63%
2/18/2025, 8:04:12 AM UTC [Modules] Streaming discord_desktop_core@1 to /home/flowy/.config/discord/0.0.85/modules/pending/discord_desktop_core-1.zip: 64%
2/18/2025, 8:04:12 AM UTC [Modules] Streaming discord_desktop_core@1 to /home/flowy/.config/discord/0.0.85/modules/pending/discord_desktop_core-1.zip: 65%
2/18/2025, 8:04:12 AM UTC [Modules] Streaming discord_desktop_core@1 to /home/flowy/.config/discord/0.0.85/modules/pending/discord_desktop_core-1.zip: 66%
2/18/2025, 8:04:12 AM UTC [Modules] Streaming discord_desktop_core@1 to /home/flowy/.config/discord/0.0.85/modules/pending/discord_desktop_core-1.zip: 67%
2/18/2025, 8:04:12 AM UTC [Modules] Streaming discord_desktop_core@1 to /home/flowy/.config/discord/0.0.85/modules/pending/discord_desktop_core-1.zip: 69%
2/18/2025, 8:04:12 AM UTC [Modules] Streaming discord_desktop_core@1 to /home/flowy/.config/discord/0.0.85/modules/pending/discord_desktop_core-1.zip: 72%
2/18/2025, 8:04:12 AM UTC [Modules] Streaming discord_desktop_core@1 to /home/flowy/.config/discord/0.0.85/modules/pending/discord_desktop_core-1.zip: 74%
2/18/2025, 8:04:12 AM UTC [Modules] Streaming discord_desktop_core@1 to /home/flowy/.config/discord/0.0.85/modules/pending/discord_desktop_core-1.zip: 77%
2/18/2025, 8:04:12 AM UTC [Modules] Streaming discord_desktop_core@1 to /home/flowy/.config/discord/0.0.85/modules/pending/discord_desktop_core-1.zip: 78%
2/18/2025, 8:04:13 AM UTC [Modules] Streaming discord_desktop_core@1 to /home/flowy/.config/discord/0.0.85/modules/pending/discord_desktop_core-1.zip: 81%
2/18/2025, 8:04:13 AM UTC [Modules] Streaming discord_desktop_core@1 to /home/flowy/.config/discord/0.0.85/modules/pending/discord_desktop_core-1.zip: 83%
2/18/2025, 8:04:13 AM UTC [Modules] Streaming discord_desktop_core@1 to /home/flowy/.config/discord/0.0.85/modules/pending/discord_desktop_core-1.zip: 86%
2/18/2025, 8:04:13 AM UTC [Modules] Streaming discord_desktop_core@1 to /home/flowy/.config/discord/0.0.85/modules/pending/discord_desktop_core-1.zip: 89%
2/18/2025, 8:04:13 AM UTC [Modules] Streaming discord_desktop_core@1 to /home/flowy/.config/discord/0.0.85/modules/pending/discord_desktop_core-1.zip: 91%
2/18/2025, 8:04:13 AM UTC [Modules] Streaming discord_desktop_core@1 to /home/flowy/.config/discord/0.0.85/modules/pending/discord_desktop_core-1.zip: 95%
2/18/2025, 8:04:13 AM UTC [Modules] Streaming discord_desktop_core@1 to /home/flowy/.config/discord/0.0.85/modules/pending/discord_desktop_core-1.zip: 96%
2/18/2025, 8:04:13 AM UTC [Modules] Streaming discord_desktop_core@1 to /home/flowy/.config/discord/0.0.85/modules/pending/discord_desktop_core-1.zip: 97%
2/18/2025, 8:04:13 AM UTC [Modules] Streaming discord_desktop_core@1 to /home/flowy/.config/discord/0.0.85/modules/pending/discord_desktop_core-1.zip: 98%
2/18/2025, 8:04:13 AM UTC [Modules] Streaming discord_desktop_core@1 to /home/flowy/.config/discord/0.0.85/modules/pending/discord_desktop_core-1.zip: 99%
2/18/2025, 8:04:13 AM UTC [Modules] Streaming discord_desktop_core@1 to /home/flowy/.config/discord/0.0.85/modules/pending/discord_desktop_core-1.zip: 100%
2/18/2025, 8:04:13 AM UTC [Modules] Fetching discord_erlpack@1 from https://discord.com/api/modules/stable/discord_erlpack/1
2/18/2025, 8:04:13 AM UTC [Modules] Streaming discord_erlpack@1 to /home/flowy/.config/discord/0.0.85/modules/pending/discord_erlpack-1.zip
2/18/2025, 8:04:14 AM UTC [Modules] Streaming discord_erlpack@1 to /home/flowy/.config/discord/0.0.85/modules/pending/discord_erlpack-1.zip: 1%
2/18/2025, 8:04:14 AM UTC [Modules] Streaming discord_erlpack@1 to /home/flowy/.config/discord/0.0.85/modules/pending/discord_erlpack-1.zip: 3%
2/18/2025, 8:04:14 AM UTC [Modules] Streaming discord_erlpack@1 to /home/flowy/.config/discord/0.0.85/modules/pending/discord_erlpack-1.zip: 4%
2/18/2025, 8:04:14 AM UTC [Modules] Streaming discord_erlpack@1 to /home/flowy/.config/discord/0.0.85/modules/pending/discord_erlpack-1.zip: 7%
2/18/2025, 8:04:14 AM UTC [Modules] Streaming discord_erlpack@1 to /home/flowy/.config/discord/0.0.85/modules/pending/discord_erlpack-1.zip: 8%
2/18/2025, 8:04:14 AM UTC [Modules] Streaming discord_erlpack@1 to /home/flowy/.config/discord/0.0.85/modules/pending/discord_erlpack-1.zip: 11%
2/18/2025, 8:04:14 AM UTC [Modules] Streaming discord_erlpack@1 to /home/flowy/.config/discord/0.0.85/modules/pending/discord_erlpack-1.zip: 12%
2/18/2025, 8:04:14 AM UTC [Modules] Streaming discord_erlpack@1 to /home/flowy/.config/discord/0.0.85/modules/pending/discord_erlpack-1.zip: 13%
2/18/2025, 8:04:14 AM UTC [Modules] Streaming discord_erlpack@1 to /home/flowy/.config/discord/0.0.85/modules/pending/discord_erlpack-1.zip: 14%
2/18/2025, 8:04:14 AM UTC [Modules] Streaming discord_erlpack@1 to /home/flowy/.config/discord/0.0.85/modules/pending/discord_erlpack-1.zip: 15%
2/18/2025, 8:04:14 AM UTC [Modules] Streaming discord_erlpack@1 to /home/flowy/.config/discord/0.0.85/modules/pending/discord_erlpack-1.zip: 16%
2/18/2025, 8:04:14 AM UTC [Modules] Streaming discord_erlpack@1 to /home/flowy/.config/discord/0.0.85/modules/pending/discord_erlpack-1.zip: 18%
2/18/2025, 8:04:14 AM UTC [Modules] Streaming discord_erlpack@1 to /home/flowy/.config/discord/0.0.85/modules/pending/discord_erlpack-1.zip: 19%
2/18/2025, 8:04:14 AM UTC [Modules] Streaming discord_erlpack@1 to /home/flowy/.config/discord/0.0.85/modules/pending/discord_erlpack-1.zip: 20%
2/18/2025, 8:04:14 AM UTC [Modules] Streaming discord_erlpack@1 to /home/flowy/.config/discord/0.0.85/modules/pending/discord_erlpack-1.zip: 21%
2/18/2025, 8:04:14 AM UTC [Modules] Streaming discord_erlpack@1 to /home/flowy/.config/discord/0.0.85/modules/pending/discord_erlpack-1.zip: 22%
2/18/2025, 8:04:14 AM UTC [Modules] Streaming discord_erlpack@1 to /home/flowy/.config/discord/0.0.85/modules/pending/discord_erlpack-1.zip: 23%
2/18/2025, 8:04:14 AM UTC [Modules] Streaming discord_erlpack@1 to /home/flowy/.config/discord/0.0.85/modules/pending/discord_erlpack-1.zip: 24%
2/18/2025, 8:04:14 AM UTC [Modules] Streaming discord_erlpack@1 to /home/flowy/.config/discord/0.0.85/modules/pending/discord_erlpack-1.zip: 25%
2/18/2025, 8:04:14 AM UTC [Modules] Streaming discord_erlpack@1 to /home/flowy/.config/discord/0.0.85/modules/pending/discord_erlpack-1.zip: 26%
2/18/2025, 8:04:14 AM UTC [Modules] Streaming discord_erlpack@1 to /home/flowy/.config/discord/0.0.85/modules/pending/discord_erlpack-1.zip: 27%
2/18/2025, 8:04:14 AM UTC [Modules] Streaming discord_erlpack@1 to /home/flowy/.config/discord/0.0.85/modules/pending/discord_erlpack-1.zip: 28%
2/18/2025, 8:04:15 AM UTC [Modules] Streaming discord_erlpack@1 to /home/flowy/.config/discord/0.0.85/modules/pending/discord_erlpack-1.zip: 29%
2/18/2025, 8:04:15 AM UTC [Modules] Streaming discord_erlpack@1 to /home/flowy/.config/discord/0.0.85/modules/pending/discord_erlpack-1.zip: 30%
2/18/2025, 8:04:15 AM UTC [Modules] Streaming discord_erlpack@1 to /home/flowy/.config/discord/0.0.85/modules/pending/discord_erlpack-1.zip: 31%
2/18/2025, 8:04:15 AM UTC [Modules] Streaming discord_erlpack@1 to /home/flowy/.config/discord/0.0.85/modules/pending/discord_erlpack-1.zip: 32%
2/18/2025, 8:04:15 AM UTC [Modules] Streaming discord_erlpack@1 to /home/flowy/.config/discord/0.0.85/modules/pending/discord_erlpack-1.zip: 33%
2/18/2025, 8:04:15 AM UTC [Modules] Streaming discord_erlpack@1 to /home/flowy/.config/discord/0.0.85/modules/pending/discord_erlpack-1.zip: 34%
2/18/2025, 8:04:15 AM UTC [Modules] Streaming discord_erlpack@1 to /home/flowy/.config/discord/0.0.85/modules/pending/discord_erlpack-1.zip: 35%
2/18/2025, 8:04:15 AM UTC [Modules] Streaming discord_erlpack@1 to /home/flowy/.config/discord/0.0.85/modules/pending/discord_erlpack-1.zip: 36%
2/18/2025, 8:04:15 AM UTC [Modules] Streaming discord_erlpack@1 to /home/flowy/.config/discord/0.0.85/modules/pending/discord_erlpack-1.zip: 37%
2/18/2025, 8:04:15 AM UTC [Modules] Streaming discord_erlpack@1 to /home/flowy/.config/discord/0.0.85/modules/pending/discord_erlpack-1.zip: 38%
2/18/2025, 8:04:15 AM UTC [Modules] Streaming discord_erlpack@1 to /home/flowy/.config/discord/0.0.85/modules/pending/discord_erlpack-1.zip: 39%
2/18/2025, 8:04:15 AM UTC [Modules] Streaming discord_erlpack@1 to /home/flowy/.config/discord/0.0.85/modules/pending/discord_erlpack-1.zip: 40%
2/18/2025, 8:04:15 AM UTC [Modules] Streaming discord_erlpack@1 to /home/flowy/.config/discord/0.0.85/modules/pending/discord_erlpack-1.zip: 41%
2/18/2025, 8:04:15 AM UTC [Modules] Streaming discord_erlpack@1 to /home/flowy/.config/discord/0.0.85/modules/pending/discord_erlpack-1.zip: 42%
2/18/2025, 8:04:15 AM UTC [Modules] Streaming discord_erlpack@1 to /home/flowy/.config/discord/0.0.85/modules/pending/discord_erlpack-1.zip: 43%
2/18/2025, 8:04:15 AM UTC [Modules] Streaming discord_erlpack@1 to /home/flowy/.config/discord/0.0.85/modules/pending/discord_erlpack-1.zip: 44%
2/18/2025, 8:04:15 AM UTC [Modules] Streaming discord_erlpack@1 to /home/flowy/.config/discord/0.0.85/modules/pending/discord_erlpack-1.zip: 45%
2/18/2025, 8:04:15 AM UTC [Modules] Streaming discord_erlpack@1 to /home/flowy/.config/discord/0.0.85/modules/pending/discord_erlpack-1.zip: 46%
2/18/2025, 8:04:15 AM UTC [Modules] Streaming discord_erlpack@1 to /home/flowy/.config/discord/0.0.85/modules/pending/discord_erlpack-1.zip: 47%
2/18/2025, 8:04:15 AM UTC [Modules] Streaming discord_erlpack@1 to /home/flowy/.config/discord/0.0.85/modules/pending/discord_erlpack-1.zip: 48%
2/18/2025, 8:04:15 AM UTC [Modules] Streaming discord_erlpack@1 to /home/flowy/.config/discord/0.0.85/modules/pending/discord_erlpack-1.zip: 49%
2/18/2025, 8:04:15 AM UTC [Modules] Streaming discord_erlpack@1 to /home/flowy/.config/discord/0.0.85/modules/pending/discord_erlpack-1.zip: 50%
2/18/2025, 8:04:15 AM UTC [Modules] Streaming discord_erlpack@1 to /home/flowy/.config/discord/0.0.85/modules/pending/discord_erlpack-1.zip: 51%
2/18/2025, 8:04:15 AM UTC [Modules] Streaming discord_erlpack@1 to /home/flowy/.config/discord/0.0.85/modules/pending/discord_erlpack-1.zip: 52%
2/18/2025, 8:04:15 AM UTC [Modules] Streaming discord_erlpack@1 to /home/flowy/.config/discord/0.0.85/modules/pending/discord_erlpack-1.zip: 53%
2/18/2025, 8:04:15 AM UTC [Modules] Streaming discord_erlpack@1 to /home/flowy/.config/discord/0.0.85/modules/pending/discord_erlpack-1.zip: 54%
2/18/2025, 8:04:15 AM UTC [Modules] Streaming discord_erlpack@1 to /home/flowy/.config/discord/0.0.85/modules/pending/discord_erlpack-1.zip: 55%
2/18/2025, 8:04:15 AM UTC [Modules] Streaming discord_erlpack@1 to /home/flowy/.config/discord/0.0.85/modules/pending/discord_erlpack-1.zip: 56%
2/18/2025, 8:04:15 AM UTC [Modules] Streaming discord_erlpack@1 to /home/flowy/.config/discord/0.0.85/modules/pending/discord_erlpack-1.zip: 57%
2/18/2025, 8:04:15 AM UTC [Modules] Streaming discord_erlpack@1 to /home/flowy/.config/discord/0.0.85/modules/pending/discord_erlpack-1.zip: 58%
2/18/2025, 8:04:15 AM UTC [Modules] Streaming discord_erlpack@1 to /home/flowy/.config/discord/0.0.85/modules/pending/discord_erlpack-1.zip: 59%
2/18/2025, 8:04:15 AM UTC [Modules] Streaming discord_erlpack@1 to /home/flowy/.config/discord/0.0.85/modules/pending/discord_erlpack-1.zip: 60%
2/18/2025, 8:04:15 AM UTC [Modules] Streaming discord_erlpack@1 to /home/flowy/.config/discord/0.0.85/modules/pending/discord_erlpack-1.zip: 61%
2/18/2025, 8:04:15 AM UTC [Modules] Streaming discord_erlpack@1 to /home/flowy/.config/discord/0.0.85/modules/pending/discord_erlpack-1.zip: 62%
2/18/2025, 8:04:15 AM UTC [Modules] Streaming discord_erlpack@1 to /home/flowy/.config/discord/0.0.85/modules/pending/discord_erlpack-1.zip: 63%
2/18/2025, 8:04:15 AM UTC [Modules] Streaming discord_erlpack@1 to /home/flowy/.config/discord/0.0.85/modules/pending/discord_erlpack-1.zip: 64%
2/18/2025, 8:04:15 AM UTC [Modules] Streaming discord_erlpack@1 to /home/flowy/.config/discord/0.0.85/modules/pending/discord_erlpack-1.zip: 65%
2/18/2025, 8:04:15 AM UTC [Modules] Streaming discord_erlpack@1 to /home/flowy/.config/discord/0.0.85/modules/pending/discord_erlpack-1.zip: 66%
2/18/2025, 8:04:15 AM UTC [Modules] Streaming discord_erlpack@1 to /home/flowy/.config/discord/0.0.85/modules/pending/discord_erlpack-1.zip: 69%
2/18/2025, 8:04:15 AM UTC [Modules] Streaming discord_erlpack@1 to /home/flowy/.config/discord/0.0.85/modules/pending/discord_erlpack-1.zip: 70%
2/18/2025, 8:04:16 AM UTC [Modules] Streaming discord_erlpack@1 to /home/flowy/.config/discord/0.0.85/modules/pending/discord_erlpack-1.zip: 73%
2/18/2025, 8:04:16 AM UTC [Modules] Streaming discord_erlpack@1 to /home/flowy/.config/discord/0.0.85/modules/pending/discord_erlpack-1.zip: 74%
2/18/2025, 8:04:16 AM UTC [Modules] Streaming discord_erlpack@1 to /home/flowy/.config/discord/0.0.85/modules/pending/discord_erlpack-1.zip: 76%
2/18/2025, 8:04:16 AM UTC [Modules] Streaming discord_erlpack@1 to /home/flowy/.config/discord/0.0.85/modules/pending/discord_erlpack-1.zip: 77%
2/18/2025, 8:04:16 AM UTC [Modules] Streaming discord_erlpack@1 to /home/flowy/.config/discord/0.0.85/modules/pending/discord_erlpack-1.zip: 79%
2/18/2025, 8:04:16 AM UTC [Modules] Streaming discord_erlpack@1 to /home/flowy/.config/discord/0.0.85/modules/pending/discord_erlpack-1.zip: 80%
2/18/2025, 8:04:16 AM UTC [Modules] Streaming discord_erlpack@1 to /home/flowy/.config/discord/0.0.85/modules/pending/discord_erlpack-1.zip: 81%
2/18/2025, 8:04:16 AM UTC [Modules] Streaming discord_erlpack@1 to /home/flowy/.config/discord/0.0.85/modules/pending/discord_erlpack-1.zip: 82%
2/18/2025, 8:04:16 AM UTC [Modules] Streaming discord_erlpack@1 to /home/flowy/.config/discord/0.0.85/modules/pending/discord_erlpack-1.zip: 83%
2/18/2025, 8:04:16 AM UTC [Modules] Streaming discord_erlpack@1 to /home/flowy/.config/discord/0.0.85/modules/pending/discord_erlpack-1.zip: 84%
2/18/2025, 8:04:16 AM UTC [Modules] Streaming discord_erlpack@1 to /home/flowy/.config/discord/0.0.85/modules/pending/discord_erlpack-1.zip: 85%
2/18/2025, 8:04:16 AM UTC [Modules] Streaming discord_erlpack@1 to /home/flowy/.config/discord/0.0.85/modules/pending/discord_erlpack-1.zip: 86%
2/18/2025, 8:04:16 AM UTC [Modules] Streaming discord_erlpack@1 to /home/flowy/.config/discord/0.0.85/modules/pending/discord_erlpack-1.zip: 88%
2/18/2025, 8:04:16 AM UTC [Modules] Streaming discord_erlpack@1 to /home/flowy/.config/discord/0.0.85/modules/pending/discord_erlpack-1.zip: 91%
2/18/2025, 8:04:16 AM UTC [Modules] Streaming discord_erlpack@1 to /home/flowy/.config/discord/0.0.85/modules/pending/discord_erlpack-1.zip: 92%
2/18/2025, 8:04:16 AM UTC [Modules] Streaming discord_erlpack@1 to /home/flowy/.config/discord/0.0.85/modules/pending/discord_erlpack-1.zip: 94%
2/18/2025, 8:04:16 AM UTC [Modules] Streaming discord_erlpack@1 to /home/flowy/.config/discord/0.0.85/modules/pending/discord_erlpack-1.zip: 96%
2/18/2025, 8:04:16 AM UTC [Modules] Streaming discord_erlpack@1 to /home/flowy/.config/discord/0.0.85/modules/pending/discord_erlpack-1.zip: 98%
2/18/2025, 8:04:16 AM UTC [Modules] Streaming discord_erlpack@1 to /home/flowy/.config/discord/0.0.85/modules/pending/discord_erlpack-1.zip: 99%
2/18/2025, 8:04:16 AM UTC [Modules] Streaming discord_erlpack@1 to /home/flowy/.config/discord/0.0.85/modules/pending/discord_erlpack-1.zip: 100%
2/18/2025, 8:04:16 AM UTC [Modules] Fetching discord_spellcheck@1 from https://discord.com/api/modules/stable/discord_spellcheck/1
2/18/2025, 8:04:16 AM UTC [Modules] Streaming discord_spellcheck@1 to /home/flowy/.config/discord/0.0.85/modules/pending/discord_spellcheck-1.zip
2/18/2025, 8:04:18 AM UTC [Modules] Streaming discord_spellcheck@1 to /home/flowy/.config/discord/0.0.85/modules/pending/discord_spellcheck-1.zip: 1%
2/18/2025, 8:04:18 AM UTC [Modules] Streaming discord_spellcheck@1 to /home/flowy/.config/discord/0.0.85/modules/pending/discord_spellcheck-1.zip: 2%
2/18/2025, 8:04:18 AM UTC [Modules] Streaming discord_spellcheck@1 to /home/flowy/.config/discord/0.0.85/modules/pending/discord_spellcheck-1.zip: 3%
2/18/2025, 8:04:18 AM UTC [Modules] Streaming discord_spellcheck@1 to /home/flowy/.config/discord/0.0.85/modules/pending/discord_spellcheck-1.zip: 4%
2/18/2025, 8:04:18 AM UTC [Modules] Streaming discord_spellcheck@1 to /home/flowy/.config/discord/0.0.85/modules/pending/discord_spellcheck-1.zip: 5%
2/18/2025, 8:04:18 AM UTC [Modules] Streaming discord_spellcheck@1 to /home/flowy/.config/discord/0.0.85/modules/pending/discord_spellcheck-1.zip: 6%
2/18/2025, 8:04:19 AM UTC [Modules] Streaming discord_spellcheck@1 to /home/flowy/.config/discord/0.0.85/modules/pending/discord_spellcheck-1.zip: 7%
2/18/2025, 8:04:19 AM UTC [Modules] Streaming discord_spellcheck@1 to /home/flowy/.config/discord/0.0.85/modules/pending/discord_spellcheck-1.zip: 8%
2/18/2025, 8:04:19 AM UTC [Modules] Streaming discord_spellcheck@1 to /home/flowy/.config/discord/0.0.85/modules/pending/discord_spellcheck-1.zip: 9%
2/18/2025, 8:04:19 AM UTC [Modules] Streaming discord_spellcheck@1 to /home/flowy/.config/discord/0.0.85/modules/pending/discord_spellcheck-1.zip: 10%
2/18/2025, 8:04:19 AM UTC [Modules] Streaming discord_spellcheck@1 to /home/flowy/.config/discord/0.0.85/modules/pending/discord_spellcheck-1.zip: 11%
2/18/2025, 8:04:20 AM UTC [Modules] Streaming discord_spellcheck@1 to /home/flowy/.config/discord/0.0.85/modules/pending/discord_spellcheck-1.zip: 12%
2/18/2025, 8:04:20 AM UTC [Modules] Streaming discord_spellcheck@1 to /home/flowy/.config/discord/0.0.85/modules/pending/discord_spellcheck-1.zip: 13%
2/18/2025, 8:04:20 AM UTC [Modules] Streaming discord_spellcheck@1 to /home/flowy/.config/discord/0.0.85/modules/pending/discord_spellcheck-1.zip: 14%
2/18/2025, 8:04:20 AM UTC [Modules] Streaming discord_spellcheck@1 to /home/flowy/.config/discord/0.0.85/modules/pending/discord_spellcheck-1.zip: 15%
2/18/2025, 8:04:21 AM UTC [Modules] Streaming discord_spellcheck@1 to /home/flowy/.config/discord/0.0.85/modules/pending/discord_spellcheck-1.zip: 16%
2/18/2025, 8:04:21 AM UTC [Modules] Streaming discord_spellcheck@1 to /home/flowy/.config/discord/0.0.85/modules/pending/discord_spellcheck-1.zip: 17%
2/18/2025, 8:04:22 AM UTC [Modules] Streaming discord_spellcheck@1 to /home/flowy/.config/discord/0.0.85/modules/pending/discord_spellcheck-1.zip: 18%
2/18/2025, 8:04:22 AM UTC [Modules] Streaming discord_spellcheck@1 to /home/flowy/.config/discord/0.0.85/modules/pending/discord_spellcheck-1.zip: 19%
2/18/2025, 8:04:23 AM UTC [Modules] Streaming discord_spellcheck@1 to /home/flowy/.config/discord/0.0.85/modules/pending/discord_spellcheck-1.zip: 20%
2/18/2025, 8:04:23 AM UTC [Modules] Streaming discord_spellcheck@1 to /home/flowy/.config/discord/0.0.85/modules/pending/discord_spellcheck-1.zip: 21%
2/18/2025, 8:04:23 AM UTC [Modules] Streaming discord_spellcheck@1 to /home/flowy/.config/discord/0.0.85/modules/pending/discord_spellcheck-1.zip: 22%
2/18/2025, 8:04:24 AM UTC [Modules] Streaming discord_spellcheck@1 to /home/flowy/.config/discord/0.0.85/modules/pending/discord_spellcheck-1.zip: 23%
2/18/2025, 8:04:25 AM UTC [Modules] Streaming discord_spellcheck@1 to /home/flowy/.config/discord/0.0.85/modules/pending/discord_spellcheck-1.zip: 24%
2/18/2025, 8:04:26 AM UTC [Modules] Streaming discord_spellcheck@1 to /home/flowy/.config/discord/0.0.85/modules/pending/discord_spellcheck-1.zip: 25%
2/18/2025, 8:04:26 AM UTC [Modules] Streaming discord_spellcheck@1 to /home/flowy/.config/discord/0.0.85/modules/pending/discord_spellcheck-1.zip: 26%
2/18/2025, 8:04:26 AM UTC [Modules] Streaming discord_spellcheck@1 to /home/flowy/.config/discord/0.0.85/modules/pending/discord_spellcheck-1.zip: 27%
2/18/2025, 8:04:27 AM UTC [Modules] Streaming discord_spellcheck@1 to /home/flowy/.config/discord/0.0.85/modules/pending/discord_spellcheck-1.zip: 28%
2/18/2025, 8:04:27 AM UTC [Modules] Streaming discord_spellcheck@1 to /home/flowy/.config/discord/0.0.85/modules/pending/discord_spellcheck-1.zip: 29%
2/18/2025, 8:04:27 AM UTC [Modules] Streaming discord_spellcheck@1 to /home/flowy/.config/discord/0.0.85/modules/pending/discord_spellcheck-1.zip: 30%
2/18/2025, 8:04:27 AM UTC [Modules] Streaming discord_spellcheck@1 to /home/flowy/.config/discord/0.0.85/modules/pending/discord_spellcheck-1.zip: 31%
2/18/2025, 8:04:27 AM UTC [Modules] Streaming discord_spellcheck@1 to /home/flowy/.config/discord/0.0.85/modules/pending/discord_spellcheck-1.zip: 32%
2/18/2025, 8:04:28 AM UTC [Modules] Streaming discord_spellcheck@1 to /home/flowy/.config/discord/0.0.85/modules/pending/discord_spellcheck-1.zip: 33%
2/18/2025, 8:04:28 AM UTC [Modules] Streaming discord_spellcheck@1 to /home/flowy/.config/discord/0.0.85/modules/pending/discord_spellcheck-1.zip: 34%
2/18/2025, 8:04:28 AM UTC [Modules] Streaming discord_spellcheck@1 to /home/flowy/.config/discord/0.0.85/modules/pending/discord_spellcheck-1.zip: 35%
2/18/2025, 8:04:28 AM UTC [Modules] Streaming discord_spellcheck@1 to /home/flowy/.config/discord/0.0.85/modules/pending/discord_spellcheck-1.zip: 36%
2/18/2025, 8:04:28 AM UTC [Modules] Streaming discord_spellcheck@1 to /home/flowy/.config/discord/0.0.85/modules/pending/discord_spellcheck-1.zip: 37%
2/18/2025, 8:04:28 AM UTC [Modules] Streaming discord_spellcheck@1 to /home/flowy/.config/discord/0.0.85/modules/pending/discord_spellcheck-1.zip: 38%
2/18/2025, 8:04:29 AM UTC [Modules] Streaming discord_spellcheck@1 to /home/flowy/.config/discord/0.0.85/modules/pending/discord_spellcheck-1.zip: 39%
2/18/2025, 8:04:29 AM UTC [Modules] Streaming discord_spellcheck@1 to /home/flowy/.config/discord/0.0.85/modules/pending/discord_spellcheck-1.zip: 40%
2/18/2025, 8:04:29 AM UTC [Modules] Streaming discord_spellcheck@1 to /home/flowy/.config/discord/0.0.85/modules/pending/discord_spellcheck-1.zip: 41%
2/18/2025, 8:04:29 AM UTC [Modules] Streaming discord_spellcheck@1 to /home/flowy/.config/discord/0.0.85/modules/pending/discord_spellcheck-1.zip: 42%
2/18/2025, 8:04:29 AM UTC [Modules] Streaming discord_spellcheck@1 to /home/flowy/.config/discord/0.0.85/modules/pending/discord_spellcheck-1.zip: 43%
2/18/2025, 8:04:29 AM UTC [Modules] Streaming discord_spellcheck@1 to /home/flowy/.config/discord/0.0.85/modules/pending/discord_spellcheck-1.zip: 44%
2/18/2025, 8:04:29 AM UTC [Modules] Streaming discord_spellcheck@1 to /home/flowy/.config/discord/0.0.85/modules/pending/discord_spellcheck-1.zip: 45%
2/18/2025, 8:04:29 AM UTC [Modules] Streaming discord_spellcheck@1 to /home/flowy/.config/discord/0.0.85/modules/pending/discord_spellcheck-1.zip: 46%
2/18/2025, 8:04:29 AM UTC [Modules] Streaming discord_spellcheck@1 to /home/flowy/.config/discord/0.0.85/modules/pending/discord_spellcheck-1.zip: 47%
2/18/2025, 8:04:29 AM UTC [Modules] Streaming discord_spellcheck@1 to /home/flowy/.config/discord/0.0.85/modules/pending/discord_spellcheck-1.zip: 48%
2/18/2025, 8:04:29 AM UTC [Modules] Streaming discord_spellcheck@1 to /home/flowy/.config/discord/0.0.85/modules/pending/discord_spellcheck-1.zip: 49%
2/18/2025, 8:04:30 AM UTC [Modules] Streaming discord_spellcheck@1 to /home/flowy/.config/discord/0.0.85/modules/pending/discord_spellcheck-1.zip: 50%
2/18/2025, 8:04:30 AM UTC [Modules] Streaming discord_spellcheck@1 to /home/flowy/.config/discord/0.0.85/modules/pending/discord_spellcheck-1.zip: 51%
2/18/2025, 8:04:30 AM UTC [Modules] Streaming discord_spellcheck@1 to /home/flowy/.config/discord/0.0.85/modules/pending/discord_spellcheck-1.zip: 52%
2/18/2025, 8:04:30 AM UTC [Modules] Streaming discord_spellcheck@1 to /home/flowy/.config/discord/0.0.85/modules/pending/discord_spellcheck-1.zip: 53%
2/18/2025, 8:04:30 AM UTC [Modules] Streaming discord_spellcheck@1 to /home/flowy/.config/discord/0.0.85/modules/pending/discord_spellcheck-1.zip: 54%
2/18/2025, 8:04:30 AM UTC [Modules] Streaming discord_spellcheck@1 to /home/flowy/.config/discord/0.0.85/modules/pending/discord_spellcheck-1.zip: 55%
2/18/2025, 8:04:30 AM UTC [Modules] Streaming discord_spellcheck@1 to /home/flowy/.config/discord/0.0.85/modules/pending/discord_spellcheck-1.zip: 56%
2/18/2025, 8:04:30 AM UTC [Modules] Streaming discord_spellcheck@1 to /home/flowy/.config/discord/0.0.85/modules/pending/discord_spellcheck-1.zip: 57%
2/18/2025, 8:04:30 AM UTC [Modules] Streaming discord_spellcheck@1 to /home/flowy/.config/discord/0.0.85/modules/pending/discord_spellcheck-1.zip: 58%
2/18/2025, 8:04:30 AM UTC [Modules] Streaming discord_spellcheck@1 to /home/flowy/.config/discord/0.0.85/modules/pending/discord_spellcheck-1.zip: 59%
2/18/2025, 8:04:30 AM UTC [Modules] Streaming discord_spellcheck@1 to /home/flowy/.config/discord/0.0.85/modules/pending/discord_spellcheck-1.zip: 60%
2/18/2025, 8:04:31 AM UTC [Modules] Streaming discord_spellcheck@1 to /home/flowy/.config/discord/0.0.85/modules/pending/discord_spellcheck-1.zip: 61%
2/18/2025, 8:04:31 AM UTC [Modules] Streaming discord_spellcheck@1 to /home/flowy/.config/discord/0.0.85/modules/pending/discord_spellcheck-1.zip: 62%
2/18/2025, 8:04:31 AM UTC [Modules] Streaming discord_spellcheck@1 to /home/flowy/.config/discord/0.0.85/modules/pending/discord_spellcheck-1.zip: 63%
2/18/2025, 8:04:31 AM UTC [Modules] Streaming discord_spellcheck@1 to /home/flowy/.config/discord/0.0.85/modules/pending/discord_spellcheck-1.zip: 64%
2/18/2025, 8:04:31 AM UTC [Modules] Streaming discord_spellcheck@1 to /home/flowy/.config/discord/0.0.85/modules/pending/discord_spellcheck-1.zip: 65%
2/18/2025, 8:04:31 AM UTC [Modules] Streaming discord_spellcheck@1 to /home/flowy/.config/discord/0.0.85/modules/pending/discord_spellcheck-1.zip: 66%
2/18/2025, 8:04:31 AM UTC [Modules] Streaming discord_spellcheck@1 to /home/flowy/.config/discord/0.0.85/modules/pending/discord_spellcheck-1.zip: 67%
2/18/2025, 8:04:31 AM UTC [Modules] Streaming discord_spellcheck@1 to /home/flowy/.config/discord/0.0.85/modules/pending/discord_spellcheck-1.zip: 68%
2/18/2025, 8:04:31 AM UTC [Modules] Streaming discord_spellcheck@1 to /home/flowy/.config/discord/0.0.85/modules/pending/discord_spellcheck-1.zip: 69%
2/18/2025, 8:04:31 AM UTC [Modules] Streaming discord_spellcheck@1 to /home/flowy/.config/discord/0.0.85/modules/pending/discord_spellcheck-1.zip: 70%
2/18/2025, 8:04:31 AM UTC [Modules] Streaming discord_spellcheck@1 to /home/flowy/.config/discord/0.0.85/modules/pending/discord_spellcheck-1.zip: 71%
2/18/2025, 8:04:32 AM UTC [Modules] Streaming discord_spellcheck@1 to /home/flowy/.config/discord/0.0.85/modules/pending/discord_spellcheck-1.zip: 72%
2/18/2025, 8:04:32 AM UTC [Modules] Streaming discord_spellcheck@1 to /home/flowy/.config/discord/0.0.85/modules/pending/discord_spellcheck-1.zip: 73%
2/18/2025, 8:04:32 AM UTC [Modules] Streaming discord_spellcheck@1 to /home/flowy/.config/discord/0.0.85/modules/pending/discord_spellcheck-1.zip: 74%
2/18/2025, 8:04:32 AM UTC [Modules] Streaming discord_spellcheck@1 to /home/flowy/.config/discord/0.0.85/modules/pending/discord_spellcheck-1.zip: 75%
2/18/2025, 8:04:32 AM UTC [Modules] Streaming discord_spellcheck@1 to /home/flowy/.config/discord/0.0.85/modules/pending/discord_spellcheck-1.zip: 76%
2/18/2025, 8:04:32 AM UTC [Modules] Streaming discord_spellcheck@1 to /home/flowy/.config/discord/0.0.85/modules/pending/discord_spellcheck-1.zip: 77%
2/18/2025, 8:04:32 AM UTC [Modules] Streaming discord_spellcheck@1 to /home/flowy/.config/discord/0.0.85/modules/pending/discord_spellcheck-1.zip: 78%
2/18/2025, 8:04:32 AM UTC [Modules] Streaming discord_spellcheck@1 to /home/flowy/.config/discord/0.0.85/modules/pending/discord_spellcheck-1.zip: 79%
2/18/2025, 8:04:32 AM UTC [Modules] Streaming discord_spellcheck@1 to /home/flowy/.config/discord/0.0.85/modules/pending/discord_spellcheck-1.zip: 80%
2/18/2025, 8:04:33 AM UTC [Modules] Streaming discord_spellcheck@1 to /home/flowy/.config/discord/0.0.85/modules/pending/discord_spellcheck-1.zip: 81%
2/18/2025, 8:04:33 AM UTC [Modules] Streaming discord_spellcheck@1 to /home/flowy/.config/discord/0.0.85/modules/pending/discord_spellcheck-1.zip: 82%
2/18/2025, 8:04:33 AM UTC [Modules] Streaming discord_spellcheck@1 to /home/flowy/.config/discord/0.0.85/modules/pending/discord_spellcheck-1.zip: 83%
2/18/2025, 8:04:33 AM UTC [Modules] Streaming discord_spellcheck@1 to /home/flowy/.config/discord/0.0.85/modules/pending/discord_spellcheck-1.zip: 84%
2/18/2025, 8:04:33 AM UTC [Modules] Streaming discord_spellcheck@1 to /home/flowy/.config/discord/0.0.85/modules/pending/discord_spellcheck-1.zip: 85%
2/18/2025, 8:04:33 AM UTC [Modules] Streaming discord_spellcheck@1 to /home/flowy/.config/discord/0.0.85/modules/pending/discord_spellcheck-1.zip: 86%
2/18/2025, 8:04:33 AM UTC [Modules] Streaming discord_spellcheck@1 to /home/flowy/.config/discord/0.0.85/modules/pending/discord_spellcheck-1.zip: 87%
2/18/2025, 8:04:33 AM UTC [Modules] Streaming discord_spellcheck@1 to /home/flowy/.config/discord/0.0.85/modules/pending/discord_spellcheck-1.zip: 88%
2/18/2025, 8:04:34 AM UTC [Modules] Streaming discord_spellcheck@1 to /home/flowy/.config/discord/0.0.85/modules/pending/discord_spellcheck-1.zip: 89%
2/18/2025, 8:04:34 AM UTC [Modules] Streaming discord_spellcheck@1 to /home/flowy/.config/discord/0.0.85/modules/pending/discord_spellcheck-1.zip: 90%
2/18/2025, 8:04:34 AM UTC [Modules] Streaming discord_spellcheck@1 to /home/flowy/.config/discord/0.0.85/modules/pending/discord_spellcheck-1.zip: 91%
2/18/2025, 8:04:34 AM UTC [Modules] Streaming discord_spellcheck@1 to /home/flowy/.config/discord/0.0.85/modules/pending/discord_spellcheck-1.zip: 92%
2/18/2025, 8:04:34 AM UTC [Modules] Streaming discord_spellcheck@1 to /home/flowy/.config/discord/0.0.85/modules/pending/discord_spellcheck-1.zip: 93%
2/18/2025, 8:04:34 AM UTC [Modules] Streaming discord_spellcheck@1 to /home/flowy/.config/discord/0.0.85/modules/pending/discord_spellcheck-1.zip: 94%
2/18/2025, 8:04:34 AM UTC [Modules] Streaming discord_spellcheck@1 to /home/flowy/.config/discord/0.0.85/modules/pending/discord_spellcheck-1.zip: 95%
2/18/2025, 8:04:34 AM UTC [Modules] Streaming discord_spellcheck@1 to /home/flowy/.config/discord/0.0.85/modules/pending/discord_spellcheck-1.zip: 96%
2/18/2025, 8:04:35 AM UTC [Modules] Streaming discord_spellcheck@1 to /home/flowy/.config/discord/0.0.85/modules/pending/discord_spellcheck-1.zip: 97%
2/18/2025, 8:04:35 AM UTC [Modules] Streaming discord_spellcheck@1 to /home/flowy/.config/discord/0.0.85/modules/pending/discord_spellcheck-1.zip: 98%
2/18/2025, 8:04:35 AM UTC [Modules] Streaming discord_spellcheck@1 to /home/flowy/.config/discord/0.0.85/modules/pending/discord_spellcheck-1.zip: 99%
2/18/2025, 8:04:35 AM UTC [Modules] Streaming discord_spellcheck@1 to /home/flowy/.config/discord/0.0.85/modules/pending/discord_spellcheck-1.zip: 100%
2/18/2025, 8:04:35 AM UTC [Modules] Fetching discord_utils@1 from https://discord.com/api/modules/stable/discord_utils/1
2/18/2025, 8:04:35 AM UTC [Modules] Streaming discord_utils@1 to /home/flowy/.config/discord/0.0.85/modules/pending/discord_utils-1.zip
2/18/2025, 8:04:36 AM UTC [Modules] Streaming discord_utils@1 to /home/flowy/.config/discord/0.0.85/modules/pending/discord_utils-1.zip: 1%
2/18/2025, 8:04:36 AM UTC [Modules] Streaming discord_utils@1 to /home/flowy/.config/discord/0.0.85/modules/pending/discord_utils-1.zip: 2%
2/18/2025, 8:04:36 AM UTC [Modules] Streaming discord_utils@1 to /home/flowy/.config/discord/0.0.85/modules/pending/discord_utils-1.zip: 3%
2/18/2025, 8:04:36 AM UTC [Modules] Streaming discord_utils@1 to /home/flowy/.config/discord/0.0.85/modules/pending/discord_utils-1.zip: 5%
2/18/2025, 8:04:37 AM UTC [Modules] Streaming discord_utils@1 to /home/flowy/.config/discord/0.0.85/modules/pending/discord_utils-1.zip: 6%
2/18/2025, 8:04:37 AM UTC [Modules] Streaming discord_utils@1 to /home/flowy/.config/discord/0.0.85/modules/pending/discord_utils-1.zip: 8%
2/18/2025, 8:04:37 AM UTC [Modules] Streaming discord_utils@1 to /home/flowy/.config/discord/0.0.85/modules/pending/discord_utils-1.zip: 9%
2/18/2025, 8:04:37 AM UTC [Modules] Streaming discord_utils@1 to /home/flowy/.config/discord/0.0.85/modules/pending/discord_utils-1.zip: 10%
2/18/2025, 8:04:37 AM UTC [Modules] Streaming discord_utils@1 to /home/flowy/.config/discord/0.0.85/modules/pending/discord_utils-1.zip: 11%
2/18/2025, 8:04:37 AM UTC [Modules] Streaming discord_utils@1 to /home/flowy/.config/discord/0.0.85/modules/pending/discord_utils-1.zip: 12%
2/18/2025, 8:04:37 AM UTC [Modules] Streaming discord_utils@1 to /home/flowy/.config/discord/0.0.85/modules/pending/discord_utils-1.zip: 13%
2/18/2025, 8:04:37 AM UTC [Modules] Streaming discord_utils@1 to /home/flowy/.config/discord/0.0.85/modules/pending/discord_utils-1.zip: 14%
2/18/2025, 8:04:37 AM UTC [Modules] Streaming discord_utils@1 to /home/flowy/.config/discord/0.0.85/modules/pending/discord_utils-1.zip: 15%
2/18/2025, 8:04:37 AM UTC [Modules] Streaming discord_utils@1 to /home/flowy/.config/discord/0.0.85/modules/pending/discord_utils-1.zip: 16%
2/18/2025, 8:04:37 AM UTC [Modules] Streaming discord_utils@1 to /home/flowy/.config/discord/0.0.85/modules/pending/discord_utils-1.zip: 17%
2/18/2025, 8:04:38 AM UTC [Modules] Streaming discord_utils@1 to /home/flowy/.config/discord/0.0.85/modules/pending/discord_utils-1.zip: 18%
2/18/2025, 8:04:38 AM UTC [Modules] Streaming discord_utils@1 to /home/flowy/.config/discord/0.0.85/modules/pending/discord_utils-1.zip: 19%
2/18/2025, 8:04:38 AM UTC [Modules] Streaming discord_utils@1 to /home/flowy/.config/discord/0.0.85/modules/pending/discord_utils-1.zip: 20%
2/18/2025, 8:04:38 AM UTC [Modules] Streaming discord_utils@1 to /home/flowy/.config/discord/0.0.85/modules/pending/discord_utils-1.zip: 21%
2/18/2025, 8:04:38 AM UTC [Modules] Streaming discord_utils@1 to /home/flowy/.config/discord/0.0.85/modules/pending/discord_utils-1.zip: 22%
2/18/2025, 8:04:38 AM UTC [Modules] Streaming discord_utils@1 to /home/flowy/.config/discord/0.0.85/modules/pending/discord_utils-1.zip: 23%
2/18/2025, 8:04:38 AM UTC [Modules] Streaming discord_utils@1 to /home/flowy/.config/discord/0.0.85/modules/pending/discord_utils-1.zip: 24%
2/18/2025, 8:04:38 AM UTC [Modules] Streaming discord_utils@1 to /home/flowy/.config/discord/0.0.85/modules/pending/discord_utils-1.zip: 25%
2/18/2025, 8:04:38 AM UTC [Modules] Streaming discord_utils@1 to /home/flowy/.config/discord/0.0.85/modules/pending/discord_utils-1.zip: 27%
2/18/2025, 8:04:38 AM UTC [Modules] Streaming discord_utils@1 to /home/flowy/.config/discord/0.0.85/modules/pending/discord_utils-1.zip: 28%
2/18/2025, 8:04:38 AM UTC [Modules] Streaming discord_utils@1 to /home/flowy/.config/discord/0.0.85/modules/pending/discord_utils-1.zip: 29%
2/18/2025, 8:04:38 AM UTC [Modules] Streaming discord_utils@1 to /home/flowy/.config/discord/0.0.85/modules/pending/discord_utils-1.zip: 30%
2/18/2025, 8:04:38 AM UTC [Modules] Streaming discord_utils@1 to /home/flowy/.config/discord/0.0.85/modules/pending/discord_utils-1.zip: 32%
2/18/2025, 8:04:38 AM UTC [Modules] Streaming discord_utils@1 to /home/flowy/.config/discord/0.0.85/modules/pending/discord_utils-1.zip: 34%
2/18/2025, 8:04:38 AM UTC [Modules] Streaming discord_utils@1 to /home/flowy/.config/discord/0.0.85/modules/pending/discord_utils-1.zip: 35%
2/18/2025, 8:04:38 AM UTC [Modules] Streaming discord_utils@1 to /home/flowy/.config/discord/0.0.85/modules/pending/discord_utils-1.zip: 36%
2/18/2025, 8:04:38 AM UTC [Modules] Streaming discord_utils@1 to /home/flowy/.config/discord/0.0.85/modules/pending/discord_utils-1.zip: 37%
2/18/2025, 8:04:39 AM UTC [Modules] Streaming discord_utils@1 to /home/flowy/.config/discord/0.0.85/modules/pending/discord_utils-1.zip: 38%
2/18/2025, 8:04:39 AM UTC [Modules] Streaming discord_utils@1 to /home/flowy/.config/discord/0.0.85/modules/pending/discord_utils-1.zip: 39%
2/18/2025, 8:04:39 AM UTC [Modules] Streaming discord_utils@1 to /home/flowy/.config/discord/0.0.85/modules/pending/discord_utils-1.zip: 40%
2/18/2025, 8:04:39 AM UTC [Modules] Streaming discord_utils@1 to /home/flowy/.config/discord/0.0.85/modules/pending/discord_utils-1.zip: 41%
2/18/2025, 8:04:39 AM UTC [Modules] Streaming discord_utils@1 to /home/flowy/.config/discord/0.0.85/modules/pending/discord_utils-1.zip: 42%
2/18/2025, 8:04:39 AM UTC [Modules] Streaming discord_utils@1 to /home/flowy/.config/discord/0.0.85/modules/pending/discord_utils-1.zip: 43%
2/18/2025, 8:04:39 AM UTC [Modules] Streaming discord_utils@1 to /home/flowy/.config/discord/0.0.85/modules/pending/discord_utils-1.zip: 44%
2/18/2025, 8:04:39 AM UTC [Modules] Streaming discord_utils@1 to /home/flowy/.config/discord/0.0.85/modules/pending/discord_utils-1.zip: 45%
2/18/2025, 8:04:39 AM UTC [Modules] Streaming discord_utils@1 to /home/flowy/.config/discord/0.0.85/modules/pending/discord_utils-1.zip: 46%
2/18/2025, 8:04:39 AM UTC [Modules] Streaming discord_utils@1 to /home/flowy/.config/discord/0.0.85/modules/pending/discord_utils-1.zip: 47%
2/18/2025, 8:04:39 AM UTC [Modules] Streaming discord_utils@1 to /home/flowy/.config/discord/0.0.85/modules/pending/discord_utils-1.zip: 48%
2/18/2025, 8:04:39 AM UTC [Modules] Streaming discord_utils@1 to /home/flowy/.config/discord/0.0.85/modules/pending/discord_utils-1.zip: 50%
2/18/2025, 8:04:39 AM UTC [Modules] Streaming discord_utils@1 to /home/flowy/.config/discord/0.0.85/modules/pending/discord_utils-1.zip: 51%
2/18/2025, 8:04:39 AM UTC [Modules] Streaming discord_utils@1 to /home/flowy/.config/discord/0.0.85/modules/pending/discord_utils-1.zip: 52%
2/18/2025, 8:04:39 AM UTC [Modules] Streaming discord_utils@1 to /home/flowy/.config/discord/0.0.85/modules/pending/discord_utils-1.zip: 53%
2/18/2025, 8:04:40 AM UTC [Modules] Streaming discord_utils@1 to /home/flowy/.config/discord/0.0.85/modules/pending/discord_utils-1.zip: 54%
2/18/2025, 8:04:40 AM UTC [Modules] Streaming discord_utils@1 to /home/flowy/.config/discord/0.0.85/modules/pending/discord_utils-1.zip: 55%
2/18/2025, 8:04:40 AM UTC [Modules] Streaming discord_utils@1 to /home/flowy/.config/discord/0.0.85/modules/pending/discord_utils-1.zip: 56%
2/18/2025, 8:04:40 AM UTC [Modules] Streaming discord_utils@1 to /home/flowy/.config/discord/0.0.85/modules/pending/discord_utils-1.zip: 57%
2/18/2025, 8:04:40 AM UTC [Modules] Streaming discord_utils@1 to /home/flowy/.config/discord/0.0.85/modules/pending/discord_utils-1.zip: 58%
2/18/2025, 8:04:40 AM UTC [Modules] Streaming discord_utils@1 to /home/flowy/.config/discord/0.0.85/modules/pending/discord_utils-1.zip: 59%
2/18/2025, 8:04:40 AM UTC [Modules] Streaming discord_utils@1 to /home/flowy/.config/discord/0.0.85/modules/pending/discord_utils-1.zip: 61%
2/18/2025, 8:04:40 AM UTC [Modules] Streaming discord_utils@1 to /home/flowy/.config/discord/0.0.85/modules/pending/discord_utils-1.zip: 62%
2/18/2025, 8:04:41 AM UTC [Modules] Streaming discord_utils@1 to /home/flowy/.config/discord/0.0.85/modules/pending/discord_utils-1.zip: 64%
2/18/2025, 8:04:41 AM UTC [Modules] Streaming discord_utils@1 to /home/flowy/.config/discord/0.0.85/modules/pending/discord_utils-1.zip: 65%
2/18/2025, 8:04:41 AM UTC [Modules] Streaming discord_utils@1 to /home/flowy/.config/discord/0.0.85/modules/pending/discord_utils-1.zip: 66%
2/18/2025, 8:04:41 AM UTC [Modules] Streaming discord_utils@1 to /home/flowy/.config/discord/0.0.85/modules/pending/discord_utils-1.zip: 67%
2/18/2025, 8:04:41 AM UTC [Modules] Streaming discord_utils@1 to /home/flowy/.config/discord/0.0.85/modules/pending/discord_utils-1.zip: 68%
2/18/2025, 8:04:41 AM UTC [Modules] Streaming discord_utils@1 to /home/flowy/.config/discord/0.0.85/modules/pending/discord_utils-1.zip: 69%
2/18/2025, 8:04:41 AM UTC [Modules] Streaming discord_utils@1 to /home/flowy/.config/discord/0.0.85/modules/pending/discord_utils-1.zip: 70%
2/18/2025, 8:04:41 AM UTC [Modules] Streaming discord_utils@1 to /home/flowy/.config/discord/0.0.85/modules/pending/discord_utils-1.zip: 72%
2/18/2025, 8:04:41 AM UTC [Modules] Streaming discord_utils@1 to /home/flowy/.config/discord/0.0.85/modules/pending/discord_utils-1.zip: 73%
2/18/2025, 8:04:41 AM UTC [Modules] Streaming discord_utils@1 to /home/flowy/.config/discord/0.0.85/modules/pending/discord_utils-1.zip: 75%
2/18/2025, 8:04:41 AM UTC [Modules] Streaming discord_utils@1 to /home/flowy/.config/discord/0.0.85/modules/pending/discord_utils-1.zip: 76%
2/18/2025, 8:04:41 AM UTC [Modules] Streaming discord_utils@1 to /home/flowy/.config/discord/0.0.85/modules/pending/discord_utils-1.zip: 77%
2/18/2025, 8:04:41 AM UTC [Modules] Streaming discord_utils@1 to /home/flowy/.config/discord/0.0.85/modules/pending/discord_utils-1.zip: 78%
2/18/2025, 8:04:41 AM UTC [Modules] Streaming discord_utils@1 to /home/flowy/.config/discord/0.0.85/modules/pending/discord_utils-1.zip: 79%
2/18/2025, 8:04:42 AM UTC [Modules] Streaming discord_utils@1 to /home/flowy/.config/discord/0.0.85/modules/pending/discord_utils-1.zip: 80%
2/18/2025, 8:04:42 AM UTC [Modules] Streaming discord_utils@1 to /home/flowy/.config/discord/0.0.85/modules/pending/discord_utils-1.zip: 81%
2/18/2025, 8:04:42 AM UTC [Modules] Streaming discord_utils@1 to /home/flowy/.config/discord/0.0.85/modules/pending/discord_utils-1.zip: 82%
2/18/2025, 8:04:42 AM UTC [Modules] Streaming discord_utils@1 to /home/flowy/.config/discord/0.0.85/modules/pending/discord_utils-1.zip: 83%
2/18/2025, 8:04:42 AM UTC [Modules] Streaming discord_utils@1 to /home/flowy/.config/discord/0.0.85/modules/pending/discord_utils-1.zip: 84%
2/18/2025, 8:04:42 AM UTC [Modules] Streaming discord_utils@1 to /home/flowy/.config/discord/0.0.85/modules/pending/discord_utils-1.zip: 85%
2/18/2025, 8:04:42 AM UTC [Modules] Streaming discord_utils@1 to /home/flowy/.config/discord/0.0.85/modules/pending/discord_utils-1.zip: 86%
2/18/2025, 8:04:42 AM UTC [Modules] Streaming discord_utils@1 to /home/flowy/.config/discord/0.0.85/modules/pending/discord_utils-1.zip: 87%
2/18/2025, 8:04:42 AM UTC [Modules] Streaming discord_utils@1 to /home/flowy/.config/discord/0.0.85/modules/pending/discord_utils-1.zip: 88%
2/18/2025, 8:04:42 AM UTC [Modules] Streaming discord_utils@1 to /home/flowy/.config/discord/0.0.85/modules/pending/discord_utils-1.zip: 89%
2/18/2025, 8:04:42 AM UTC [Modules] Streaming discord_utils@1 to /home/flowy/.config/discord/0.0.85/modules/pending/discord_utils-1.zip: 90%
2/18/2025, 8:04:42 AM UTC [Modules] Streaming discord_utils@1 to /home/flowy/.config/discord/0.0.85/modules/pending/discord_utils-1.zip: 91%
2/18/2025, 8:04:42 AM UTC [Modules] Streaming discord_utils@1 to /home/flowy/.config/discord/0.0.85/modules/pending/discord_utils-1.zip: 92%
2/18/2025, 8:04:42 AM UTC [Modules] Streaming discord_utils@1 to /home/flowy/.config/discord/0.0.85/modules/pending/discord_utils-1.zip: 93%
2/18/2025, 8:04:42 AM UTC [Modules] Streaming discord_utils@1 to /home/flowy/.config/discord/0.0.85/modules/pending/discord_utils-1.zip: 94%
2/18/2025, 8:04:42 AM UTC [Modules] Streaming discord_utils@1 to /home/flowy/.config/discord/0.0.85/modules/pending/discord_utils-1.zip: 95%
2/18/2025, 8:04:42 AM UTC [Modules] Streaming discord_utils@1 to /home/flowy/.config/discord/0.0.85/modules/pending/discord_utils-1.zip: 96%
2/18/2025, 8:04:42 AM UTC [Modules] Streaming discord_utils@1 to /home/flowy/.config/discord/0.0.85/modules/pending/discord_utils-1.zip: 97%
2/18/2025, 8:04:42 AM UTC [Modules] Streaming discord_utils@1 to /home/flowy/.config/discord/0.0.85/modules/pending/discord_utils-1.zip: 98%
2/18/2025, 8:04:42 AM UTC [Modules] Streaming discord_utils@1 to /home/flowy/.config/discord/0.0.85/modules/pending/discord_utils-1.zip: 99%
2/18/2025, 8:04:42 AM UTC [Modules] Streaming discord_utils@1 to /home/flowy/.config/discord/0.0.85/modules/pending/discord_utils-1.zip: 100%
2/18/2025, 8:04:42 AM UTC [Modules] Fetching discord_voice@1 from https://discord.com/api/modules/stable/discord_voice/1
2/18/2025, 8:04:42 AM UTC [Modules] Streaming discord_voice@1 to /home/flowy/.config/discord/0.0.85/modules/pending/discord_voice-1.zip
2/18/2025, 8:04:43 AM UTC [Modules] Streaming discord_voice@1 to /home/flowy/.config/discord/0.0.85/modules/pending/discord_voice-1.zip: 1%
2/18/2025, 8:04:44 AM UTC [Modules] Streaming discord_voice@1 to /home/flowy/.config/discord/0.0.85/modules/pending/discord_voice-1.zip: 2%
2/18/2025, 8:04:44 AM UTC [Modules] Streaming discord_voice@1 to /home/flowy/.config/discord/0.0.85/modules/pending/discord_voice-1.zip: 3%
2/18/2025, 8:04:44 AM UTC [Modules] Streaming discord_voice@1 to /home/flowy/.config/discord/0.0.85/modules/pending/discord_voice-1.zip: 4%
2/18/2025, 8:04:44 AM UTC [Modules] Streaming discord_voice@1 to /home/flowy/.config/discord/0.0.85/modules/pending/discord_voice-1.zip: 5%
2/18/2025, 8:04:44 AM UTC [Modules] Streaming discord_voice@1 to /home/flowy/.config/discord/0.0.85/modules/pending/discord_voice-1.zip: 6%
2/18/2025, 8:04:45 AM UTC [Modules] Streaming discord_voice@1 to /home/flowy/.config/discord/0.0.85/modules/pending/discord_voice-1.zip: 7%
2/18/2025, 8:04:45 AM UTC [Modules] Streaming discord_voice@1 to /home/flowy/.config/discord/0.0.85/modules/pending/discord_voice-1.zip: 8%
2/18/2025, 8:04:45 AM UTC [Modules] Streaming discord_voice@1 to /home/flowy/.config/discord/0.0.85/modules/pending/discord_voice-1.zip: 9%
2/18/2025, 8:04:45 AM UTC [Modules] Streaming discord_voice@1 to /home/flowy/.config/discord/0.0.85/modules/pending/discord_voice-1.zip: 10%
2/18/2025, 8:04:45 AM UTC [Modules] Streaming discord_voice@1 to /home/flowy/.config/discord/0.0.85/modules/pending/discord_voice-1.zip: 11%
2/18/2025, 8:04:45 AM UTC [Modules] Streaming discord_voice@1 to /home/flowy/.config/discord/0.0.85/modules/pending/discord_voice-1.zip: 12%
2/18/2025, 8:04:45 AM UTC [Modules] Streaming discord_voice@1 to /home/flowy/.config/discord/0.0.85/modules/pending/discord_voice-1.zip: 13%
2/18/2025, 8:04:45 AM UTC [Modules] Streaming discord_voice@1 to /home/flowy/.config/discord/0.0.85/modules/pending/discord_voice-1.zip: 14%
2/18/2025, 8:04:46 AM UTC [Modules] Streaming discord_voice@1 to /home/flowy/.config/discord/0.0.85/modules/pending/discord_voice-1.zip: 15%
2/18/2025, 8:04:46 AM UTC [Modules] Streaming discord_voice@1 to /home/flowy/.config/discord/0.0.85/modules/pending/discord_voice-1.zip: 16%
2/18/2025, 8:04:46 AM UTC [Modules] Streaming discord_voice@1 to /home/flowy/.config/discord/0.0.85/modules/pending/discord_voice-1.zip: 17%
2/18/2025, 8:04:46 AM UTC [Modules] Streaming discord_voice@1 to /home/flowy/.config/discord/0.0.85/modules/pending/discord_voice-1.zip: 18%
2/18/2025, 8:04:46 AM UTC [Modules] Streaming discord_voice@1 to /home/flowy/.config/discord/0.0.85/modules/pending/discord_voice-1.zip: 19%
2/18/2025, 8:04:46 AM UTC [Modules] Streaming discord_voice@1 to /home/flowy/.config/discord/0.0.85/modules/pending/discord_voice-1.zip: 20%
2/18/2025, 8:04:46 AM UTC [Modules] Streaming discord_voice@1 to /home/flowy/.config/discord/0.0.85/modules/pending/discord_voice-1.zip: 21%
2/18/2025, 8:04:46 AM UTC [Modules] Streaming discord_voice@1 to /home/flowy/.config/discord/0.0.85/modules/pending/discord_voice-1.zip: 22%
2/18/2025, 8:04:46 AM UTC [Modules] Streaming discord_voice@1 to /home/flowy/.config/discord/0.0.85/modules/pending/discord_voice-1.zip: 23%
2/18/2025, 8:04:47 AM UTC [Modules] Streaming discord_voice@1 to /home/flowy/.config/discord/0.0.85/modules/pending/discord_voice-1.zip: 24%
2/18/2025, 8:04:47 AM UTC [Modules] Streaming discord_voice@1 to /home/flowy/.config/discord/0.0.85/modules/pending/discord_voice-1.zip: 25%
2/18/2025, 8:04:47 AM UTC [Modules] Streaming discord_voice@1 to /home/flowy/.config/discord/0.0.85/modules/pending/discord_voice-1.zip: 26%
2/18/2025, 8:04:47 AM UTC [Modules] Streaming discord_voice@1 to /home/flowy/.config/discord/0.0.85/modules/pending/discord_voice-1.zip: 27%
2/18/2025, 8:04:48 AM UTC [Modules] Streaming discord_voice@1 to /home/flowy/.config/discord/0.0.85/modules/pending/discord_voice-1.zip: 28%
2/18/2025, 8:04:48 AM UTC [Modules] Streaming discord_voice@1 to /home/flowy/.config/discord/0.0.85/modules/pending/discord_voice-1.zip: 29%
2/18/2025, 8:04:48 AM UTC [Modules] Streaming discord_voice@1 to /home/flowy/.config/discord/0.0.85/modules/pending/discord_voice-1.zip: 30%
2/18/2025, 8:04:48 AM UTC [Modules] Streaming discord_voice@1 to /home/flowy/.config/discord/0.0.85/modules/pending/discord_voice-1.zip: 31%
2/18/2025, 8:04:48 AM UTC [Modules] Streaming discord_voice@1 to /home/flowy/.config/discord/0.0.85/modules/pending/discord_voice-1.zip: 32%
2/18/2025, 8:04:49 AM UTC [Modules] Streaming discord_voice@1 to /home/flowy/.config/discord/0.0.85/modules/pending/discord_voice-1.zip: 33%
2/18/2025, 8:04:49 AM UTC [Modules] Streaming discord_voice@1 to /home/flowy/.config/discord/0.0.85/modules/pending/discord_voice-1.zip: 34%
2/18/2025, 8:04:49 AM UTC [Modules] Streaming discord_voice@1 to /home/flowy/.config/discord/0.0.85/modules/pending/discord_voice-1.zip: 35%
2/18/2025, 8:04:49 AM UTC [Modules] Streaming discord_voice@1 to /home/flowy/.config/discord/0.0.85/modules/pending/discord_voice-1.zip: 36%
2/18/2025, 8:04:49 AM UTC [Modules] Streaming discord_voice@1 to /home/flowy/.config/discord/0.0.85/modules/pending/discord_voice-1.zip: 37%
2/18/2025, 8:04:50 AM UTC [Modules] Streaming discord_voice@1 to /home/flowy/.config/discord/0.0.85/modules/pending/discord_voice-1.zip: 38%
2/18/2025, 8:04:50 AM UTC [Modules] Streaming discord_voice@1 to /home/flowy/.config/discord/0.0.85/modules/pending/discord_voice-1.zip: 39%
2/18/2025, 8:04:50 AM UTC [Modules] Streaming discord_voice@1 to /home/flowy/.config/discord/0.0.85/modules/pending/discord_voice-1.zip: 40%
2/18/2025, 8:04:50 AM UTC [Modules] Streaming discord_voice@1 to /home/flowy/.config/discord/0.0.85/modules/pending/discord_voice-1.zip: 41%
2/18/2025, 8:04:51 AM UTC [Modules] Streaming discord_voice@1 to /home/flowy/.config/discord/0.0.85/modules/pending/discord_voice-1.zip: 42%
2/18/2025, 8:04:51 AM UTC [Modules] Streaming discord_voice@1 to /home/flowy/.config/discord/0.0.85/modules/pending/discord_voice-1.zip: 43%
2/18/2025, 8:04:51 AM UTC [Modules] Streaming discord_voice@1 to /home/flowy/.config/discord/0.0.85/modules/pending/discord_voice-1.zip: 44%
2/18/2025, 8:04:52 AM UTC [Modules] Streaming discord_voice@1 to /home/flowy/.config/discord/0.0.85/modules/pending/discord_voice-1.zip: 45%
2/18/2025, 8:04:52 AM UTC [Modules] Streaming discord_voice@1 to /home/flowy/.config/discord/0.0.85/modules/pending/discord_voice-1.zip: 46%
2/18/2025, 8:04:52 AM UTC [Modules] Streaming discord_voice@1 to /home/flowy/.config/discord/0.0.85/modules/pending/discord_voice-1.zip: 47%
2/18/2025, 8:04:52 AM UTC [Modules] Streaming discord_voice@1 to /home/flowy/.config/discord/0.0.85/modules/pending/discord_voice-1.zip: 48%
2/18/2025, 8:04:52 AM UTC [Modules] Streaming discord_voice@1 to /home/flowy/.config/discord/0.0.85/modules/pending/discord_voice-1.zip: 49%
2/18/2025, 8:04:52 AM UTC [Modules] Streaming discord_voice@1 to /home/flowy/.config/discord/0.0.85/modules/pending/discord_voice-1.zip: 50%
2/18/2025, 8:04:53 AM UTC [Modules] Streaming discord_voice@1 to /home/flowy/.config/discord/0.0.85/modules/pending/discord_voice-1.zip: 51%
2/18/2025, 8:04:53 AM UTC [Modules] Streaming discord_voice@1 to /home/flowy/.config/discord/0.0.85/modules/pending/discord_voice-1.zip: 52%
2/18/2025, 8:04:53 AM UTC [Modules] Streaming discord_voice@1 to /home/flowy/.config/discord/0.0.85/modules/pending/discord_voice-1.zip: 53%
2/18/2025, 8:04:53 AM UTC [Modules] Streaming discord_voice@1 to /home/flowy/.config/discord/0.0.85/modules/pending/discord_voice-1.zip: 54%
2/18/2025, 8:04:53 AM UTC [Modules] Streaming discord_voice@1 to /home/flowy/.config/discord/0.0.85/modules/pending/discord_voice-1.zip: 55%
2/18/2025, 8:04:53 AM UTC [Modules] Streaming discord_voice@1 to /home/flowy/.config/discord/0.0.85/modules/pending/discord_voice-1.zip: 56%
2/18/2025, 8:04:53 AM UTC [Modules] Streaming discord_voice@1 to /home/flowy/.config/discord/0.0.85/modules/pending/discord_voice-1.zip: 57%
2/18/2025, 8:04:54 AM UTC [Modules] Streaming discord_voice@1 to /home/flowy/.config/discord/0.0.85/modules/pending/discord_voice-1.zip: 58%
2/18/2025, 8:04:54 AM UTC [Modules] Streaming discord_voice@1 to /home/flowy/.config/discord/0.0.85/modules/pending/discord_voice-1.zip: 59%
2/18/2025, 8:04:54 AM UTC [Modules] Streaming discord_voice@1 to /home/flowy/.config/discord/0.0.85/modules/pending/discord_voice-1.zip: 60%
2/18/2025, 8:04:54 AM UTC [Modules] Streaming discord_voice@1 to /home/flowy/.config/discord/0.0.85/modules/pending/discord_voice-1.zip: 61%
2/18/2025, 8:04:54 AM UTC [Modules] Streaming discord_voice@1 to /home/flowy/.config/discord/0.0.85/modules/pending/discord_voice-1.zip: 62%
2/18/2025, 8:04:54 AM UTC [Modules] Streaming discord_voice@1 to /home/flowy/.config/discord/0.0.85/modules/pending/discord_voice-1.zip: 63%
2/18/2025, 8:04:54 AM UTC [Modules] Streaming discord_voice@1 to /home/flowy/.config/discord/0.0.85/modules/pending/discord_voice-1.zip: 64%
2/18/2025, 8:04:54 AM UTC [Modules] Streaming discord_voice@1 to /home/flowy/.config/discord/0.0.85/modules/pending/discord_voice-1.zip: 65%
2/18/2025, 8:04:55 AM UTC [Modules] Streaming discord_voice@1 to /home/flowy/.config/discord/0.0.85/modules/pending/discord_voice-1.zip: 66%
2/18/2025, 8:04:55 AM UTC [Modules] Streaming discord_voice@1 to /home/flowy/.config/discord/0.0.85/modules/pending/discord_voice-1.zip: 67%
2/18/2025, 8:04:55 AM UTC [Modules] Streaming discord_voice@1 to /home/flowy/.config/discord/0.0.85/modules/pending/discord_voice-1.zip: 68%
2/18/2025, 8:04:55 AM UTC [Modules] Streaming discord_voice@1 to /home/flowy/.config/discord/0.0.85/modules/pending/discord_voice-1.zip: 69%
2/18/2025, 8:04:55 AM UTC [Modules] Streaming discord_voice@1 to /home/flowy/.config/discord/0.0.85/modules/pending/discord_voice-1.zip: 70%
2/18/2025, 8:04:55 AM UTC [Modules] Streaming discord_voice@1 to /home/flowy/.config/discord/0.0.85/modules/pending/discord_voice-1.zip: 71%
2/18/2025, 8:04:55 AM UTC [Modules] Streaming discord_voice@1 to /home/flowy/.config/discord/0.0.85/modules/pending/discord_voice-1.zip: 72%
2/18/2025, 8:04:56 AM UTC [Modules] Streaming discord_voice@1 to /home/flowy/.config/discord/0.0.85/modules/pending/discord_voice-1.zip: 73%
2/18/2025, 8:04:56 AM UTC [Modules] Streaming discord_voice@1 to /home/flowy/.config/discord/0.0.85/modules/pending/discord_voice-1.zip: 74%
2/18/2025, 8:04:56 AM UTC [Modules] Streaming discord_voice@1 to /home/flowy/.config/discord/0.0.85/modules/pending/discord_voice-1.zip: 75%
2/18/2025, 8:04:57 AM UTC [Modules] Streaming discord_voice@1 to /home/flowy/.config/discord/0.0.85/modules/pending/discord_voice-1.zip: 76%
2/18/2025, 8:04:57 AM UTC [Modules] Streaming discord_voice@1 to /home/flowy/.config/discord/0.0.85/modules/pending/discord_voice-1.zip: 77%
2/18/2025, 8:04:57 AM UTC [Modules] Streaming discord_voice@1 to /home/flowy/.config/discord/0.0.85/modules/pending/discord_voice-1.zip: 78%
2/18/2025, 8:04:57 AM UTC [Modules] Streaming discord_voice@1 to /home/flowy/.config/discord/0.0.85/modules/pending/discord_voice-1.zip: 79%
2/18/2025, 8:04:57 AM UTC [Modules] Streaming discord_voice@1 to /home/flowy/.config/discord/0.0.85/modules/pending/discord_voice-1.zip: 80%
2/18/2025, 8:04:57 AM UTC [Modules] Streaming discord_voice@1 to /home/flowy/.config/discord/0.0.85/modules/pending/discord_voice-1.zip: 81%
2/18/2025, 8:04:57 AM UTC [Modules] Streaming discord_voice@1 to /home/flowy/.config/discord/0.0.85/modules/pending/discord_voice-1.zip: 82%
2/18/2025, 8:04:58 AM UTC [Modules] Streaming discord_voice@1 to /home/flowy/.config/discord/0.0.85/modules/pending/discord_voice-1.zip: 83%
2/18/2025, 8:04:58 AM UTC [Modules] Streaming discord_voice@1 to /home/flowy/.config/discord/0.0.85/modules/pending/discord_voice-1.zip: 84%
2/18/2025, 8:04:58 AM UTC [Modules] Streaming discord_voice@1 to /home/flowy/.config/discord/0.0.85/modules/pending/discord_voice-1.zip: 85%
2/18/2025, 8:04:58 AM UTC [Modules] Streaming discord_voice@1 to /home/flowy/.config/discord/0.0.85/modules/pending/discord_voice-1.zip: 86%
2/18/2025, 8:04:58 AM UTC [Modules] Streaming discord_voice@1 to /home/flowy/.config/discord/0.0.85/modules/pending/discord_voice-1.zip: 87%
2/18/2025, 8:04:59 AM UTC [Modules] Streaming discord_voice@1 to /home/flowy/.config/discord/0.0.85/modules/pending/discord_voice-1.zip: 88%
2/18/2025, 8:04:59 AM UTC [Modules] Streaming discord_voice@1 to /home/flowy/.config/discord/0.0.85/modules/pending/discord_voice-1.zip: 89%
2/18/2025, 8:04:59 AM UTC [Modules] Streaming discord_voice@1 to /home/flowy/.config/discord/0.0.85/modules/pending/discord_voice-1.zip: 90%
2/18/2025, 8:05:00 AM UTC [Modules] Streaming discord_voice@1 to /home/flowy/.config/discord/0.0.85/modules/pending/discord_voice-1.zip: 91%
2/18/2025, 8:05:00 AM UTC [Modules] Streaming discord_voice@1 to /home/flowy/.config/discord/0.0.85/modules/pending/discord_voice-1.zip: 92%
2/18/2025, 8:05:00 AM UTC [Modules] Streaming discord_voice@1 to /home/flowy/.config/discord/0.0.85/modules/pending/discord_voice-1.zip: 93%
2/18/2025, 8:05:00 AM UTC [Modules] Streaming discord_voice@1 to /home/flowy/.config/discord/0.0.85/modules/pending/discord_voice-1.zip: 94%
2/18/2025, 8:05:01 AM UTC [Modules] Streaming discord_voice@1 to /home/flowy/.config/discord/0.0.85/modules/pending/discord_voice-1.zip: 95%
2/18/2025, 8:05:01 AM UTC [Modules] Streaming discord_voice@1 to /home/flowy/.config/discord/0.0.85/modules/pending/discord_voice-1.zip: 96%
2/18/2025, 8:05:01 AM UTC [Modules] Streaming discord_voice@1 to /home/flowy/.config/discord/0.0.85/modules/pending/discord_voice-1.zip: 97%
2/18/2025, 8:05:01 AM UTC [Modules] Streaming discord_voice@1 to /home/flowy/.config/discord/0.0.85/modules/pending/discord_voice-1.zip: 98%
2/18/2025, 8:05:01 AM UTC [Modules] Streaming discord_voice@1 to /home/flowy/.config/discord/0.0.85/modules/pending/discord_voice-1.zip: 99%
2/18/2025, 8:05:02 AM UTC [Modules] Streaming discord_voice@1 to /home/flowy/.config/discord/0.0.85/modules/pending/discord_voice-1.zip: 100%
2/18/2025, 8:05:02 AM UTC [Modules] Fetching discord_zstd@1 from https://discord.com/api/modules/stable/discord_zstd/1
2/18/2025, 8:05:02 AM UTC [Modules] Streaming discord_zstd@1 to /home/flowy/.config/discord/0.0.85/modules/pending/discord_zstd-1.zip
2/18/2025, 8:05:03 AM UTC [Modules] Streaming discord_zstd@1 to /home/flowy/.config/discord/0.0.85/modules/pending/discord_zstd-1.zip: 9%
2/18/2025, 8:05:03 AM UTC [Modules] Streaming discord_zstd@1 to /home/flowy/.config/discord/0.0.85/modules/pending/discord_zstd-1.zip: 12%
2/18/2025, 8:05:03 AM UTC [Modules] Streaming discord_zstd@1 to /home/flowy/.config/discord/0.0.85/modules/pending/discord_zstd-1.zip: 17%
2/18/2025, 8:05:03 AM UTC [Modules] Streaming discord_zstd@1 to /home/flowy/.config/discord/0.0.85/modules/pending/discord_zstd-1.zip: 18%
2/18/2025, 8:05:03 AM UTC [Modules] Streaming discord_zstd@1 to /home/flowy/.config/discord/0.0.85/modules/pending/discord_zstd-1.zip: 20%
2/18/2025, 8:05:03 AM UTC [Modules] Streaming discord_zstd@1 to /home/flowy/.config/discord/0.0.85/modules/pending/discord_zstd-1.zip: 37%
2/18/2025, 8:05:03 AM UTC [Modules] Streaming discord_zstd@1 to /home/flowy/.config/discord/0.0.85/modules/pending/discord_zstd-1.zip: 71%
2/18/2025, 8:05:03 AM UTC [Modules] Streaming discord_zstd@1 to /home/flowy/.config/discord/0.0.85/modules/pending/discord_zstd-1.zip: 77%
2/18/2025, 8:05:03 AM UTC [Modules] Streaming discord_zstd@1 to /home/flowy/.config/discord/0.0.85/modules/pending/discord_zstd-1.zip: 94%
2/18/2025, 8:05:03 AM UTC [Modules] Streaming discord_zstd@1 to /home/flowy/.config/discord/0.0.85/modules/pending/discord_zstd-1.zip: 100%
2/18/2025, 8:05:03 AM UTC [Modules] Finished module downloads. [success: 6] [failure: 0]
2/18/2025, 8:05:03 AM UTC [Modules] Installing updates...
2/18/2025, 8:05:03 AM UTC [Modules] Installing discord_desktop_core@1 from /home/flowy/.config/discord/0.0.85/modules/pending/discord_desktop_core-1.zip
2/18/2025, 8:05:03 AM UTC [Modules] Installing discord_erlpack@1 from /home/flowy/.config/discord/0.0.85/modules/pending/discord_erlpack-1.zip
2/18/2025, 8:05:03 AM UTC [Modules] Installing discord_spellcheck@1 from /home/flowy/.config/discord/0.0.85/modules/pending/discord_spellcheck-1.zip
2/18/2025, 8:05:04 AM UTC [Modules] Installing discord_utils@1 from /home/flowy/.config/discord/0.0.85/modules/pending/discord_utils-1.zip
2/18/2025, 8:05:05 AM UTC [Modules] Installing discord_voice@1 from /home/flowy/.config/discord/0.0.85/modules/pending/discord_voice-1.zip
2/18/2025, 8:05:05 AM UTC [Modules] Installing discord_zstd@1 from /home/flowy/.config/discord/0.0.85/modules/pending/discord_zstd-1.zip
2/18/2025, 8:05:05 AM UTC [Modules] Finished module installations. [success: 6] [failure: 0]
2/18/2025, 8:05:05 AM UTC [Modules] Checking for host updates.
2/18/2025, 8:05:06 AM UTC [Modules] Host is up to date.
2/18/2025, 8:05:06 AM UTC [Modules] Checking for module updates at https://discord.com/api/modules/stable/versions.json
2/18/2025, 8:05:06 AM UTC [Modules] No module updates available.
2/18/2025, 8:05:10 AM UTC [Modules] Starting to install discord_krisp...
2/18/2025, 8:05:10 AM UTC [Modules] Fetching discord_krisp@1 from https://discord.com/api/modules/stable/discord_krisp/1
2/18/2025, 8:05:10 AM UTC [Modules] Streaming discord_krisp@1 to /home/flowy/.config/discord/0.0.85/modules/pending/discord_krisp-1.zip
2/18/2025, 8:05:10 AM UTC [Modules] Starting to install discord_game_utils...
2/18/2025, 8:05:11 AM UTC [Modules] Streaming discord_krisp@1 to /home/flowy/.config/discord/0.0.85/modules/pending/discord_krisp-1.zip: 1%
2/18/2025, 8:05:11 AM UTC [Modules] Streaming discord_krisp@1 to /home/flowy/.config/discord/0.0.85/modules/pending/discord_krisp-1.zip: 2%
2/18/2025, 8:05:12 AM UTC [Modules] Streaming discord_krisp@1 to /home/flowy/.config/discord/0.0.85/modules/pending/discord_krisp-1.zip: 3%
2/18/2025, 8:05:12 AM UTC [Modules] Streaming discord_krisp@1 to /home/flowy/.config/discord/0.0.85/modules/pending/discord_krisp-1.zip: 4%
2/18/2025, 8:05:12 AM UTC [Modules] Streaming discord_krisp@1 to /home/flowy/.config/discord/0.0.85/modules/pending/discord_krisp-1.zip: 5%
2/18/2025, 8:05:13 AM UTC [Modules] Streaming discord_krisp@1 to /home/flowy/.config/discord/0.0.85/modules/pending/discord_krisp-1.zip: 6%
2/18/2025, 8:05:13 AM UTC [Modules] Streaming discord_krisp@1 to /home/flowy/.config/discord/0.0.85/modules/pending/discord_krisp-1.zip: 7%
2/18/2025, 8:05:13 AM UTC [Modules] Streaming discord_krisp@1 to /home/flowy/.config/discord/0.0.85/modules/pending/discord_krisp-1.zip: 8%
2/18/2025, 8:05:14 AM UTC [Modules] Streaming discord_krisp@1 to /home/flowy/.config/discord/0.0.85/modules/pending/discord_krisp-1.zip: 9%
2/18/2025, 8:05:14 AM UTC [Modules] Streaming discord_krisp@1 to /home/flowy/.config/discord/0.0.85/modules/pending/discord_krisp-1.zip: 10%
2/18/2025, 8:05:15 AM UTC [Modules] Streaming discord_krisp@1 to /home/flowy/.config/discord/0.0.85/modules/pending/discord_krisp-1.zip: 11%
2/18/2025, 8:05:15 AM UTC [Modules] Streaming discord_krisp@1 to /home/flowy/.config/discord/0.0.85/modules/pending/discord_krisp-1.zip: 12%
2/18/2025, 8:05:15 AM UTC [Modules] Streaming discord_krisp@1 to /home/flowy/.config/discord/0.0.85/modules/pending/discord_krisp-1.zip: 13%
2/18/2025, 8:05:16 AM UTC [Modules] Streaming discord_krisp@1 to /home/flowy/.config/discord/0.0.85/modules/pending/discord_krisp-1.zip: 14%
2/18/2025, 8:05:16 AM UTC [Modules] Streaming discord_krisp@1 to /home/flowy/.config/discord/0.0.85/modules/pending/discord_krisp-1.zip: 15%
2/18/2025, 8:05:16 AM UTC [Modules] Streaming discord_krisp@1 to /home/flowy/.config/discord/0.0.85/modules/pending/discord_krisp-1.zip: 16%
2/18/2025, 8:05:17 AM UTC [Modules] Streaming discord_krisp@1 to /home/flowy/.config/discord/0.0.85/modules/pending/discord_krisp-1.zip: 17%
2/18/2025, 8:05:17 AM UTC [Modules] Streaming discord_krisp@1 to /home/flowy/.config/discord/0.0.85/modules/pending/discord_krisp-1.zip: 18%
2/18/2025, 8:05:17 AM UTC [Modules] Streaming discord_krisp@1 to /home/flowy/.config/discord/0.0.85/modules/pending/discord_krisp-1.zip: 19%
2/18/2025, 8:05:17 AM UTC [Modules] Streaming discord_krisp@1 to /home/flowy/.config/discord/0.0.85/modules/pending/discord_krisp-1.zip: 20%
2/18/2025, 8:05:18 AM UTC [Modules] Streaming discord_krisp@1 to /home/flowy/.config/discord/0.0.85/modules/pending/discord_krisp-1.zip: 21%
2/18/2025, 8:05:18 AM UTC [Modules] Streaming discord_krisp@1 to /home/flowy/.config/discord/0.0.85/modules/pending/discord_krisp-1.zip: 22%
2/18/2025, 8:05:18 AM UTC [Modules] Streaming discord_krisp@1 to /home/flowy/.config/discord/0.0.85/modules/pending/discord_krisp-1.zip: 23%
2/18/2025, 8:05:18 AM UTC [Modules] Streaming discord_krisp@1 to /home/flowy/.config/discord/0.0.85/modules/pending/discord_krisp-1.zip: 24%
2/18/2025, 8:05:18 AM UTC [Modules] Streaming discord_krisp@1 to /home/flowy/.config/discord/0.0.85/modules/pending/discord_krisp-1.zip: 25%
2/18/2025, 8:05:18 AM UTC [Modules] Streaming discord_krisp@1 to /home/flowy/.config/discord/0.0.85/modules/pending/discord_krisp-1.zip: 26%
2/18/2025, 8:05:19 AM UTC [Modules] Streaming discord_krisp@1 to /home/flowy/.config/discord/0.0.85/modules/pending/discord_krisp-1.zip: 27%
2/18/2025, 8:05:19 AM UTC [Modules] Streaming discord_krisp@1 to /home/flowy/.config/discord/0.0.85/modules/pending/discord_krisp-1.zip: 28%
2/18/2025, 8:05:19 AM UTC [Modules] Streaming discord_krisp@1 to /home/flowy/.config/discord/0.0.85/modules/pending/discord_krisp-1.zip: 29%
2/18/2025, 8:05:19 AM UTC [Modules] Streaming discord_krisp@1 to /home/flowy/.config/discord/0.0.85/modules/pending/discord_krisp-1.zip: 30%
2/18/2025, 8:05:20 AM UTC [Modules] Streaming discord_krisp@1 to /home/flowy/.config/discord/0.0.85/modules/pending/discord_krisp-1.zip: 31%
2/18/2025, 8:05:20 AM UTC [Modules] Streaming discord_krisp@1 to /home/flowy/.config/discord/0.0.85/modules/pending/discord_krisp-1.zip: 32%
2/18/2025, 8:05:20 AM UTC [Modules] Streaming discord_krisp@1 to /home/flowy/.config/discord/0.0.85/modules/pending/discord_krisp-1.zip: 33%
2/18/2025, 8:05:20 AM UTC [Modules] Streaming discord_krisp@1 to /home/flowy/.config/discord/0.0.85/modules/pending/discord_krisp-1.zip: 34%
2/18/2025, 8:05:21 AM UTC [Modules] Streaming discord_krisp@1 to /home/flowy/.config/discord/0.0.85/modules/pending/discord_krisp-1.zip: 35%
2/18/2025, 8:05:21 AM UTC [Modules] Streaming discord_krisp@1 to /home/flowy/.config/discord/0.0.85/modules/pending/discord_krisp-1.zip: 36%
2/18/2025, 8:05:22 AM UTC [Modules] Streaming discord_krisp@1 to /home/flowy/.config/discord/0.0.85/modules/pending/discord_krisp-1.zip: 37%
2/18/2025, 8:05:22 AM UTC [Modules] Streaming discord_krisp@1 to /home/flowy/.config/discord/0.0.85/modules/pending/discord_krisp-1.zip: 38%
2/18/2025, 8:05:23 AM UTC [Modules] Streaming discord_krisp@1 to /home/flowy/.config/discord/0.0.85/modules/pending/discord_krisp-1.zip: 39%
2/18/2025, 8:05:23 AM UTC [Modules] Streaming discord_krisp@1 to /home/flowy/.config/discord/0.0.85/modules/pending/discord_krisp-1.zip: 40%
2/18/2025, 8:05:24 AM UTC [Modules] Streaming discord_krisp@1 to /home/flowy/.config/discord/0.0.85/modules/pending/discord_krisp-1.zip: 41%
2/18/2025, 8:05:25 AM UTC [Modules] Streaming discord_krisp@1 to /home/flowy/.config/discord/0.0.85/modules/pending/discord_krisp-1.zip: 42%
2/18/2025, 8:05:25 AM UTC [Modules] Streaming discord_krisp@1 to /home/flowy/.config/discord/0.0.85/modules/pending/discord_krisp-1.zip: 43%
2/18/2025, 8:05:26 AM UTC [Modules] Streaming discord_krisp@1 to /home/flowy/.config/discord/0.0.85/modules/pending/discord_krisp-1.zip: 44%
2/18/2025, 8:05:26 AM UTC [Modules] Streaming discord_krisp@1 to /home/flowy/.config/discord/0.0.85/modules/pending/discord_krisp-1.zip: 45%
2/18/2025, 8:05:27 AM UTC [Modules] Streaming discord_krisp@1 to /home/flowy/.config/discord/0.0.85/modules/pending/discord_krisp-1.zip: 46%
2/18/2025, 8:05:28 AM UTC [Modules] Streaming discord_krisp@1 to /home/flowy/.config/discord/0.0.85/modules/pending/discord_krisp-1.zip: 47%
2/18/2025, 8:05:29 AM UTC [Modules] Streaming discord_krisp@1 to /home/flowy/.config/discord/0.0.85/modules/pending/discord_krisp-1.zip: 48%
2/18/2025, 8:05:31 AM UTC [Modules] Streaming discord_krisp@1 to /home/flowy/.config/discord/0.0.85/modules/pending/discord_krisp-1.zip: 49%
2/18/2025, 8:05:33 AM UTC [Modules] Streaming discord_krisp@1 to /home/flowy/.config/discord/0.0.85/modules/pending/discord_krisp-1.zip: 50%
2/18/2025, 8:05:35 AM UTC [Modules] Streaming discord_krisp@1 to /home/flowy/.config/discord/0.0.85/modules/pending/discord_krisp-1.zip: 51%
2/18/2025, 8:05:37 AM UTC [Modules] Streaming discord_krisp@1 to /home/flowy/.config/discord/0.0.85/modules/pending/discord_krisp-1.zip: 52%
2/18/2025, 8:05:38 AM UTC [Modules] Streaming discord_krisp@1 to /home/flowy/.config/discord/0.0.85/modules/pending/discord_krisp-1.zip: 53%
2/18/2025, 8:05:39 AM UTC [Modules] Streaming discord_krisp@1 to /home/flowy/.config/discord/0.0.85/modules/pending/discord_krisp-1.zip: 54%
2/18/2025, 8:05:40 AM UTC [Modules] Streaming discord_krisp@1 to /home/flowy/.config/discord/0.0.85/modules/pending/discord_krisp-1.zip: 55%
2/18/2025, 8:05:40 AM UTC [Modules] Streaming discord_krisp@1 to /home/flowy/.config/discord/0.0.85/modules/pending/discord_krisp-1.zip: 56%
2/18/2025, 8:05:41 AM UTC [Modules] Streaming discord_krisp@1 to /home/flowy/.config/discord/0.0.85/modules/pending/discord_krisp-1.zip: 57%
2/18/2025, 8:05:41 AM UTC [Modules] Streaming discord_krisp@1 to /home/flowy/.config/discord/0.0.85/modules/pending/discord_krisp-1.zip: 58%
2/18/2025, 8:05:41 AM UTC [Modules] Streaming discord_krisp@1 to /home/flowy/.config/discord/0.0.85/modules/pending/discord_krisp-1.zip: 59%
2/18/2025, 8:05:41 AM UTC [Modules] Streaming discord_krisp@1 to /home/flowy/.config/discord/0.0.85/modules/pending/discord_krisp-1.zip: 60%
2/18/2025, 8:05:42 AM UTC [Modules] Streaming discord_krisp@1 to /home/flowy/.config/discord/0.0.85/modules/pending/discord_krisp-1.zip: 61%
2/18/2025, 8:05:42 AM UTC [Modules] Streaming discord_krisp@1 to /home/flowy/.config/discord/0.0.85/modules/pending/discord_krisp-1.zip: 62%
2/18/2025, 8:05:42 AM UTC [Modules] Streaming discord_krisp@1 to /home/flowy/.config/discord/0.0.85/modules/pending/discord_krisp-1.zip: 63%
2/18/2025, 8:05:43 AM UTC [Modules] Streaming discord_krisp@1 to /home/flowy/.config/discord/0.0.85/modules/pending/discord_krisp-1.zip: 64%
2/18/2025, 8:05:43 AM UTC [Modules] Streaming discord_krisp@1 to /home/flowy/.config/discord/0.0.85/modules/pending/discord_krisp-1.zip: 65%
2/18/2025, 8:05:43 AM UTC [Modules] Streaming discord_krisp@1 to /home/flowy/.config/discord/0.0.85/modules/pending/discord_krisp-1.zip: 66%
2/18/2025, 8:05:44 AM UTC [Modules] Streaming discord_krisp@1 to /home/flowy/.config/discord/0.0.85/modules/pending/discord_krisp-1.zip: 67%
2/18/2025, 8:05:44 AM UTC [Modules] Streaming discord_krisp@1 to /home/flowy/.config/discord/0.0.85/modules/pending/discord_krisp-1.zip: 68%
2/18/2025, 8:05:45 AM UTC [Modules] Streaming discord_krisp@1 to /home/flowy/.config/discord/0.0.85/modules/pending/discord_krisp-1.zip: 69%
2/18/2025, 8:05:45 AM UTC [Modules] Streaming discord_krisp@1 to /home/flowy/.config/discord/0.0.85/modules/pending/discord_krisp-1.zip: 70%
2/18/2025, 8:05:46 AM UTC [Modules] Streaming discord_krisp@1 to /home/flowy/.config/discord/0.0.85/modules/pending/discord_krisp-1.zip: 71%
2/18/2025, 8:05:46 AM UTC [Modules] Streaming discord_krisp@1 to /home/flowy/.config/discord/0.0.85/modules/pending/discord_krisp-1.zip: 72%
2/18/2025, 8:05:46 AM UTC [Modules] Streaming discord_krisp@1 to /home/flowy/.config/discord/0.0.85/modules/pending/discord_krisp-1.zip: 73%
2/18/2025, 8:05:47 AM UTC [Modules] Streaming discord_krisp@1 to /home/flowy/.config/discord/0.0.85/modules/pending/discord_krisp-1.zip: 74%
2/18/2025, 8:05:47 AM UTC [Modules] Streaming discord_krisp@1 to /home/flowy/.config/discord/0.0.85/modules/pending/discord_krisp-1.zip: 75%
2/18/2025, 8:05:48 AM UTC [Modules] Streaming discord_krisp@1 to /home/flowy/.config/discord/0.0.85/modules/pending/discord_krisp-1.zip: 76%
2/18/2025, 8:05:48 AM UTC [Modules] Streaming discord_krisp@1 to /home/flowy/.config/discord/0.0.85/modules/pending/discord_krisp-1.zip: 77%
2/18/2025, 8:05:48 AM UTC [Modules] Streaming discord_krisp@1 to /home/flowy/.config/discord/0.0.85/modules/pending/discord_krisp-1.zip: 78%
2/18/2025, 8:05:49 AM UTC [Modules] Streaming discord_krisp@1 to /home/flowy/.config/discord/0.0.85/modules/pending/discord_krisp-1.zip: 79%
2/18/2025, 8:05:49 AM UTC [Modules] Streaming discord_krisp@1 to /home/flowy/.config/discord/0.0.85/modules/pending/discord_krisp-1.zip: 80%
2/18/2025, 8:05:49 AM UTC [Modules] Streaming discord_krisp@1 to /home/flowy/.config/discord/0.0.85/modules/pending/discord_krisp-1.zip: 81%
2/18/2025, 8:05:50 AM UTC [Modules] Streaming discord_krisp@1 to /home/flowy/.config/discord/0.0.85/modules/pending/discord_krisp-1.zip: 82%
2/18/2025, 8:05:50 AM UTC [Modules] Streaming discord_krisp@1 to /home/flowy/.config/discord/0.0.85/modules/pending/discord_krisp-1.zip: 83%
2/18/2025, 8:05:50 AM UTC [Modules] Streaming discord_krisp@1 to /home/flowy/.config/discord/0.0.85/modules/pending/discord_krisp-1.zip: 84%
2/18/2025, 8:05:51 AM UTC [Modules] Streaming discord_krisp@1 to /home/flowy/.config/discord/0.0.85/modules/pending/discord_krisp-1.zip: 85%
2/18/2025, 8:05:51 AM UTC [Modules] Streaming discord_krisp@1 to /home/flowy/.config/discord/0.0.85/modules/pending/discord_krisp-1.zip: 86%
2/18/2025, 8:05:51 AM UTC [Modules] Streaming discord_krisp@1 to /home/flowy/.config/discord/0.0.85/modules/pending/discord_krisp-1.zip: 87%
2/18/2025, 8:05:51 AM UTC [Modules] Streaming discord_krisp@1 to /home/flowy/.config/discord/0.0.85/modules/pending/discord_krisp-1.zip: 88%
2/18/2025, 8:05:51 AM UTC [Modules] Streaming discord_krisp@1 to /home/flowy/.config/discord/0.0.85/modules/pending/discord_krisp-1.zip: 89%
2/18/2025, 8:05:52 AM UTC [Modules] Streaming discord_krisp@1 to /home/flowy/.config/discord/0.0.85/modules/pending/discord_krisp-1.zip: 90%
2/18/2025, 8:05:52 AM UTC [Modules] Streaming discord_krisp@1 to /home/flowy/.config/discord/0.0.85/modules/pending/discord_krisp-1.zip: 91%
2/18/2025, 8:05:52 AM UTC [Modules] Streaming discord_krisp@1 to /home/flowy/.config/discord/0.0.85/modules/pending/discord_krisp-1.zip: 92%
2/18/2025, 8:05:52 AM UTC [Modules] Streaming discord_krisp@1 to /home/flowy/.config/discord/0.0.85/modules/pending/discord_krisp-1.zip: 93%
2/18/2025, 8:05:53 AM UTC [Modules] Streaming discord_krisp@1 to /home/flowy/.config/discord/0.0.85/modules/pending/discord_krisp-1.zip: 94%
2/18/2025, 8:05:53 AM UTC [Modules] Streaming discord_krisp@1 to /home/flowy/.config/discord/0.0.85/modules/pending/discord_krisp-1.zip: 95%
2/18/2025, 8:05:53 AM UTC [Modules] Streaming discord_krisp@1 to /home/flowy/.config/discord/0.0.85/modules/pending/discord_krisp-1.zip: 96%
2/18/2025, 8:05:54 AM UTC [Modules] Streaming discord_krisp@1 to /home/flowy/.config/discord/0.0.85/modules/pending/discord_krisp-1.zip: 97%
2/18/2025, 8:05:54 AM UTC [Modules] Streaming discord_krisp@1 to /home/flowy/.config/discord/0.0.85/modules/pending/discord_krisp-1.zip: 98%
2/18/2025, 8:05:55 AM UTC [Modules] Streaming discord_krisp@1 to /home/flowy/.config/discord/0.0.85/modules/pending/discord_krisp-1.zip: 99%
2/18/2025, 8:05:56 AM UTC [Modules] Streaming discord_krisp@1 to /home/flowy/.config/discord/0.0.85/modules/pending/discord_krisp-1.zip: 100%
2/18/2025, 8:05:56 AM UTC [Modules] Fetching discord_game_utils@1 from https://discord.com/api/modules/stable/discord_game_utils/1
2/18/2025, 8:05:56 AM UTC [Modules] Streaming discord_game_utils@1 to /home/flowy/.config/discord/0.0.85/modules/pending/discord_game_utils-1.zip
2/18/2025, 8:05:56 AM UTC [Modules] Installing discord_krisp@1 from /home/flowy/.config/discord/0.0.85/modules/pending/discord_krisp-1.zip
2/18/2025, 8:05:56 AM UTC [Modules] Finished module installations. [success: 1] [failure: 0]
2/18/2025, 8:05:57 AM UTC [Modules] Streaming discord_game_utils@1 to /home/flowy/.config/discord/0.0.85/modules/pending/discord_game_utils-1.zip: 1%
2/18/2025, 8:05:57 AM UTC [Modules] Streaming discord_game_utils@1 to /home/flowy/.config/discord/0.0.85/modules/pending/discord_game_utils-1.zip: 2%
2/18/2025, 8:05:57 AM UTC [Modules] Streaming discord_game_utils@1 to /home/flowy/.config/discord/0.0.85/modules/pending/discord_game_utils-1.zip: 3%
2/18/2025, 8:05:57 AM UTC [Modules] Streaming discord_game_utils@1 to /home/flowy/.config/discord/0.0.85/modules/pending/discord_game_utils-1.zip: 4%
2/18/2025, 8:05:57 AM UTC [Modules] Streaming discord_game_utils@1 to /home/flowy/.config/discord/0.0.85/modules/pending/discord_game_utils-1.zip: 5%
2/18/2025, 8:05:57 AM UTC [Modules] Streaming discord_game_utils@1 to /home/flowy/.config/discord/0.0.85/modules/pending/discord_game_utils-1.zip: 6%
2/18/2025, 8:05:57 AM UTC [Modules] Streaming discord_game_utils@1 to /home/flowy/.config/discord/0.0.85/modules/pending/discord_game_utils-1.zip: 7%
2/18/2025, 8:05:57 AM UTC [Modules] Streaming discord_game_utils@1 to /home/flowy/.config/discord/0.0.85/modules/pending/discord_game_utils-1.zip: 8%
2/18/2025, 8:05:57 AM UTC [Modules] Streaming discord_game_utils@1 to /home/flowy/.config/discord/0.0.85/modules/pending/discord_game_utils-1.zip: 9%
2/18/2025, 8:05:57 AM UTC [Modules] Streaming discord_game_utils@1 to /home/flowy/.config/discord/0.0.85/modules/pending/discord_game_utils-1.zip: 10%
2/18/2025, 8:05:57 AM UTC [Modules] Streaming discord_game_utils@1 to /home/flowy/.config/discord/0.0.85/modules/pending/discord_game_utils-1.zip: 11%
2/18/2025, 8:05:57 AM UTC [Modules] Streaming discord_game_utils@1 to /home/flowy/.config/discord/0.0.85/modules/pending/discord_game_utils-1.zip: 12%
2/18/2025, 8:05:57 AM UTC [Modules] Streaming discord_game_utils@1 to /home/flowy/.config/discord/0.0.85/modules/pending/discord_game_utils-1.zip: 13%
2/18/2025, 8:05:57 AM UTC [Modules] Streaming discord_game_utils@1 to /home/flowy/.config/discord/0.0.85/modules/pending/discord_game_utils-1.zip: 14%
2/18/2025, 8:05:57 AM UTC [Modules] Streaming discord_game_utils@1 to /home/flowy/.config/discord/0.0.85/modules/pending/discord_game_utils-1.zip: 15%
2/18/2025, 8:05:57 AM UTC [Modules] Streaming discord_game_utils@1 to /home/flowy/.config/discord/0.0.85/modules/pending/discord_game_utils-1.zip: 16%
2/18/2025, 8:05:57 AM UTC [Modules] Streaming discord_game_utils@1 to /home/flowy/.config/discord/0.0.85/modules/pending/discord_game_utils-1.zip: 17%
2/18/2025, 8:05:57 AM UTC [Modules] Streaming discord_game_utils@1 to /home/flowy/.config/discord/0.0.85/modules/pending/discord_game_utils-1.zip: 18%
2/18/2025, 8:05:57 AM UTC [Modules] Streaming discord_game_utils@1 to /home/flowy/.config/discord/0.0.85/modules/pending/discord_game_utils-1.zip: 19%
2/18/2025, 8:05:57 AM UTC [Modules] Streaming discord_game_utils@1 to /home/flowy/.config/discord/0.0.85/modules/pending/discord_game_utils-1.zip: 20%
2/18/2025, 8:05:57 AM UTC [Modules] Streaming discord_game_utils@1 to /home/flowy/.config/discord/0.0.85/modules/pending/discord_game_utils-1.zip: 21%
2/18/2025, 8:05:57 AM UTC [Modules] Streaming discord_game_utils@1 to /home/flowy/.config/discord/0.0.85/modules/pending/discord_game_utils-1.zip: 22%
2/18/2025, 8:05:57 AM UTC [Modules] Streaming discord_game_utils@1 to /home/flowy/.config/discord/0.0.85/modules/pending/discord_game_utils-1.zip: 23%
2/18/2025, 8:05:58 AM UTC [Modules] Streaming discord_game_utils@1 to /home/flowy/.config/discord/0.0.85/modules/pending/discord_game_utils-1.zip: 24%
2/18/2025, 8:05:58 AM UTC [Modules] Streaming discord_game_utils@1 to /home/flowy/.config/discord/0.0.85/modules/pending/discord_game_utils-1.zip: 25%
2/18/2025, 8:05:58 AM UTC [Modules] Streaming discord_game_utils@1 to /home/flowy/.config/discord/0.0.85/modules/pending/discord_game_utils-1.zip: 26%
2/18/2025, 8:05:58 AM UTC [Modules] Streaming discord_game_utils@1 to /home/flowy/.config/discord/0.0.85/modules/pending/discord_game_utils-1.zip: 27%
2/18/2025, 8:05:58 AM UTC [Modules] Streaming discord_game_utils@1 to /home/flowy/.config/discord/0.0.85/modules/pending/discord_game_utils-1.zip: 29%
2/18/2025, 8:05:58 AM UTC [Modules] Streaming discord_game_utils@1 to /home/flowy/.config/discord/0.0.85/modules/pending/discord_game_utils-1.zip: 30%
2/18/2025, 8:05:58 AM UTC [Modules] Streaming discord_game_utils@1 to /home/flowy/.config/discord/0.0.85/modules/pending/discord_game_utils-1.zip: 31%
2/18/2025, 8:05:58 AM UTC [Modules] Streaming discord_game_utils@1 to /home/flowy/.config/discord/0.0.85/modules/pending/discord_game_utils-1.zip: 32%
2/18/2025, 8:05:58 AM UTC [Modules] Streaming discord_game_utils@1 to /home/flowy/.config/discord/0.0.85/modules/pending/discord_game_utils-1.zip: 33%
2/18/2025, 8:05:58 AM UTC [Modules] Streaming discord_game_utils@1 to /home/flowy/.config/discord/0.0.85/modules/pending/discord_game_utils-1.zip: 34%
2/18/2025, 8:05:58 AM UTC [Modules] Streaming discord_game_utils@1 to /home/flowy/.config/discord/0.0.85/modules/pending/discord_game_utils-1.zip: 35%
2/18/2025, 8:05:58 AM UTC [Modules] Streaming discord_game_utils@1 to /home/flowy/.config/discord/0.0.85/modules/pending/discord_game_utils-1.zip: 36%
2/18/2025, 8:05:58 AM UTC [Modules] Streaming discord_game_utils@1 to /home/flowy/.config/discord/0.0.85/modules/pending/discord_game_utils-1.zip: 37%
2/18/2025, 8:05:58 AM UTC [Modules] Streaming discord_game_utils@1 to /home/flowy/.config/discord/0.0.85/modules/pending/discord_game_utils-1.zip: 38%
2/18/2025, 8:05:58 AM UTC [Modules] Streaming discord_game_utils@1 to /home/flowy/.config/discord/0.0.85/modules/pending/discord_game_utils-1.zip: 39%
2/18/2025, 8:05:58 AM UTC [Modules] Streaming discord_game_utils@1 to /home/flowy/.config/discord/0.0.85/modules/pending/discord_game_utils-1.zip: 40%
2/18/2025, 8:05:58 AM UTC [Modules] Streaming discord_game_utils@1 to /home/flowy/.config/discord/0.0.85/modules/pending/discord_game_utils-1.zip: 41%
2/18/2025, 8:05:58 AM UTC [Modules] Streaming discord_game_utils@1 to /home/flowy/.config/discord/0.0.85/modules/pending/discord_game_utils-1.zip: 42%
2/18/2025, 8:05:58 AM UTC [Modules] Streaming discord_game_utils@1 to /home/flowy/.config/discord/0.0.85/modules/pending/discord_game_utils-1.zip: 43%
2/18/2025, 8:05:58 AM UTC [Modules] Streaming discord_game_utils@1 to /home/flowy/.config/discord/0.0.85/modules/pending/discord_game_utils-1.zip: 44%
2/18/2025, 8:05:58 AM UTC [Modules] Streaming discord_game_utils@1 to /home/flowy/.config/discord/0.0.85/modules/pending/discord_game_utils-1.zip: 45%
2/18/2025, 8:05:58 AM UTC [Modules] Streaming discord_game_utils@1 to /home/flowy/.config/discord/0.0.85/modules/pending/discord_game_utils-1.zip: 46%
2/18/2025, 8:05:58 AM UTC [Modules] Streaming discord_game_utils@1 to /home/flowy/.config/discord/0.0.85/modules/pending/discord_game_utils-1.zip: 47%
2/18/2025, 8:05:58 AM UTC [Modules] Streaming discord_game_utils@1 to /home/flowy/.config/discord/0.0.85/modules/pending/discord_game_utils-1.zip: 48%
2/18/2025, 8:05:58 AM UTC [Modules] Streaming discord_game_utils@1 to /home/flowy/.config/discord/0.0.85/modules/pending/discord_game_utils-1.zip: 49%
2/18/2025, 8:05:58 AM UTC [Modules] Streaming discord_game_utils@1 to /home/flowy/.config/discord/0.0.85/modules/pending/discord_game_utils-1.zip: 50%
2/18/2025, 8:05:58 AM UTC [Modules] Streaming discord_game_utils@1 to /home/flowy/.config/discord/0.0.85/modules/pending/discord_game_utils-1.zip: 51%
2/18/2025, 8:05:58 AM UTC [Modules] Streaming discord_game_utils@1 to /home/flowy/.config/discord/0.0.85/modules/pending/discord_game_utils-1.zip: 52%
2/18/2025, 8:05:58 AM UTC [Modules] Streaming discord_game_utils@1 to /home/flowy/.config/discord/0.0.85/modules/pending/discord_game_utils-1.zip: 53%
2/18/2025, 8:05:58 AM UTC [Modules] Streaming discord_game_utils@1 to /home/flowy/.config/discord/0.0.85/modules/pending/discord_game_utils-1.zip: 54%
2/18/2025, 8:05:58 AM UTC [Modules] Streaming discord_game_utils@1 to /home/flowy/.config/discord/0.0.85/modules/pending/discord_game_utils-1.zip: 55%
2/18/2025, 8:05:58 AM UTC [Modules] Streaming discord_game_utils@1 to /home/flowy/.config/discord/0.0.85/modules/pending/discord_game_utils-1.zip: 56%
2/18/2025, 8:05:59 AM UTC [Modules] Streaming discord_game_utils@1 to /home/flowy/.config/discord/0.0.85/modules/pending/discord_game_utils-1.zip: 58%
2/18/2025, 8:05:59 AM UTC [Modules] Streaming discord_game_utils@1 to /home/flowy/.config/discord/0.0.85/modules/pending/discord_game_utils-1.zip: 59%
2/18/2025, 8:05:59 AM UTC [Modules] Streaming discord_game_utils@1 to /home/flowy/.config/discord/0.0.85/modules/pending/discord_game_utils-1.zip: 60%
2/18/2025, 8:05:59 AM UTC [Modules] Streaming discord_game_utils@1 to /home/flowy/.config/discord/0.0.85/modules/pending/discord_game_utils-1.zip: 61%
2/18/2025, 8:05:59 AM UTC [Modules] Streaming discord_game_utils@1 to /home/flowy/.config/discord/0.0.85/modules/pending/discord_game_utils-1.zip: 62%
2/18/2025, 8:05:59 AM UTC [Modules] Streaming discord_game_utils@1 to /home/flowy/.config/discord/0.0.85/modules/pending/discord_game_utils-1.zip: 63%
2/18/2025, 8:05:59 AM UTC [Modules] Streaming discord_game_utils@1 to /home/flowy/.config/discord/0.0.85/modules/pending/discord_game_utils-1.zip: 64%
2/18/2025, 8:05:59 AM UTC [Modules] Streaming discord_game_utils@1 to /home/flowy/.config/discord/0.0.85/modules/pending/discord_game_utils-1.zip: 66%
2/18/2025, 8:05:59 AM UTC [Modules] Streaming discord_game_utils@1 to /home/flowy/.config/discord/0.0.85/modules/pending/discord_game_utils-1.zip: 67%
2/18/2025, 8:05:59 AM UTC [Modules] Streaming discord_game_utils@1 to /home/flowy/.config/discord/0.0.85/modules/pending/discord_game_utils-1.zip: 68%
2/18/2025, 8:05:59 AM UTC [Modules] Streaming discord_game_utils@1 to /home/flowy/.config/discord/0.0.85/modules/pending/discord_game_utils-1.zip: 69%
2/18/2025, 8:05:59 AM UTC [Modules] Streaming discord_game_utils@1 to /home/flowy/.config/discord/0.0.85/modules/pending/discord_game_utils-1.zip: 70%
2/18/2025, 8:05:59 AM UTC [Modules] Streaming discord_game_utils@1 to /home/flowy/.config/discord/0.0.85/modules/pending/discord_game_utils-1.zip: 71%
2/18/2025, 8:05:59 AM UTC [Modules] Streaming discord_game_utils@1 to /home/flowy/.config/discord/0.0.85/modules/pending/discord_game_utils-1.zip: 72%
2/18/2025, 8:05:59 AM UTC [Modules] Streaming discord_game_utils@1 to /home/flowy/.config/discord/0.0.85/modules/pending/discord_game_utils-1.zip: 73%
2/18/2025, 8:05:59 AM UTC [Modules] Streaming discord_game_utils@1 to /home/flowy/.config/discord/0.0.85/modules/pending/discord_game_utils-1.zip: 74%
2/18/2025, 8:05:59 AM UTC [Modules] Streaming discord_game_utils@1 to /home/flowy/.config/discord/0.0.85/modules/pending/discord_game_utils-1.zip: 75%
2/18/2025, 8:05:59 AM UTC [Modules] Streaming discord_game_utils@1 to /home/flowy/.config/discord/0.0.85/modules/pending/discord_game_utils-1.zip: 76%
2/18/2025, 8:05:59 AM UTC [Modules] Streaming discord_game_utils@1 to /home/flowy/.config/discord/0.0.85/modules/pending/discord_game_utils-1.zip: 77%
2/18/2025, 8:05:59 AM UTC [Modules] Streaming discord_game_utils@1 to /home/flowy/.config/discord/0.0.85/modules/pending/discord_game_utils-1.zip: 78%
2/18/2025, 8:05:59 AM UTC [Modules] Streaming discord_game_utils@1 to /home/flowy/.config/discord/0.0.85/modules/pending/discord_game_utils-1.zip: 79%
2/18/2025, 8:06:00 AM UTC [Modules] Streaming discord_game_utils@1 to /home/flowy/.config/discord/0.0.85/modules/pending/discord_game_utils-1.zip: 80%
2/18/2025, 8:06:00 AM UTC [Modules] Streaming discord_game_utils@1 to /home/flowy/.config/discord/0.0.85/modules/pending/discord_game_utils-1.zip: 81%
2/18/2025, 8:06:00 AM UTC [Modules] Streaming discord_game_utils@1 to /home/flowy/.config/discord/0.0.85/modules/pending/discord_game_utils-1.zip: 82%
2/18/2025, 8:06:00 AM UTC [Modules] Streaming discord_game_utils@1 to /home/flowy/.config/discord/0.0.85/modules/pending/discord_game_utils-1.zip: 83%
2/18/2025, 8:06:00 AM UTC [Modules] Streaming discord_game_utils@1 to /home/flowy/.config/discord/0.0.85/modules/pending/discord_game_utils-1.zip: 84%
2/18/2025, 8:06:00 AM UTC [Modules] Streaming discord_game_utils@1 to /home/flowy/.config/discord/0.0.85/modules/pending/discord_game_utils-1.zip: 85%
2/18/2025, 8:06:00 AM UTC [Modules] Streaming discord_game_utils@1 to /home/flowy/.config/discord/0.0.85/modules/pending/discord_game_utils-1.zip: 86%
2/18/2025, 8:06:00 AM UTC [Modules] Streaming discord_game_utils@1 to /home/flowy/.config/discord/0.0.85/modules/pending/discord_game_utils-1.zip: 87%
2/18/2025, 8:06:00 AM UTC [Modules] Streaming discord_game_utils@1 to /home/flowy/.config/discord/0.0.85/modules/pending/discord_game_utils-1.zip: 88%
2/18/2025, 8:06:00 AM UTC [Modules] Streaming discord_game_utils@1 to /home/flowy/.config/discord/0.0.85/modules/pending/discord_game_utils-1.zip: 89%
2/18/2025, 8:06:00 AM UTC [Modules] Streaming discord_game_utils@1 to /home/flowy/.config/discord/0.0.85/modules/pending/discord_game_utils-1.zip: 90%
2/18/2025, 8:06:00 AM UTC [Modules] Streaming discord_game_utils@1 to /home/flowy/.config/discord/0.0.85/modules/pending/discord_game_utils-1.zip: 91%
2/18/2025, 8:06:00 AM UTC [Modules] Streaming discord_game_utils@1 to /home/flowy/.config/discord/0.0.85/modules/pending/discord_game_utils-1.zip: 92%
2/18/2025, 8:06:00 AM UTC [Modules] Streaming discord_game_utils@1 to /home/flowy/.config/discord/0.0.85/modules/pending/discord_game_utils-1.zip: 93%
2/18/2025, 8:06:00 AM UTC [Modules] Streaming discord_game_utils@1 to /home/flowy/.config/discord/0.0.85/modules/pending/discord_game_utils-1.zip: 94%
2/18/2025, 8:06:00 AM UTC [Modules] Streaming discord_game_utils@1 to /home/flowy/.config/discord/0.0.85/modules/pending/discord_game_utils-1.zip: 95%
2/18/2025, 8:06:00 AM UTC [Modules] Streaming discord_game_utils@1 to /home/flowy/.config/discord/0.0.85/modules/pending/discord_game_utils-1.zip: 96%
2/18/2025, 8:06:00 AM UTC [Modules] Streaming discord_game_utils@1 to /home/flowy/.config/discord/0.0.85/modules/pending/discord_game_utils-1.zip: 97%
2/18/2025, 8:06:00 AM UTC [Modules] Streaming discord_game_utils@1 to /home/flowy/.config/discord/0.0.85/modules/pending/discord_game_utils-1.zip: 98%
2/18/2025, 8:06:00 AM UTC [Modules] Streaming discord_game_utils@1 to /home/flowy/.config/discord/0.0.85/modules/pending/discord_game_utils-1.zip: 99%
2/18/2025, 8:06:00 AM UTC [Modules] Streaming discord_game_utils@1 to /home/flowy/.config/discord/0.0.85/modules/pending/discord_game_utils-1.zip: 100%
2/18/2025, 8:06:00 AM UTC [Modules] Finished module downloads. [success: 2] [failure: 0]
2/18/2025, 8:06:00 AM UTC [Modules] Installing discord_game_utils@1 from /home/flowy/.config/discord/0.0.85/modules/pending/discord_game_utils-1.zip
2/18/2025, 8:06:00 AM UTC [Modules] Finished module installations. [success: 1] [failure: 0]
2/18/2025, 8:06:12 AM UTC [Modules] Checking for host updates.
2/18/2025, 8:06:12 AM UTC [Modules] Starting to install discord_rpc...
2/18/2025, 8:06:12 AM UTC [Modules] Fetching discord_rpc@1 from https://discord.com/api/modules/stable/discord_rpc/1
2/18/2025, 8:06:12 AM UTC [Modules] Streaming discord_rpc@1 to /home/flowy/.config/discord/0.0.85/modules/pending/discord_rpc-1.zip
2/18/2025, 8:06:12 AM UTC [Modules] Host is up to date.
2/18/2025, 8:06:12 AM UTC [Modules] Checking for module updates at https://discord.com/api/modules/stable/versions.json
2/18/2025, 8:06:12 AM UTC [Modules] No module updates available.
2/18/2025, 8:06:13 AM UTC [Modules] Streaming discord_rpc@1 to /home/flowy/.config/discord/0.0.85/modules/pending/discord_rpc-1.zip: 20%
2/18/2025, 8:06:13 AM UTC [Modules] Streaming discord_rpc@1 to /home/flowy/.config/discord/0.0.85/modules/pending/discord_rpc-1.zip: 29%
2/18/2025, 8:06:13 AM UTC [Modules] Streaming discord_rpc@1 to /home/flowy/.config/discord/0.0.85/modules/pending/discord_rpc-1.zip: 35%
2/18/2025, 8:06:13 AM UTC [Modules] Streaming discord_rpc@1 to /home/flowy/.config/discord/0.0.85/modules/pending/discord_rpc-1.zip: 37%
2/18/2025, 8:06:13 AM UTC [Modules] Streaming discord_rpc@1 to /home/flowy/.config/discord/0.0.85/modules/pending/discord_rpc-1.zip: 40%
2/18/2025, 8:06:13 AM UTC [Modules] Streaming discord_rpc@1 to /home/flowy/.config/discord/0.0.85/modules/pending/discord_rpc-1.zip: 46%
2/18/2025, 8:06:13 AM UTC [Modules] Streaming discord_rpc@1 to /home/flowy/.config/discord/0.0.85/modules/pending/discord_rpc-1.zip: 49%
2/18/2025, 8:06:13 AM UTC [Modules] Streaming discord_rpc@1 to /home/flowy/.config/discord/0.0.85/modules/pending/discord_rpc-1.zip: 55%
2/18/2025, 8:06:13 AM UTC [Modules] Streaming discord_rpc@1 to /home/flowy/.config/discord/0.0.85/modules/pending/discord_rpc-1.zip: 58%
2/18/2025, 8:06:13 AM UTC [Modules] Streaming discord_rpc@1 to /home/flowy/.config/discord/0.0.85/modules/pending/discord_rpc-1.zip: 61%
2/18/2025, 8:06:13 AM UTC [Modules] Streaming discord_rpc@1 to /home/flowy/.config/discord/0.0.85/modules/pending/discord_rpc-1.zip: 64%
2/18/2025, 8:06:13 AM UTC [Modules] Streaming discord_rpc@1 to /home/flowy/.config/discord/0.0.85/modules/pending/discord_rpc-1.zip: 67%
2/18/2025, 8:06:13 AM UTC [Modules] Streaming discord_rpc@1 to /home/flowy/.config/discord/0.0.85/modules/pending/discord_rpc-1.zip: 70%
2/18/2025, 8:06:13 AM UTC [Modules] Streaming discord_rpc@1 to /home/flowy/.config/discord/0.0.85/modules/pending/discord_rpc-1.zip: 72%
2/18/2025, 8:06:13 AM UTC [Modules] Streaming discord_rpc@1 to /home/flowy/.config/discord/0.0.85/modules/pending/discord_rpc-1.zip: 81%
2/18/2025, 8:06:13 AM UTC [Modules] Streaming discord_rpc@1 to /home/flowy/.config/discord/0.0.85/modules/pending/discord_rpc-1.zip: 96%
2/18/2025, 8:06:13 AM UTC [Modules] Streaming discord_rpc@1 to /home/flowy/.config/discord/0.0.85/modules/pending/discord_rpc-1.zip: 100%
2/18/2025, 8:06:13 AM UTC [Modules] Finished module downloads. [success: 1] [failure: 0]
2/18/2025, 8:06:13 AM UTC [Modules] Installing discord_rpc@1 from /home/flowy/.config/discord/0.0.85/modules/pending/discord_rpc-1.zip
2/18/2025, 8:06:13 AM UTC [Modules] Finished module installations. [success: 1] [failure: 0]
2/18/2025, 9:06:13 AM UTC [Modules] Checking for host updates.
2/18/2025, 9:06:18 AM UTC [Modules] Host is up to date.
2/18/2025, 9:06:18 AM UTC [Modules] Checking for module updates at https://discord.com/api/modules/stable/versions.json
2/18/2025, 9:06:18 AM UTC [Modules] No module updates available.
2/18/2025, 10:06:13 AM UTC [Modules] Checking for host updates.
2/18/2025, 10:06:13 AM UTC [Modules] Host is up to date.
2/18/2025, 10:06:13 AM UTC [Modules] Checking for module updates at https://discord.com/api/modules/stable/versions.json
2/18/2025, 10:06:14 AM UTC [Modules] No module updates available.
2/18/2025, 11:06:13 AM UTC [Modules] Checking for host updates.
2/18/2025, 11:06:13 AM UTC [Modules] Host is up to date.
2/18/2025, 11:06:13 AM UTC [Modules] Checking for module updates at https://discord.com/api/modules/stable/versions.json
2/18/2025, 11:06:13 AM UTC [Modules] No module updates available.
2/18/2025, 12:06:13 PM UTC [Modules] Checking for host updates.
2/18/2025, 12:06:13 PM UTC [Modules] Host is up to date.
2/18/2025, 12:06:13 PM UTC [Modules] Checking for module updates at https://discord.com/api/modules/stable/versions.json
2/18/2025, 12:06:14 PM UTC [Modules] No module updates available.
2/18/2025, 1:06:13 PM UTC [Modules] Checking for host updates.
2/18/2025, 1:06:13 PM UTC [Modules] Host is up to date.
2/18/2025, 1:06:13 PM UTC [Modules] Checking for module updates at https://discord.com/api/modules/stable/versions.json
2/18/2025, 1:06:14 PM UTC [Modules] No module updates available.
2/18/2025, 2:06:13 PM UTC [Modules] Checking for host updates.
2/18/2025, 2:06:13 PM UTC [Modules] Host is up to date.
2/18/2025, 2:06:13 PM UTC [Modules] Checking for module updates at https://discord.com/api/modules/stable/versions.json
2/18/2025, 2:06:13 PM UTC [Modules] No module updates available.
2/18/2025, 3:06:13 PM UTC [Modules] Checking for host updates.
2/18/2025, 3:06:13 PM UTC [Modules] Host is up to date.
2/18/2025, 3:06:13 PM UTC [Modules] Checking for module updates at https://discord.com/api/modules/stable/versions.json
2/18/2025, 3:06:13 PM UTC [Modules] No module updates available.
2/18/2025, 4:06:13 PM UTC [Modules] Checking for host updates.
2/18/2025, 4:06:19 PM UTC [Modules] Host is up to date.
2/18/2025, 4:06:19 PM UTC [Modules] Checking for module updates at https://discord.com/api/modules/stable/versions.json
2/18/2025, 4:06:20 PM UTC [Modules] No module updates available.
2/18/2025, 5:06:13 PM UTC [Modules] Checking for host updates.
2/18/2025, 5:06:18 PM UTC [Modules] Host is up to date.
2/18/2025, 5:06:18 PM UTC [Modules] Checking for module updates at https://discord.com/api/modules/stable/versions.json
2/18/2025, 5:06:19 PM UTC [Modules] No module updates available.
2/18/2025, 6:06:13 PM UTC [Modules] Checking for host updates.
2/18/2025, 6:06:13 PM UTC [Modules] Host is up to date.
2/18/2025, 6:06:13 PM UTC [Modules] Checking for module updates at https://discord.com/api/modules/stable/versions.json
2/18/2025, 6:06:13 PM UTC [Modules] No module updates available.
2/18/2025, 7:06:13 PM UTC [Modules] Checking for host updates.
2/18/2025, 7:06:13 PM UTC [Modules] Host update is available. Manual update required!
2/21/2025, 6:55:30 AM UTC [Modules] Modules initializing
2/21/2025, 6:55:30 AM UTC [Modules] Distribution: remote
2/21/2025, 6:55:30 AM UTC [Modules] Host updates: enabled
2/21/2025, 6:55:30 AM UTC [Modules] Module updates: enabled
2/21/2025, 6:55:30 AM UTC [Modules] Module install path: /home/flowy/.config/discord/0.0.85/modules
2/21/2025, 6:55:30 AM UTC [Modules] Module installed file path: /home/flowy/.config/discord/0.0.85/modules/installed.json
2/21/2025, 6:55:30 AM UTC [Modules] Module download path: /home/flowy/.config/discord/0.0.85/modules/pending
2/21/2025, 6:55:31 AM UTC [Modules] No updates to install
2/21/2025, 6:55:31 AM UTC [Modules] Checking for host updates.
2/21/2025, 6:55:32 AM UTC [Modules] Host update is available. Manual update required!
2/21/2025, 6:56:39 AM UTC [Modules] Modules initializing
2/21/2025, 6:56:39 AM UTC [Modules] Distribution: remote
2/21/2025, 6:56:39 AM UTC [Modules] Host updates: enabled
2/21/2025, 6:56:39 AM UTC [Modules] Module updates: enabled
2/21/2025, 6:56:39 AM UTC [Modules] Module install path: /home/flowy/.config/discord/0.0.85/modules
2/21/2025, 6:56:39 AM UTC [Modules] Module installed file path: /home/flowy/.config/discord/0.0.85/modules/installed.json
2/21/2025, 6:56:39 AM UTC [Modules] Module download path: /home/flowy/.config/discord/0.0.85/modules/pending
2/21/2025, 6:56:39 AM UTC [Modules] No updates to install
2/21/2025, 6:56:39 AM UTC [Modules] Checking for host updates.
2/21/2025, 6:56:39 AM UTC [Modules] Host update is available. Manual update required!
2/21/2025, 6:56:54 AM UTC [Modules] Modules initializing
2/21/2025, 6:56:54 AM UTC [Modules] Distribution: remote
2/21/2025, 6:56:54 AM UTC [Modules] Host updates: enabled
2/21/2025, 6:56:54 AM UTC [Modules] Module updates: enabled
2/21/2025, 6:56:54 AM UTC [Modules] Module install path: /home/flowy/.config/discord/0.0.85/modules
2/21/2025, 6:56:54 AM UTC [Modules] Module installed file path: /home/flowy/.config/discord/0.0.85/modules/installed.json
2/21/2025, 6:56:54 AM UTC [Modules] Module download path: /home/flowy/.config/discord/0.0.85/modules/pending
2/21/2025, 6:56:54 AM UTC [Modules] No updates to install
2/21/2025, 6:56:54 AM UTC [Modules] Checking for host updates.
2/21/2025, 6:57:00 AM UTC [Modules] Host update is available. Manual update required!
2/21/2025, 8:19:36 AM UTC [Modules] Modules initializing
2/21/2025, 8:19:36 AM UTC [Modules] Distribution: remote
2/21/2025, 8:19:36 AM UTC [Modules] Host updates: enabled
2/21/2025, 8:19:36 AM UTC [Modules] Module updates: enabled
2/21/2025, 8:19:36 AM UTC [Modules] Module install path: /home/flowy/.config/discord/0.0.86/modules
2/21/2025, 8:19:36 AM UTC [Modules] Module installed file path: /home/flowy/.config/discord/0.0.86/modules/installed.json
2/21/2025, 8:19:36 AM UTC [Modules] Module download path: /home/flowy/.config/discord/0.0.86/modules/pending
2/21/2025, 8:19:36 AM UTC [Modules] Bootstrapping...
2/21/2025, 8:19:36 AM UTC [Modules] Installing discord_desktop_core@0 from /opt/discord/resources/bootstrap/discord_desktop_core.zip
2/21/2025, 8:19:36 AM UTC [Modules] Failed installing discord_desktop_core@0: Error: ENOENT: no such file or directory, open '/opt/discord/resources/bootstrap/discord_desktop_core.zip'
2/21/2025, 8:19:36 AM UTC [Modules] Installing discord_erlpack@0 from /opt/discord/resources/bootstrap/discord_erlpack.zip
2/21/2025, 8:19:36 AM UTC [Modules] Failed installing discord_erlpack@0: Error: ENOENT: no such file or directory, open '/opt/discord/resources/bootstrap/discord_erlpack.zip'
2/21/2025, 8:19:36 AM UTC [Modules] Installing discord_spellcheck@0 from /opt/discord/resources/bootstrap/discord_spellcheck.zip
2/21/2025, 8:19:36 AM UTC [Modules] Failed installing discord_spellcheck@0: Error: ENOENT: no such file or directory, open '/opt/discord/resources/bootstrap/discord_spellcheck.zip'
2/21/2025, 8:19:36 AM UTC [Modules] Installing discord_utils@0 from /opt/discord/resources/bootstrap/discord_utils.zip
2/21/2025, 8:19:36 AM UTC [Modules] Failed installing discord_utils@0: Error: ENOENT: no such file or directory, open '/opt/discord/resources/bootstrap/discord_utils.zip'
2/21/2025, 8:19:36 AM UTC [Modules] Installing discord_voice@0 from /opt/discord/resources/bootstrap/discord_voice.zip
2/21/2025, 8:19:36 AM UTC [Modules] Failed installing discord_voice@0: Error: ENOENT: no such file or directory, open '/opt/discord/resources/bootstrap/discord_voice.zip'
2/21/2025, 8:19:36 AM UTC [Modules] Installing discord_zstd@0 from /opt/discord/resources/bootstrap/discord_zstd.zip
2/21/2025, 8:19:36 AM UTC [Modules] Failed installing discord_zstd@0: Error: ENOENT: no such file or directory, open '/opt/discord/resources/bootstrap/discord_zstd.zip'
2/21/2025, 8:19:36 AM UTC [Modules] Finished module installations. [success: 0] [failure: 6]
2/21/2025, 8:19:36 AM UTC [Modules] Checking for host updates.
2/21/2025, 8:19:37 AM UTC [Modules] Host is up to date.
2/21/2025, 8:19:37 AM UTC [Modules] Checking for module updates at https://discord.com/api/modules/stable/versions.json
2/21/2025, 8:19:37 AM UTC [Modules] Module update available: discord_desktop_core@1 [installed: 0]
2/21/2025, 8:19:37 AM UTC [Modules] Module update available: discord_erlpack@1 [installed: 0]
2/21/2025, 8:19:37 AM UTC [Modules] Module update available: discord_spellcheck@1 [installed: 0]
2/21/2025, 8:19:37 AM UTC [Modules] Module update available: discord_utils@1 [installed: 0]
2/21/2025, 8:19:37 AM UTC [Modules] Module update available: discord_voice@1 [installed: 0]
2/21/2025, 8:19:37 AM UTC [Modules] Module update available: discord_zstd@1 [installed: 0]
2/21/2025, 8:19:37 AM UTC [Modules] Fetching discord_desktop_core@1 from https://discord.com/api/modules/stable/discord_desktop_core/1
2/21/2025, 8:19:37 AM UTC [Modules] Streaming discord_desktop_core@1 to /home/flowy/.config/discord/0.0.86/modules/pending/discord_desktop_core-1.zip
2/21/2025, 8:19:37 AM UTC [Modules] Streaming discord_desktop_core@1 to /home/flowy/.config/discord/0.0.86/modules/pending/discord_desktop_core-1.zip: 1%
2/21/2025, 8:19:37 AM UTC [Modules] Streaming discord_desktop_core@1 to /home/flowy/.config/discord/0.0.86/modules/pending/discord_desktop_core-1.zip: 2%
2/21/2025, 8:19:37 AM UTC [Modules] Streaming discord_desktop_core@1 to /home/flowy/.config/discord/0.0.86/modules/pending/discord_desktop_core-1.zip: 3%
2/21/2025, 8:19:37 AM UTC [Modules] Streaming discord_desktop_core@1 to /home/flowy/.config/discord/0.0.86/modules/pending/discord_desktop_core-1.zip: 4%
2/21/2025, 8:19:37 AM UTC [Modules] Streaming discord_desktop_core@1 to /home/flowy/.config/discord/0.0.86/modules/pending/discord_desktop_core-1.zip: 5%
2/21/2025, 8:19:37 AM UTC [Modules] Streaming discord_desktop_core@1 to /home/flowy/.config/discord/0.0.86/modules/pending/discord_desktop_core-1.zip: 6%
2/21/2025, 8:19:37 AM UTC [Modules] Streaming discord_desktop_core@1 to /home/flowy/.config/discord/0.0.86/modules/pending/discord_desktop_core-1.zip: 7%
2/21/2025, 8:19:37 AM UTC [Modules] Streaming discord_desktop_core@1 to /home/flowy/.config/discord/0.0.86/modules/pending/discord_desktop_core-1.zip: 8%
2/21/2025, 8:19:37 AM UTC [Modules] Streaming discord_desktop_core@1 to /home/flowy/.config/discord/0.0.86/modules/pending/discord_desktop_core-1.zip: 9%
2/21/2025, 8:19:37 AM UTC [Modules] Streaming discord_desktop_core@1 to /home/flowy/.config/discord/0.0.86/modules/pending/discord_desktop_core-1.zip: 10%
2/21/2025, 8:19:38 AM UTC [Modules] Streaming discord_desktop_core@1 to /home/flowy/.config/discord/0.0.86/modules/pending/discord_desktop_core-1.zip: 11%
2/21/2025, 8:19:38 AM UTC [Modules] Streaming discord_desktop_core@1 to /home/flowy/.config/discord/0.0.86/modules/pending/discord_desktop_core-1.zip: 12%
2/21/2025, 8:19:38 AM UTC [Modules] Streaming discord_desktop_core@1 to /home/flowy/.config/discord/0.0.86/modules/pending/discord_desktop_core-1.zip: 13%
2/21/2025, 8:19:38 AM UTC [Modules] Streaming discord_desktop_core@1 to /home/flowy/.config/discord/0.0.86/modules/pending/discord_desktop_core-1.zip: 14%
2/21/2025, 8:19:38 AM UTC [Modules] Streaming discord_desktop_core@1 to /home/flowy/.config/discord/0.0.86/modules/pending/discord_desktop_core-1.zip: 15%
2/21/2025, 8:19:38 AM UTC [Modules] Streaming discord_desktop_core@1 to /home/flowy/.config/discord/0.0.86/modules/pending/discord_desktop_core-1.zip: 16%
2/21/2025, 8:19:38 AM UTC [Modules] Streaming discord_desktop_core@1 to /home/flowy/.config/discord/0.0.86/modules/pending/discord_desktop_core-1.zip: 17%
2/21/2025, 8:19:38 AM UTC [Modules] Streaming discord_desktop_core@1 to /home/flowy/.config/discord/0.0.86/modules/pending/discord_desktop_core-1.zip: 18%
2/21/2025, 8:19:38 AM UTC [Modules] Streaming discord_desktop_core@1 to /home/flowy/.config/discord/0.0.86/modules/pending/discord_desktop_core-1.zip: 19%
2/21/2025, 8:19:38 AM UTC [Modules] Streaming discord_desktop_core@1 to /home/flowy/.config/discord/0.0.86/modules/pending/discord_desktop_core-1.zip: 20%
2/21/2025, 8:19:38 AM UTC [Modules] Streaming discord_desktop_core@1 to /home/flowy/.config/discord/0.0.86/modules/pending/discord_desktop_core-1.zip: 21%
2/21/2025, 8:19:38 AM UTC [Modules] Streaming discord_desktop_core@1 to /home/flowy/.config/discord/0.0.86/modules/pending/discord_desktop_core-1.zip: 22%
2/21/2025, 8:19:38 AM UTC [Modules] Streaming discord_desktop_core@1 to /home/flowy/.config/discord/0.0.86/modules/pending/discord_desktop_core-1.zip: 23%
2/21/2025, 8:19:38 AM UTC [Modules] Streaming discord_desktop_core@1 to /home/flowy/.config/discord/0.0.86/modules/pending/discord_desktop_core-1.zip: 24%
2/21/2025, 8:19:38 AM UTC [Modules] Streaming discord_desktop_core@1 to /home/flowy/.config/discord/0.0.86/modules/pending/discord_desktop_core-1.zip: 25%
2/21/2025, 8:19:38 AM UTC [Modules] Streaming discord_desktop_core@1 to /home/flowy/.config/discord/0.0.86/modules/pending/discord_desktop_core-1.zip: 26%
2/21/2025, 8:19:38 AM UTC [Modules] Streaming discord_desktop_core@1 to /home/flowy/.config/discord/0.0.86/modules/pending/discord_desktop_core-1.zip: 27%
2/21/2025, 8:19:38 AM UTC [Modules] Streaming discord_desktop_core@1 to /home/flowy/.config/discord/0.0.86/modules/pending/discord_desktop_core-1.zip: 28%
2/21/2025, 8:19:38 AM UTC [Modules] Streaming discord_desktop_core@1 to /home/flowy/.config/discord/0.0.86/modules/pending/discord_desktop_core-1.zip: 29%
2/21/2025, 8:19:38 AM UTC [Modules] Streaming discord_desktop_core@1 to /home/flowy/.config/discord/0.0.86/modules/pending/discord_desktop_core-1.zip: 30%
2/21/2025, 8:19:38 AM UTC [Modules] Streaming discord_desktop_core@1 to /home/flowy/.config/discord/0.0.86/modules/pending/discord_desktop_core-1.zip: 31%
2/21/2025, 8:19:38 AM UTC [Modules] Streaming discord_desktop_core@1 to /home/flowy/.config/discord/0.0.86/modules/pending/discord_desktop_core-1.zip: 32%
2/21/2025, 8:19:38 AM UTC [Modules] Streaming discord_desktop_core@1 to /home/flowy/.config/discord/0.0.86/modules/pending/discord_desktop_core-1.zip: 34%
2/21/2025, 8:19:38 AM UTC [Modules] Streaming discord_desktop_core@1 to /home/flowy/.config/discord/0.0.86/modules/pending/discord_desktop_core-1.zip: 37%
2/21/2025, 8:19:38 AM UTC [Modules] Streaming discord_desktop_core@1 to /home/flowy/.config/discord/0.0.86/modules/pending/discord_desktop_core-1.zip: 38%
2/21/2025, 8:19:38 AM UTC [Modules] Streaming discord_desktop_core@1 to /home/flowy/.config/discord/0.0.86/modules/pending/discord_desktop_core-1.zip: 39%
2/21/2025, 8:19:38 AM UTC [Modules] Streaming discord_desktop_core@1 to /home/flowy/.config/discord/0.0.86/modules/pending/discord_desktop_core-1.zip: 40%
2/21/2025, 8:19:38 AM UTC [Modules] Streaming discord_desktop_core@1 to /home/flowy/.config/discord/0.0.86/modules/pending/discord_desktop_core-1.zip: 41%
2/21/2025, 8:19:38 AM UTC [Modules] Streaming discord_desktop_core@1 to /home/flowy/.config/discord/0.0.86/modules/pending/discord_desktop_core-1.zip: 42%
2/21/2025, 8:19:38 AM UTC [Modules] Streaming discord_desktop_core@1 to /home/flowy/.config/discord/0.0.86/modules/pending/discord_desktop_core-1.zip: 44%
2/21/2025, 8:19:38 AM UTC [Modules] Streaming discord_desktop_core@1 to /home/flowy/.config/discord/0.0.86/modules/pending/discord_desktop_core-1.zip: 45%
2/21/2025, 8:19:38 AM UTC [Modules] Streaming discord_desktop_core@1 to /home/flowy/.config/discord/0.0.86/modules/pending/discord_desktop_core-1.zip: 46%
2/21/2025, 8:19:38 AM UTC [Modules] Streaming discord_desktop_core@1 to /home/flowy/.config/discord/0.0.86/modules/pending/discord_desktop_core-1.zip: 47%
2/21/2025, 8:19:38 AM UTC [Modules] Streaming discord_desktop_core@1 to /home/flowy/.config/discord/0.0.86/modules/pending/discord_desktop_core-1.zip: 48%
2/21/2025, 8:19:38 AM UTC [Modules] Streaming discord_desktop_core@1 to /home/flowy/.config/discord/0.0.86/modules/pending/discord_desktop_core-1.zip: 49%
2/21/2025, 8:19:38 AM UTC [Modules] Streaming discord_desktop_core@1 to /home/flowy/.config/discord/0.0.86/modules/pending/discord_desktop_core-1.zip: 50%
2/21/2025, 8:19:38 AM UTC [Modules] Streaming discord_desktop_core@1 to /home/flowy/.config/discord/0.0.86/modules/pending/discord_desktop_core-1.zip: 51%
2/21/2025, 8:19:38 AM UTC [Modules] Streaming discord_desktop_core@1 to /home/flowy/.config/discord/0.0.86/modules/pending/discord_desktop_core-1.zip: 52%
2/21/2025, 8:19:38 AM UTC [Modules] Streaming discord_desktop_core@1 to /home/flowy/.config/discord/0.0.86/modules/pending/discord_desktop_core-1.zip: 53%
2/21/2025, 8:19:38 AM UTC [Modules] Streaming discord_desktop_core@1 to /home/flowy/.config/discord/0.0.86/modules/pending/discord_desktop_core-1.zip: 54%
2/21/2025, 8:19:38 AM UTC [Modules] Streaming discord_desktop_core@1 to /home/flowy/.config/discord/0.0.86/modules/pending/discord_desktop_core-1.zip: 56%
2/21/2025, 8:19:38 AM UTC [Modules] Streaming discord_desktop_core@1 to /home/flowy/.config/discord/0.0.86/modules/pending/discord_desktop_core-1.zip: 57%
2/21/2025, 8:19:38 AM UTC [Modules] Streaming discord_desktop_core@1 to /home/flowy/.config/discord/0.0.86/modules/pending/discord_desktop_core-1.zip: 58%
2/21/2025, 8:19:38 AM UTC [Modules] Streaming discord_desktop_core@1 to /home/flowy/.config/discord/0.0.86/modules/pending/discord_desktop_core-1.zip: 59%
2/21/2025, 8:19:38 AM UTC [Modules] Streaming discord_desktop_core@1 to /home/flowy/.config/discord/0.0.86/modules/pending/discord_desktop_core-1.zip: 60%
2/21/2025, 8:19:38 AM UTC [Modules] Streaming discord_desktop_core@1 to /home/flowy/.config/discord/0.0.86/modules/pending/discord_desktop_core-1.zip: 61%
2/21/2025, 8:19:38 AM UTC [Modules] Streaming discord_desktop_core@1 to /home/flowy/.config/discord/0.0.86/modules/pending/discord_desktop_core-1.zip: 62%
2/21/2025, 8:19:38 AM UTC [Modules] Streaming discord_desktop_core@1 to /home/flowy/.config/discord/0.0.86/modules/pending/discord_desktop_core-1.zip: 63%
2/21/2025, 8:19:38 AM UTC [Modules] Streaming discord_desktop_core@1 to /home/flowy/.config/discord/0.0.86/modules/pending/discord_desktop_core-1.zip: 64%
2/21/2025, 8:19:38 AM UTC [Modules] Streaming discord_desktop_core@1 to /home/flowy/.config/discord/0.0.86/modules/pending/discord_desktop_core-1.zip: 65%
2/21/2025, 8:19:38 AM UTC [Modules] Streaming discord_desktop_core@1 to /home/flowy/.config/discord/0.0.86/modules/pending/discord_desktop_core-1.zip: 66%
2/21/2025, 8:19:38 AM UTC [Modules] Streaming discord_desktop_core@1 to /home/flowy/.config/discord/0.0.86/modules/pending/discord_desktop_core-1.zip: 67%
2/21/2025, 8:19:38 AM UTC [Modules] Streaming discord_desktop_core@1 to /home/flowy/.config/discord/0.0.86/modules/pending/discord_desktop_core-1.zip: 68%
2/21/2025, 8:19:38 AM UTC [Modules] Streaming discord_desktop_core@1 to /home/flowy/.config/discord/0.0.86/modules/pending/discord_desktop_core-1.zip: 69%
2/21/2025, 8:19:38 AM UTC [Modules] Streaming discord_desktop_core@1 to /home/flowy/.config/discord/0.0.86/modules/pending/discord_desktop_core-1.zip: 70%
2/21/2025, 8:19:38 AM UTC [Modules] Streaming discord_desktop_core@1 to /home/flowy/.config/discord/0.0.86/modules/pending/discord_desktop_core-1.zip: 71%
2/21/2025, 8:19:38 AM UTC [Modules] Streaming discord_desktop_core@1 to /home/flowy/.config/discord/0.0.86/modules/pending/discord_desktop_core-1.zip: 72%
2/21/2025, 8:19:38 AM UTC [Modules] Streaming discord_desktop_core@1 to /home/flowy/.config/discord/0.0.86/modules/pending/discord_desktop_core-1.zip: 73%
2/21/2025, 8:19:38 AM UTC [Modules] Streaming discord_desktop_core@1 to /home/flowy/.config/discord/0.0.86/modules/pending/discord_desktop_core-1.zip: 74%
2/21/2025, 8:19:38 AM UTC [Modules] Streaming discord_desktop_core@1 to /home/flowy/.config/discord/0.0.86/modules/pending/discord_desktop_core-1.zip: 75%
2/21/2025, 8:19:38 AM UTC [Modules] Streaming discord_desktop_core@1 to /home/flowy/.config/discord/0.0.86/modules/pending/discord_desktop_core-1.zip: 76%
2/21/2025, 8:19:38 AM UTC [Modules] Streaming discord_desktop_core@1 to /home/flowy/.config/discord/0.0.86/modules/pending/discord_desktop_core-1.zip: 79%
2/21/2025, 8:19:38 AM UTC [Modules] Streaming discord_desktop_core@1 to /home/flowy/.config/discord/0.0.86/modules/pending/discord_desktop_core-1.zip: 81%
2/21/2025, 8:19:38 AM UTC [Modules] Streaming discord_desktop_core@1 to /home/flowy/.config/discord/0.0.86/modules/pending/discord_desktop_core-1.zip: 82%
2/21/2025, 8:19:38 AM UTC [Modules] Streaming discord_desktop_core@1 to /home/flowy/.config/discord/0.0.86/modules/pending/discord_desktop_core-1.zip: 83%
2/21/2025, 8:19:38 AM UTC [Modules] Streaming discord_desktop_core@1 to /home/flowy/.config/discord/0.0.86/modules/pending/discord_desktop_core-1.zip: 84%
2/21/2025, 8:19:38 AM UTC [Modules] Streaming discord_desktop_core@1 to /home/flowy/.config/discord/0.0.86/modules/pending/discord_desktop_core-1.zip: 85%
2/21/2025, 8:19:38 AM UTC [Modules] Streaming discord_desktop_core@1 to /home/flowy/.config/discord/0.0.86/modules/pending/discord_desktop_core-1.zip: 86%
2/21/2025, 8:19:38 AM UTC [Modules] Streaming discord_desktop_core@1 to /home/flowy/.config/discord/0.0.86/modules/pending/discord_desktop_core-1.zip: 87%
2/21/2025, 8:19:38 AM UTC [Modules] Streaming discord_desktop_core@1 to /home/flowy/.config/discord/0.0.86/modules/pending/discord_desktop_core-1.zip: 88%
2/21/2025, 8:19:38 AM UTC [Modules] Streaming discord_desktop_core@1 to /home/flowy/.config/discord/0.0.86/modules/pending/discord_desktop_core-1.zip: 89%
2/21/2025, 8:19:38 AM UTC [Modules] Streaming discord_desktop_core@1 to /home/flowy/.config/discord/0.0.86/modules/pending/discord_desktop_core-1.zip: 90%
2/21/2025, 8:19:38 AM UTC [Modules] Streaming discord_desktop_core@1 to /home/flowy/.config/discord/0.0.86/modules/pending/discord_desktop_core-1.zip: 91%
2/21/2025, 8:19:38 AM UTC [Modules] Streaming discord_desktop_core@1 to /home/flowy/.config/discord/0.0.86/modules/pending/discord_desktop_core-1.zip: 92%
2/21/2025, 8:19:38 AM UTC [Modules] Streaming discord_desktop_core@1 to /home/flowy/.config/discord/0.0.86/modules/pending/discord_desktop_core-1.zip: 93%
2/21/2025, 8:19:38 AM UTC [Modules] Streaming discord_desktop_core@1 to /home/flowy/.config/discord/0.0.86/modules/pending/discord_desktop_core-1.zip: 94%
2/21/2025, 8:19:38 AM UTC [Modules] Streaming discord_desktop_core@1 to /home/flowy/.config/discord/0.0.86/modules/pending/discord_desktop_core-1.zip: 95%
2/21/2025, 8:19:38 AM UTC [Modules] Streaming discord_desktop_core@1 to /home/flowy/.config/discord/0.0.86/modules/pending/discord_desktop_core-1.zip: 96%
2/21/2025, 8:19:38 AM UTC [Modules] Streaming discord_desktop_core@1 to /home/flowy/.config/discord/0.0.86/modules/pending/discord_desktop_core-1.zip: 97%
2/21/2025, 8:19:38 AM UTC [Modules] Streaming discord_desktop_core@1 to /home/flowy/.config/discord/0.0.86/modules/pending/discord_desktop_core-1.zip: 98%
2/21/2025, 8:19:38 AM UTC [Modules] Streaming discord_desktop_core@1 to /home/flowy/.config/discord/0.0.86/modules/pending/discord_desktop_core-1.zip: 99%
2/21/2025, 8:19:38 AM UTC [Modules] Streaming discord_desktop_core@1 to /home/flowy/.config/discord/0.0.86/modules/pending/discord_desktop_core-1.zip: 100%
2/21/2025, 8:19:38 AM UTC [Modules] Fetching discord_erlpack@1 from https://discord.com/api/modules/stable/discord_erlpack/1
2/21/2025, 8:19:38 AM UTC [Modules] Streaming discord_erlpack@1 to /home/flowy/.config/discord/0.0.86/modules/pending/discord_erlpack-1.zip
2/21/2025, 8:19:39 AM UTC [Modules] Streaming discord_erlpack@1 to /home/flowy/.config/discord/0.0.86/modules/pending/discord_erlpack-1.zip: 1%
2/21/2025, 8:19:39 AM UTC [Modules] Streaming discord_erlpack@1 to /home/flowy/.config/discord/0.0.86/modules/pending/discord_erlpack-1.zip: 3%
2/21/2025, 8:19:39 AM UTC [Modules] Streaming discord_erlpack@1 to /home/flowy/.config/discord/0.0.86/modules/pending/discord_erlpack-1.zip: 4%
2/21/2025, 8:19:39 AM UTC [Modules] Streaming discord_erlpack@1 to /home/flowy/.config/discord/0.0.86/modules/pending/discord_erlpack-1.zip: 5%
2/21/2025, 8:19:39 AM UTC [Modules] Streaming discord_erlpack@1 to /home/flowy/.config/discord/0.0.86/modules/pending/discord_erlpack-1.zip: 6%
2/21/2025, 8:19:39 AM UTC [Modules] Streaming discord_erlpack@1 to /home/flowy/.config/discord/0.0.86/modules/pending/discord_erlpack-1.zip: 7%
2/21/2025, 8:19:39 AM UTC [Modules] Streaming discord_erlpack@1 to /home/flowy/.config/discord/0.0.86/modules/pending/discord_erlpack-1.zip: 8%
2/21/2025, 8:19:39 AM UTC [Modules] Streaming discord_erlpack@1 to /home/flowy/.config/discord/0.0.86/modules/pending/discord_erlpack-1.zip: 9%
2/21/2025, 8:19:39 AM UTC [Modules] Streaming discord_erlpack@1 to /home/flowy/.config/discord/0.0.86/modules/pending/discord_erlpack-1.zip: 10%
2/21/2025, 8:19:39 AM UTC [Modules] Streaming discord_erlpack@1 to /home/flowy/.config/discord/0.0.86/modules/pending/discord_erlpack-1.zip: 11%
2/21/2025, 8:19:39 AM UTC [Modules] Streaming discord_erlpack@1 to /home/flowy/.config/discord/0.0.86/modules/pending/discord_erlpack-1.zip: 12%
2/21/2025, 8:19:39 AM UTC [Modules] Streaming discord_erlpack@1 to /home/flowy/.config/discord/0.0.86/modules/pending/discord_erlpack-1.zip: 13%
2/21/2025, 8:19:39 AM UTC [Modules] Streaming discord_erlpack@1 to /home/flowy/.config/discord/0.0.86/modules/pending/discord_erlpack-1.zip: 14%
2/21/2025, 8:19:39 AM UTC [Modules] Streaming discord_erlpack@1 to /home/flowy/.config/discord/0.0.86/modules/pending/discord_erlpack-1.zip: 15%
2/21/2025, 8:19:39 AM UTC [Modules] Streaming discord_erlpack@1 to /home/flowy/.config/discord/0.0.86/modules/pending/discord_erlpack-1.zip: 16%
2/21/2025, 8:19:39 AM UTC [Modules] Streaming discord_erlpack@1 to /home/flowy/.config/discord/0.0.86/modules/pending/discord_erlpack-1.zip: 17%
2/21/2025, 8:19:39 AM UTC [Modules] Streaming discord_erlpack@1 to /home/flowy/.config/discord/0.0.86/modules/pending/discord_erlpack-1.zip: 18%
2/21/2025, 8:19:39 AM UTC [Modules] Streaming discord_erlpack@1 to /home/flowy/.config/discord/0.0.86/modules/pending/discord_erlpack-1.zip: 19%
2/21/2025, 8:19:39 AM UTC [Modules] Streaming discord_erlpack@1 to /home/flowy/.config/discord/0.0.86/modules/pending/discord_erlpack-1.zip: 20%
2/21/2025, 8:19:39 AM UTC [Modules] Streaming discord_erlpack@1 to /home/flowy/.config/discord/0.0.86/modules/pending/discord_erlpack-1.zip: 21%
2/21/2025, 8:19:39 AM UTC [Modules] Streaming discord_erlpack@1 to /home/flowy/.config/discord/0.0.86/modules/pending/discord_erlpack-1.zip: 22%
2/21/2025, 8:19:39 AM UTC [Modules] Streaming discord_erlpack@1 to /home/flowy/.config/discord/0.0.86/modules/pending/discord_erlpack-1.zip: 23%
2/21/2025, 8:19:39 AM UTC [Modules] Streaming discord_erlpack@1 to /home/flowy/.config/discord/0.0.86/modules/pending/discord_erlpack-1.zip: 25%
2/21/2025, 8:19:39 AM UTC [Modules] Streaming discord_erlpack@1 to /home/flowy/.config/discord/0.0.86/modules/pending/discord_erlpack-1.zip: 26%
2/21/2025, 8:19:39 AM UTC [Modules] Streaming discord_erlpack@1 to /home/flowy/.config/discord/0.0.86/modules/pending/discord_erlpack-1.zip: 27%
2/21/2025, 8:19:39 AM UTC [Modules] Streaming discord_erlpack@1 to /home/flowy/.config/discord/0.0.86/modules/pending/discord_erlpack-1.zip: 28%
2/21/2025, 8:19:39 AM UTC [Modules] Streaming discord_erlpack@1 to /home/flowy/.config/discord/0.0.86/modules/pending/discord_erlpack-1.zip: 30%
2/21/2025, 8:19:39 AM UTC [Modules] Streaming discord_erlpack@1 to /home/flowy/.config/discord/0.0.86/modules/pending/discord_erlpack-1.zip: 31%
2/21/2025, 8:19:39 AM UTC [Modules] Streaming discord_erlpack@1 to /home/flowy/.config/discord/0.0.86/modules/pending/discord_erlpack-1.zip: 32%
2/21/2025, 8:19:39 AM UTC [Modules] Streaming discord_erlpack@1 to /home/flowy/.config/discord/0.0.86/modules/pending/discord_erlpack-1.zip: 35%
2/21/2025, 8:19:39 AM UTC [Modules] Streaming discord_erlpack@1 to /home/flowy/.config/discord/0.0.86/modules/pending/discord_erlpack-1.zip: 36%
2/21/2025, 8:19:39 AM UTC [Modules] Streaming discord_erlpack@1 to /home/flowy/.config/discord/0.0.86/modules/pending/discord_erlpack-1.zip: 37%
2/21/2025, 8:19:39 AM UTC [Modules] Streaming discord_erlpack@1 to /home/flowy/.config/discord/0.0.86/modules/pending/discord_erlpack-1.zip: 38%
2/21/2025, 8:19:39 AM UTC [Modules] Streaming discord_erlpack@1 to /home/flowy/.config/discord/0.0.86/modules/pending/discord_erlpack-1.zip: 40%
2/21/2025, 8:19:39 AM UTC [Modules] Streaming discord_erlpack@1 to /home/flowy/.config/discord/0.0.86/modules/pending/discord_erlpack-1.zip: 43%
2/21/2025, 8:19:39 AM UTC [Modules] Streaming discord_erlpack@1 to /home/flowy/.config/discord/0.0.86/modules/pending/discord_erlpack-1.zip: 44%
2/21/2025, 8:19:39 AM UTC [Modules] Streaming discord_erlpack@1 to /home/flowy/.config/discord/0.0.86/modules/pending/discord_erlpack-1.zip: 45%
2/21/2025, 8:19:39 AM UTC [Modules] Streaming discord_erlpack@1 to /home/flowy/.config/discord/0.0.86/modules/pending/discord_erlpack-1.zip: 46%
2/21/2025, 8:19:39 AM UTC [Modules] Streaming discord_erlpack@1 to /home/flowy/.config/discord/0.0.86/modules/pending/discord_erlpack-1.zip: 47%
2/21/2025, 8:19:39 AM UTC [Modules] Streaming discord_erlpack@1 to /home/flowy/.config/discord/0.0.86/modules/pending/discord_erlpack-1.zip: 48%
2/21/2025, 8:19:39 AM UTC [Modules] Streaming discord_erlpack@1 to /home/flowy/.config/discord/0.0.86/modules/pending/discord_erlpack-1.zip: 49%
2/21/2025, 8:19:39 AM UTC [Modules] Streaming discord_erlpack@1 to /home/flowy/.config/discord/0.0.86/modules/pending/discord_erlpack-1.zip: 50%
2/21/2025, 8:19:39 AM UTC [Modules] Streaming discord_erlpack@1 to /home/flowy/.config/discord/0.0.86/modules/pending/discord_erlpack-1.zip: 51%
2/21/2025, 8:19:39 AM UTC [Modules] Streaming discord_erlpack@1 to /home/flowy/.config/discord/0.0.86/modules/pending/discord_erlpack-1.zip: 52%
2/21/2025, 8:19:39 AM UTC [Modules] Streaming discord_erlpack@1 to /home/flowy/.config/discord/0.0.86/modules/pending/discord_erlpack-1.zip: 53%
2/21/2025, 8:19:39 AM UTC [Modules] Streaming discord_erlpack@1 to /home/flowy/.config/discord/0.0.86/modules/pending/discord_erlpack-1.zip: 54%
2/21/2025, 8:19:39 AM UTC [Modules] Streaming discord_erlpack@1 to /home/flowy/.config/discord/0.0.86/modules/pending/discord_erlpack-1.zip: 57%
2/21/2025, 8:19:39 AM UTC [Modules] Streaming discord_erlpack@1 to /home/flowy/.config/discord/0.0.86/modules/pending/discord_erlpack-1.zip: 58%
2/21/2025, 8:19:39 AM UTC [Modules] Streaming discord_erlpack@1 to /home/flowy/.config/discord/0.0.86/modules/pending/discord_erlpack-1.zip: 59%
2/21/2025, 8:19:39 AM UTC [Modules] Streaming discord_erlpack@1 to /home/flowy/.config/discord/0.0.86/modules/pending/discord_erlpack-1.zip: 60%
2/21/2025, 8:19:39 AM UTC [Modules] Streaming discord_erlpack@1 to /home/flowy/.config/discord/0.0.86/modules/pending/discord_erlpack-1.zip: 61%
2/21/2025, 8:19:39 AM UTC [Modules] Streaming discord_erlpack@1 to /home/flowy/.config/discord/0.0.86/modules/pending/discord_erlpack-1.zip: 62%
2/21/2025, 8:19:39 AM UTC [Modules] Streaming discord_erlpack@1 to /home/flowy/.config/discord/0.0.86/modules/pending/discord_erlpack-1.zip: 63%
2/21/2025, 8:19:39 AM UTC [Modules] Streaming discord_erlpack@1 to /home/flowy/.config/discord/0.0.86/modules/pending/discord_erlpack-1.zip: 64%
2/21/2025, 8:19:39 AM UTC [Modules] Streaming discord_erlpack@1 to /home/flowy/.config/discord/0.0.86/modules/pending/discord_erlpack-1.zip: 66%
2/21/2025, 8:19:39 AM UTC [Modules] Streaming discord_erlpack@1 to /home/flowy/.config/discord/0.0.86/modules/pending/discord_erlpack-1.zip: 67%
2/21/2025, 8:19:39 AM UTC [Modules] Streaming discord_erlpack@1 to /home/flowy/.config/discord/0.0.86/modules/pending/discord_erlpack-1.zip: 68%
2/21/2025, 8:19:39 AM UTC [Modules] Streaming discord_erlpack@1 to /home/flowy/.config/discord/0.0.86/modules/pending/discord_erlpack-1.zip: 69%
2/21/2025, 8:19:39 AM UTC [Modules] Streaming discord_erlpack@1 to /home/flowy/.config/discord/0.0.86/modules/pending/discord_erlpack-1.zip: 70%
2/21/2025, 8:19:39 AM UTC [Modules] Streaming discord_erlpack@1 to /home/flowy/.config/discord/0.0.86/modules/pending/discord_erlpack-1.zip: 71%
2/21/2025, 8:19:39 AM UTC [Modules] Streaming discord_erlpack@1 to /home/flowy/.config/discord/0.0.86/modules/pending/discord_erlpack-1.zip: 72%
2/21/2025, 8:19:39 AM UTC [Modules] Streaming discord_erlpack@1 to /home/flowy/.config/discord/0.0.86/modules/pending/discord_erlpack-1.zip: 73%
2/21/2025, 8:19:39 AM UTC [Modules] Streaming discord_erlpack@1 to /home/flowy/.config/discord/0.0.86/modules/pending/discord_erlpack-1.zip: 74%
2/21/2025, 8:19:39 AM UTC [Modules] Streaming discord_erlpack@1 to /home/flowy/.config/discord/0.0.86/modules/pending/discord_erlpack-1.zip: 75%
2/21/2025, 8:19:39 AM UTC [Modules] Streaming discord_erlpack@1 to /home/flowy/.config/discord/0.0.86/modules/pending/discord_erlpack-1.zip: 76%
2/21/2025, 8:19:39 AM UTC [Modules] Streaming discord_erlpack@1 to /home/flowy/.config/discord/0.0.86/modules/pending/discord_erlpack-1.zip: 77%
2/21/2025, 8:19:39 AM UTC [Modules] Streaming discord_erlpack@1 to /home/flowy/.config/discord/0.0.86/modules/pending/discord_erlpack-1.zip: 78%
2/21/2025, 8:19:39 AM UTC [Modules] Streaming discord_erlpack@1 to /home/flowy/.config/discord/0.0.86/modules/pending/discord_erlpack-1.zip: 79%
2/21/2025, 8:19:39 AM UTC [Modules] Streaming discord_erlpack@1 to /home/flowy/.config/discord/0.0.86/modules/pending/discord_erlpack-1.zip: 80%
2/21/2025, 8:19:39 AM UTC [Modules] Streaming discord_erlpack@1 to /home/flowy/.config/discord/0.0.86/modules/pending/discord_erlpack-1.zip: 81%
2/21/2025, 8:19:39 AM UTC [Modules] Streaming discord_erlpack@1 to /home/flowy/.config/discord/0.0.86/modules/pending/discord_erlpack-1.zip: 82%
2/21/2025, 8:19:39 AM UTC [Modules] Streaming discord_erlpack@1 to /home/flowy/.config/discord/0.0.86/modules/pending/discord_erlpack-1.zip: 83%
2/21/2025, 8:19:39 AM UTC [Modules] Streaming discord_erlpack@1 to /home/flowy/.config/discord/0.0.86/modules/pending/discord_erlpack-1.zip: 84%
2/21/2025, 8:19:39 AM UTC [Modules] Streaming discord_erlpack@1 to /home/flowy/.config/discord/0.0.86/modules/pending/discord_erlpack-1.zip: 85%
2/21/2025, 8:19:39 AM UTC [Modules] Streaming discord_erlpack@1 to /home/flowy/.config/discord/0.0.86/modules/pending/discord_erlpack-1.zip: 86%
2/21/2025, 8:19:39 AM UTC [Modules] Streaming discord_erlpack@1 to /home/flowy/.config/discord/0.0.86/modules/pending/discord_erlpack-1.zip: 87%
2/21/2025, 8:19:39 AM UTC [Modules] Streaming discord_erlpack@1 to /home/flowy/.config/discord/0.0.86/modules/pending/discord_erlpack-1.zip: 88%
2/21/2025, 8:19:39 AM UTC [Modules] Streaming discord_erlpack@1 to /home/flowy/.config/discord/0.0.86/modules/pending/discord_erlpack-1.zip: 90%
2/21/2025, 8:19:39 AM UTC [Modules] Streaming discord_erlpack@1 to /home/flowy/.config/discord/0.0.86/modules/pending/discord_erlpack-1.zip: 91%
2/21/2025, 8:19:39 AM UTC [Modules] Streaming discord_erlpack@1 to /home/flowy/.config/discord/0.0.86/modules/pending/discord_erlpack-1.zip: 92%
2/21/2025, 8:19:39 AM UTC [Modules] Streaming discord_erlpack@1 to /home/flowy/.config/discord/0.0.86/modules/pending/discord_erlpack-1.zip: 93%
2/21/2025, 8:19:39 AM UTC [Modules] Streaming discord_erlpack@1 to /home/flowy/.config/discord/0.0.86/modules/pending/discord_erlpack-1.zip: 94%
2/21/2025, 8:19:39 AM UTC [Modules] Streaming discord_erlpack@1 to /home/flowy/.config/discord/0.0.86/modules/pending/discord_erlpack-1.zip: 95%
2/21/2025, 8:19:39 AM UTC [Modules] Streaming discord_erlpack@1 to /home/flowy/.config/discord/0.0.86/modules/pending/discord_erlpack-1.zip: 96%
2/21/2025, 8:19:39 AM UTC [Modules] Streaming discord_erlpack@1 to /home/flowy/.config/discord/0.0.86/modules/pending/discord_erlpack-1.zip: 97%
2/21/2025, 8:19:39 AM UTC [Modules] Streaming discord_erlpack@1 to /home/flowy/.config/discord/0.0.86/modules/pending/discord_erlpack-1.zip: 98%
2/21/2025, 8:19:39 AM UTC [Modules] Streaming discord_erlpack@1 to /home/flowy/.config/discord/0.0.86/modules/pending/discord_erlpack-1.zip: 99%
2/21/2025, 8:19:39 AM UTC [Modules] Streaming discord_erlpack@1 to /home/flowy/.config/discord/0.0.86/modules/pending/discord_erlpack-1.zip: 100%
2/21/2025, 8:19:39 AM UTC [Modules] Fetching discord_spellcheck@1 from https://discord.com/api/modules/stable/discord_spellcheck/1
2/21/2025, 8:19:39 AM UTC [Modules] Streaming discord_spellcheck@1 to /home/flowy/.config/discord/0.0.86/modules/pending/discord_spellcheck-1.zip
2/21/2025, 8:19:40 AM UTC [Modules] Streaming discord_spellcheck@1 to /home/flowy/.config/discord/0.0.86/modules/pending/discord_spellcheck-1.zip: 1%
2/21/2025, 8:19:40 AM UTC [Modules] Streaming discord_spellcheck@1 to /home/flowy/.config/discord/0.0.86/modules/pending/discord_spellcheck-1.zip: 2%
2/21/2025, 8:19:40 AM UTC [Modules] Streaming discord_spellcheck@1 to /home/flowy/.config/discord/0.0.86/modules/pending/discord_spellcheck-1.zip: 3%
2/21/2025, 8:19:40 AM UTC [Modules] Streaming discord_spellcheck@1 to /home/flowy/.config/discord/0.0.86/modules/pending/discord_spellcheck-1.zip: 4%
2/21/2025, 8:19:40 AM UTC [Modules] Streaming discord_spellcheck@1 to /home/flowy/.config/discord/0.0.86/modules/pending/discord_spellcheck-1.zip: 5%
2/21/2025, 8:19:40 AM UTC [Modules] Streaming discord_spellcheck@1 to /home/flowy/.config/discord/0.0.86/modules/pending/discord_spellcheck-1.zip: 6%
2/21/2025, 8:19:40 AM UTC [Modules] Streaming discord_spellcheck@1 to /home/flowy/.config/discord/0.0.86/modules/pending/discord_spellcheck-1.zip: 7%
2/21/2025, 8:19:40 AM UTC [Modules] Streaming discord_spellcheck@1 to /home/flowy/.config/discord/0.0.86/modules/pending/discord_spellcheck-1.zip: 8%
2/21/2025, 8:19:40 AM UTC [Modules] Streaming discord_spellcheck@1 to /home/flowy/.config/discord/0.0.86/modules/pending/discord_spellcheck-1.zip: 9%
2/21/2025, 8:19:40 AM UTC [Modules] Streaming discord_spellcheck@1 to /home/flowy/.config/discord/0.0.86/modules/pending/discord_spellcheck-1.zip: 10%
2/21/2025, 8:19:40 AM UTC [Modules] Streaming discord_spellcheck@1 to /home/flowy/.config/discord/0.0.86/modules/pending/discord_spellcheck-1.zip: 11%
2/21/2025, 8:19:40 AM UTC [Modules] Streaming discord_spellcheck@1 to /home/flowy/.config/discord/0.0.86/modules/pending/discord_spellcheck-1.zip: 12%
2/21/2025, 8:19:40 AM UTC [Modules] Streaming discord_spellcheck@1 to /home/flowy/.config/discord/0.0.86/modules/pending/discord_spellcheck-1.zip: 13%
2/21/2025, 8:19:40 AM UTC [Modules] Streaming discord_spellcheck@1 to /home/flowy/.config/discord/0.0.86/modules/pending/discord_spellcheck-1.zip: 14%
2/21/2025, 8:19:40 AM UTC [Modules] Streaming discord_spellcheck@1 to /home/flowy/.config/discord/0.0.86/modules/pending/discord_spellcheck-1.zip: 15%
2/21/2025, 8:19:40 AM UTC [Modules] Streaming discord_spellcheck@1 to /home/flowy/.config/discord/0.0.86/modules/pending/discord_spellcheck-1.zip: 16%
2/21/2025, 8:19:41 AM UTC [Modules] Streaming discord_spellcheck@1 to /home/flowy/.config/discord/0.0.86/modules/pending/discord_spellcheck-1.zip: 17%
2/21/2025, 8:19:41 AM UTC [Modules] Streaming discord_spellcheck@1 to /home/flowy/.config/discord/0.0.86/modules/pending/discord_spellcheck-1.zip: 18%
2/21/2025, 8:19:41 AM UTC [Modules] Streaming discord_spellcheck@1 to /home/flowy/.config/discord/0.0.86/modules/pending/discord_spellcheck-1.zip: 19%
2/21/2025, 8:19:41 AM UTC [Modules] Streaming discord_spellcheck@1 to /home/flowy/.config/discord/0.0.86/modules/pending/discord_spellcheck-1.zip: 20%
2/21/2025, 8:19:41 AM UTC [Modules] Streaming discord_spellcheck@1 to /home/flowy/.config/discord/0.0.86/modules/pending/discord_spellcheck-1.zip: 21%
2/21/2025, 8:19:41 AM UTC [Modules] Streaming discord_spellcheck@1 to /home/flowy/.config/discord/0.0.86/modules/pending/discord_spellcheck-1.zip: 22%
2/21/2025, 8:19:41 AM UTC [Modules] Streaming discord_spellcheck@1 to /home/flowy/.config/discord/0.0.86/modules/pending/discord_spellcheck-1.zip: 23%
2/21/2025, 8:19:41 AM UTC [Modules] Streaming discord_spellcheck@1 to /home/flowy/.config/discord/0.0.86/modules/pending/discord_spellcheck-1.zip: 24%
2/21/2025, 8:19:41 AM UTC [Modules] Streaming discord_spellcheck@1 to /home/flowy/.config/discord/0.0.86/modules/pending/discord_spellcheck-1.zip: 25%
2/21/2025, 8:19:41 AM UTC [Modules] Streaming discord_spellcheck@1 to /home/flowy/.config/discord/0.0.86/modules/pending/discord_spellcheck-1.zip: 26%
2/21/2025, 8:19:41 AM UTC [Modules] Streaming discord_spellcheck@1 to /home/flowy/.config/discord/0.0.86/modules/pending/discord_spellcheck-1.zip: 27%
2/21/2025, 8:19:41 AM UTC [Modules] Streaming discord_spellcheck@1 to /home/flowy/.config/discord/0.0.86/modules/pending/discord_spellcheck-1.zip: 28%
2/21/2025, 8:19:41 AM UTC [Modules] Streaming discord_spellcheck@1 to /home/flowy/.config/discord/0.0.86/modules/pending/discord_spellcheck-1.zip: 29%
2/21/2025, 8:19:41 AM UTC [Modules] Streaming discord_spellcheck@1 to /home/flowy/.config/discord/0.0.86/modules/pending/discord_spellcheck-1.zip: 30%
2/21/2025, 8:19:41 AM UTC [Modules] Streaming discord_spellcheck@1 to /home/flowy/.config/discord/0.0.86/modules/pending/discord_spellcheck-1.zip: 31%
2/21/2025, 8:19:41 AM UTC [Modules] Streaming discord_spellcheck@1 to /home/flowy/.config/discord/0.0.86/modules/pending/discord_spellcheck-1.zip: 32%
2/21/2025, 8:19:41 AM UTC [Modules] Streaming discord_spellcheck@1 to /home/flowy/.config/discord/0.0.86/modules/pending/discord_spellcheck-1.zip: 33%
2/21/2025, 8:19:41 AM UTC [Modules] Streaming discord_spellcheck@1 to /home/flowy/.config/discord/0.0.86/modules/pending/discord_spellcheck-1.zip: 34%
2/21/2025, 8:19:41 AM UTC [Modules] Streaming discord_spellcheck@1 to /home/flowy/.config/discord/0.0.86/modules/pending/discord_spellcheck-1.zip: 35%
2/21/2025, 8:19:41 AM UTC [Modules] Streaming discord_spellcheck@1 to /home/flowy/.config/discord/0.0.86/modules/pending/discord_spellcheck-1.zip: 36%
2/21/2025, 8:19:41 AM UTC [Modules] Streaming discord_spellcheck@1 to /home/flowy/.config/discord/0.0.86/modules/pending/discord_spellcheck-1.zip: 37%
2/21/2025, 8:19:41 AM UTC [Modules] Streaming discord_spellcheck@1 to /home/flowy/.config/discord/0.0.86/modules/pending/discord_spellcheck-1.zip: 38%
2/21/2025, 8:19:41 AM UTC [Modules] Streaming discord_spellcheck@1 to /home/flowy/.config/discord/0.0.86/modules/pending/discord_spellcheck-1.zip: 39%
2/21/2025, 8:19:41 AM UTC [Modules] Streaming discord_spellcheck@1 to /home/flowy/.config/discord/0.0.86/modules/pending/discord_spellcheck-1.zip: 40%
2/21/2025, 8:19:41 AM UTC [Modules] Streaming discord_spellcheck@1 to /home/flowy/.config/discord/0.0.86/modules/pending/discord_spellcheck-1.zip: 41%
2/21/2025, 8:19:41 AM UTC [Modules] Streaming discord_spellcheck@1 to /home/flowy/.config/discord/0.0.86/modules/pending/discord_spellcheck-1.zip: 42%
2/21/2025, 8:19:41 AM UTC [Modules] Streaming discord_spellcheck@1 to /home/flowy/.config/discord/0.0.86/modules/pending/discord_spellcheck-1.zip: 43%
2/21/2025, 8:19:41 AM UTC [Modules] Streaming discord_spellcheck@1 to /home/flowy/.config/discord/0.0.86/modules/pending/discord_spellcheck-1.zip: 44%
2/21/2025, 8:19:42 AM UTC [Modules] Streaming discord_spellcheck@1 to /home/flowy/.config/discord/0.0.86/modules/pending/discord_spellcheck-1.zip: 45%
2/21/2025, 8:19:42 AM UTC [Modules] Streaming discord_spellcheck@1 to /home/flowy/.config/discord/0.0.86/modules/pending/discord_spellcheck-1.zip: 46%
2/21/2025, 8:19:42 AM UTC [Modules] Streaming discord_spellcheck@1 to /home/flowy/.config/discord/0.0.86/modules/pending/discord_spellcheck-1.zip: 47%
2/21/2025, 8:19:42 AM UTC [Modules] Streaming discord_spellcheck@1 to /home/flowy/.config/discord/0.0.86/modules/pending/discord_spellcheck-1.zip: 48%
2/21/2025, 8:19:42 AM UTC [Modules] Streaming discord_spellcheck@1 to /home/flowy/.config/discord/0.0.86/modules/pending/discord_spellcheck-1.zip: 49%
2/21/2025, 8:19:42 AM UTC [Modules] Streaming discord_spellcheck@1 to /home/flowy/.config/discord/0.0.86/modules/pending/discord_spellcheck-1.zip: 50%
2/21/2025, 8:19:42 AM UTC [Modules] Streaming discord_spellcheck@1 to /home/flowy/.config/discord/0.0.86/modules/pending/discord_spellcheck-1.zip: 51%
2/21/2025, 8:19:42 AM UTC [Modules] Streaming discord_spellcheck@1 to /home/flowy/.config/discord/0.0.86/modules/pending/discord_spellcheck-1.zip: 52%
2/21/2025, 8:19:42 AM UTC [Modules] Streaming discord_spellcheck@1 to /home/flowy/.config/discord/0.0.86/modules/pending/discord_spellcheck-1.zip: 53%
2/21/2025, 8:19:42 AM UTC [Modules] Streaming discord_spellcheck@1 to /home/flowy/.config/discord/0.0.86/modules/pending/discord_spellcheck-1.zip: 54%
2/21/2025, 8:19:42 AM UTC [Modules] Streaming discord_spellcheck@1 to /home/flowy/.config/discord/0.0.86/modules/pending/discord_spellcheck-1.zip: 55%
2/21/2025, 8:19:42 AM UTC [Modules] Streaming discord_spellcheck@1 to /home/flowy/.config/discord/0.0.86/modules/pending/discord_spellcheck-1.zip: 56%
2/21/2025, 8:19:42 AM UTC [Modules] Streaming discord_spellcheck@1 to /home/flowy/.config/discord/0.0.86/modules/pending/discord_spellcheck-1.zip: 57%
2/21/2025, 8:19:42 AM UTC [Modules] Streaming discord_spellcheck@1 to /home/flowy/.config/discord/0.0.86/modules/pending/discord_spellcheck-1.zip: 58%
2/21/2025, 8:19:42 AM UTC [Modules] Streaming discord_spellcheck@1 to /home/flowy/.config/discord/0.0.86/modules/pending/discord_spellcheck-1.zip: 59%
2/21/2025, 8:19:42 AM UTC [Modules] Streaming discord_spellcheck@1 to /home/flowy/.config/discord/0.0.86/modules/pending/discord_spellcheck-1.zip: 60%
2/21/2025, 8:19:42 AM UTC [Modules] Streaming discord_spellcheck@1 to /home/flowy/.config/discord/0.0.86/modules/pending/discord_spellcheck-1.zip: 61%
2/21/2025, 8:19:42 AM UTC [Modules] Streaming discord_spellcheck@1 to /home/flowy/.config/discord/0.0.86/modules/pending/discord_spellcheck-1.zip: 62%
2/21/2025, 8:19:42 AM UTC [Modules] Streaming discord_spellcheck@1 to /home/flowy/.config/discord/0.0.86/modules/pending/discord_spellcheck-1.zip: 63%
2/21/2025, 8:19:42 AM UTC [Modules] Streaming discord_spellcheck@1 to /home/flowy/.config/discord/0.0.86/modules/pending/discord_spellcheck-1.zip: 64%
2/21/2025, 8:19:43 AM UTC [Modules] Streaming discord_spellcheck@1 to /home/flowy/.config/discord/0.0.86/modules/pending/discord_spellcheck-1.zip: 65%
2/21/2025, 8:19:43 AM UTC [Modules] Streaming discord_spellcheck@1 to /home/flowy/.config/discord/0.0.86/modules/pending/discord_spellcheck-1.zip: 66%
2/21/2025, 8:19:43 AM UTC [Modules] Streaming discord_spellcheck@1 to /home/flowy/.config/discord/0.0.86/modules/pending/discord_spellcheck-1.zip: 67%
2/21/2025, 8:19:43 AM UTC [Modules] Streaming discord_spellcheck@1 to /home/flowy/.config/discord/0.0.86/modules/pending/discord_spellcheck-1.zip: 68%
2/21/2025, 8:19:43 AM UTC [Modules] Streaming discord_spellcheck@1 to /home/flowy/.config/discord/0.0.86/modules/pending/discord_spellcheck-1.zip: 69%
2/21/2025, 8:19:43 AM UTC [Modules] Streaming discord_spellcheck@1 to /home/flowy/.config/discord/0.0.86/modules/pending/discord_spellcheck-1.zip: 70%
2/21/2025, 8:19:43 AM UTC [Modules] Streaming discord_spellcheck@1 to /home/flowy/.config/discord/0.0.86/modules/pending/discord_spellcheck-1.zip: 71%
2/21/2025, 8:19:43 AM UTC [Modules] Streaming discord_spellcheck@1 to /home/flowy/.config/discord/0.0.86/modules/pending/discord_spellcheck-1.zip: 72%
2/21/2025, 8:19:44 AM UTC [Modules] Streaming discord_spellcheck@1 to /home/flowy/.config/discord/0.0.86/modules/pending/discord_spellcheck-1.zip: 73%
2/21/2025, 8:19:44 AM UTC [Modules] Streaming discord_spellcheck@1 to /home/flowy/.config/discord/0.0.86/modules/pending/discord_spellcheck-1.zip: 74%
2/21/2025, 8:19:44 AM UTC [Modules] Streaming discord_spellcheck@1 to /home/flowy/.config/discord/0.0.86/modules/pending/discord_spellcheck-1.zip: 75%
2/21/2025, 8:19:45 AM UTC [Modules] Streaming discord_spellcheck@1 to /home/flowy/.config/discord/0.0.86/modules/pending/discord_spellcheck-1.zip: 76%
2/21/2025, 8:19:45 AM UTC [Modules] Streaming discord_spellcheck@1 to /home/flowy/.config/discord/0.0.86/modules/pending/discord_spellcheck-1.zip: 77%
2/21/2025, 8:19:45 AM UTC [Modules] Streaming discord_spellcheck@1 to /home/flowy/.config/discord/0.0.86/modules/pending/discord_spellcheck-1.zip: 78%
2/21/2025, 8:19:45 AM UTC [Modules] Streaming discord_spellcheck@1 to /home/flowy/.config/discord/0.0.86/modules/pending/discord_spellcheck-1.zip: 79%
2/21/2025, 8:19:45 AM UTC [Modules] Streaming discord_spellcheck@1 to /home/flowy/.config/discord/0.0.86/modules/pending/discord_spellcheck-1.zip: 80%
2/21/2025, 8:19:46 AM UTC [Modules] Streaming discord_spellcheck@1 to /home/flowy/.config/discord/0.0.86/modules/pending/discord_spellcheck-1.zip: 81%
2/21/2025, 8:19:46 AM UTC [Modules] Streaming discord_spellcheck@1 to /home/flowy/.config/discord/0.0.86/modules/pending/discord_spellcheck-1.zip: 82%
2/21/2025, 8:19:46 AM UTC [Modules] Streaming discord_spellcheck@1 to /home/flowy/.config/discord/0.0.86/modules/pending/discord_spellcheck-1.zip: 83%
2/21/2025, 8:19:46 AM UTC [Modules] Streaming discord_spellcheck@1 to /home/flowy/.config/discord/0.0.86/modules/pending/discord_spellcheck-1.zip: 84%
2/21/2025, 8:19:46 AM UTC [Modules] Streaming discord_spellcheck@1 to /home/flowy/.config/discord/0.0.86/modules/pending/discord_spellcheck-1.zip: 85%
2/21/2025, 8:19:46 AM UTC [Modules] Streaming discord_spellcheck@1 to /home/flowy/.config/discord/0.0.86/modules/pending/discord_spellcheck-1.zip: 86%
2/21/2025, 8:19:47 AM UTC [Modules] Streaming discord_spellcheck@1 to /home/flowy/.config/discord/0.0.86/modules/pending/discord_spellcheck-1.zip: 87%
2/21/2025, 8:19:47 AM UTC [Modules] Streaming discord_spellcheck@1 to /home/flowy/.config/discord/0.0.86/modules/pending/discord_spellcheck-1.zip: 88%
2/21/2025, 8:19:47 AM UTC [Modules] Streaming discord_spellcheck@1 to /home/flowy/.config/discord/0.0.86/modules/pending/discord_spellcheck-1.zip: 89%
2/21/2025, 8:19:47 AM UTC [Modules] Streaming discord_spellcheck@1 to /home/flowy/.config/discord/0.0.86/modules/pending/discord_spellcheck-1.zip: 90%
2/21/2025, 8:19:47 AM UTC [Modules] Streaming discord_spellcheck@1 to /home/flowy/.config/discord/0.0.86/modules/pending/discord_spellcheck-1.zip: 91%
2/21/2025, 8:19:47 AM UTC [Modules] Streaming discord_spellcheck@1 to /home/flowy/.config/discord/0.0.86/modules/pending/discord_spellcheck-1.zip: 92%
2/21/2025, 8:19:48 AM UTC [Modules] Streaming discord_spellcheck@1 to /home/flowy/.config/discord/0.0.86/modules/pending/discord_spellcheck-1.zip: 93%
2/21/2025, 8:19:48 AM UTC [Modules] Streaming discord_spellcheck@1 to /home/flowy/.config/discord/0.0.86/modules/pending/discord_spellcheck-1.zip: 94%
2/21/2025, 8:19:48 AM UTC [Modules] Streaming discord_spellcheck@1 to /home/flowy/.config/discord/0.0.86/modules/pending/discord_spellcheck-1.zip: 95%
2/21/2025, 8:19:48 AM UTC [Modules] Streaming discord_spellcheck@1 to /home/flowy/.config/discord/0.0.86/modules/pending/discord_spellcheck-1.zip: 96%
2/21/2025, 8:19:48 AM UTC [Modules] Streaming discord_spellcheck@1 to /home/flowy/.config/discord/0.0.86/modules/pending/discord_spellcheck-1.zip: 97%
2/21/2025, 8:19:49 AM UTC [Modules] Streaming discord_spellcheck@1 to /home/flowy/.config/discord/0.0.86/modules/pending/discord_spellcheck-1.zip: 98%
2/21/2025, 8:19:49 AM UTC [Modules] Streaming discord_spellcheck@1 to /home/flowy/.config/discord/0.0.86/modules/pending/discord_spellcheck-1.zip: 99%
2/21/2025, 8:19:49 AM UTC [Modules] Streaming discord_spellcheck@1 to /home/flowy/.config/discord/0.0.86/modules/pending/discord_spellcheck-1.zip: 100%
2/21/2025, 8:19:49 AM UTC [Modules] Fetching discord_utils@1 from https://discord.com/api/modules/stable/discord_utils/1
2/21/2025, 8:19:49 AM UTC [Modules] Streaming discord_utils@1 to /home/flowy/.config/discord/0.0.86/modules/pending/discord_utils-1.zip
2/21/2025, 8:19:50 AM UTC [Modules] Streaming discord_utils@1 to /home/flowy/.config/discord/0.0.86/modules/pending/discord_utils-1.zip: 1%
2/21/2025, 8:19:50 AM UTC [Modules] Streaming discord_utils@1 to /home/flowy/.config/discord/0.0.86/modules/pending/discord_utils-1.zip: 2%
2/21/2025, 8:19:50 AM UTC [Modules] Streaming discord_utils@1 to /home/flowy/.config/discord/0.0.86/modules/pending/discord_utils-1.zip: 3%
2/21/2025, 8:19:50 AM UTC [Modules] Streaming discord_utils@1 to /home/flowy/.config/discord/0.0.86/modules/pending/discord_utils-1.zip: 4%
2/21/2025, 8:19:50 AM UTC [Modules] Streaming discord_utils@1 to /home/flowy/.config/discord/0.0.86/modules/pending/discord_utils-1.zip: 5%
2/21/2025, 8:19:50 AM UTC [Modules] Streaming discord_utils@1 to /home/flowy/.config/discord/0.0.86/modules/pending/discord_utils-1.zip: 6%
2/21/2025, 8:19:50 AM UTC [Modules] Streaming discord_utils@1 to /home/flowy/.config/discord/0.0.86/modules/pending/discord_utils-1.zip: 7%
2/21/2025, 8:19:50 AM UTC [Modules] Streaming discord_utils@1 to /home/flowy/.config/discord/0.0.86/modules/pending/discord_utils-1.zip: 8%
2/21/2025, 8:19:50 AM UTC [Modules] Streaming discord_utils@1 to /home/flowy/.config/discord/0.0.86/modules/pending/discord_utils-1.zip: 9%
2/21/2025, 8:19:51 AM UTC [Modules] Streaming discord_utils@1 to /home/flowy/.config/discord/0.0.86/modules/pending/discord_utils-1.zip: 10%
2/21/2025, 8:19:51 AM UTC [Modules] Streaming discord_utils@1 to /home/flowy/.config/discord/0.0.86/modules/pending/discord_utils-1.zip: 11%
2/21/2025, 8:19:51 AM UTC [Modules] Streaming discord_utils@1 to /home/flowy/.config/discord/0.0.86/modules/pending/discord_utils-1.zip: 12%
2/21/2025, 8:19:51 AM UTC [Modules] Streaming discord_utils@1 to /home/flowy/.config/discord/0.0.86/modules/pending/discord_utils-1.zip: 13%
2/21/2025, 8:19:51 AM UTC [Modules] Streaming discord_utils@1 to /home/flowy/.config/discord/0.0.86/modules/pending/discord_utils-1.zip: 14%
2/21/2025, 8:19:51 AM UTC [Modules] Streaming discord_utils@1 to /home/flowy/.config/discord/0.0.86/modules/pending/discord_utils-1.zip: 15%
2/21/2025, 8:19:51 AM UTC [Modules] Streaming discord_utils@1 to /home/flowy/.config/discord/0.0.86/modules/pending/discord_utils-1.zip: 16%
2/21/2025, 8:19:51 AM UTC [Modules] Streaming discord_utils@1 to /home/flowy/.config/discord/0.0.86/modules/pending/discord_utils-1.zip: 17%
2/21/2025, 8:19:51 AM UTC [Modules] Streaming discord_utils@1 to /home/flowy/.config/discord/0.0.86/modules/pending/discord_utils-1.zip: 18%
2/21/2025, 8:19:51 AM UTC [Modules] Streaming discord_utils@1 to /home/flowy/.config/discord/0.0.86/modules/pending/discord_utils-1.zip: 19%
2/21/2025, 8:19:51 AM UTC [Modules] Streaming discord_utils@1 to /home/flowy/.config/discord/0.0.86/modules/pending/discord_utils-1.zip: 20%
2/21/2025, 8:19:51 AM UTC [Modules] Streaming discord_utils@1 to /home/flowy/.config/discord/0.0.86/modules/pending/discord_utils-1.zip: 21%
2/21/2025, 8:19:51 AM UTC [Modules] Streaming discord_utils@1 to /home/flowy/.config/discord/0.0.86/modules/pending/discord_utils-1.zip: 22%
2/21/2025, 8:19:51 AM UTC [Modules] Streaming discord_utils@1 to /home/flowy/.config/discord/0.0.86/modules/pending/discord_utils-1.zip: 23%
2/21/2025, 8:19:51 AM UTC [Modules] Streaming discord_utils@1 to /home/flowy/.config/discord/0.0.86/modules/pending/discord_utils-1.zip: 24%
2/21/2025, 8:19:51 AM UTC [Modules] Streaming discord_utils@1 to /home/flowy/.config/discord/0.0.86/modules/pending/discord_utils-1.zip: 25%
2/21/2025, 8:19:51 AM UTC [Modules] Streaming discord_utils@1 to /home/flowy/.config/discord/0.0.86/modules/pending/discord_utils-1.zip: 26%
2/21/2025, 8:19:51 AM UTC [Modules] Streaming discord_utils@1 to /home/flowy/.config/discord/0.0.86/modules/pending/discord_utils-1.zip: 27%
2/21/2025, 8:19:51 AM UTC [Modules] Streaming discord_utils@1 to /home/flowy/.config/discord/0.0.86/modules/pending/discord_utils-1.zip: 28%
2/21/2025, 8:19:51 AM UTC [Modules] Streaming discord_utils@1 to /home/flowy/.config/discord/0.0.86/modules/pending/discord_utils-1.zip: 29%
2/21/2025, 8:19:51 AM UTC [Modules] Streaming discord_utils@1 to /home/flowy/.config/discord/0.0.86/modules/pending/discord_utils-1.zip: 30%
2/21/2025, 8:19:51 AM UTC [Modules] Streaming discord_utils@1 to /home/flowy/.config/discord/0.0.86/modules/pending/discord_utils-1.zip: 31%
2/21/2025, 8:19:52 AM UTC [Modules] Streaming discord_utils@1 to /home/flowy/.config/discord/0.0.86/modules/pending/discord_utils-1.zip: 32%
2/21/2025, 8:19:52 AM UTC [Modules] Streaming discord_utils@1 to /home/flowy/.config/discord/0.0.86/modules/pending/discord_utils-1.zip: 33%
2/21/2025, 8:19:52 AM UTC [Modules] Streaming discord_utils@1 to /home/flowy/.config/discord/0.0.86/modules/pending/discord_utils-1.zip: 34%
2/21/2025, 8:19:52 AM UTC [Modules] Streaming discord_utils@1 to /home/flowy/.config/discord/0.0.86/modules/pending/discord_utils-1.zip: 35%
2/21/2025, 8:19:52 AM UTC [Modules] Streaming discord_utils@1 to /home/flowy/.config/discord/0.0.86/modules/pending/discord_utils-1.zip: 36%
2/21/2025, 8:19:52 AM UTC [Modules] Streaming discord_utils@1 to /home/flowy/.config/discord/0.0.86/modules/pending/discord_utils-1.zip: 37%
2/21/2025, 8:19:52 AM UTC [Modules] Streaming discord_utils@1 to /home/flowy/.config/discord/0.0.86/modules/pending/discord_utils-1.zip: 38%
2/21/2025, 8:19:52 AM UTC [Modules] Streaming discord_utils@1 to /home/flowy/.config/discord/0.0.86/modules/pending/discord_utils-1.zip: 39%
2/21/2025, 8:19:52 AM UTC [Modules] Streaming discord_utils@1 to /home/flowy/.config/discord/0.0.86/modules/pending/discord_utils-1.zip: 40%
2/21/2025, 8:19:52 AM UTC [Modules] Streaming discord_utils@1 to /home/flowy/.config/discord/0.0.86/modules/pending/discord_utils-1.zip: 41%
2/21/2025, 8:19:52 AM UTC [Modules] Streaming discord_utils@1 to /home/flowy/.config/discord/0.0.86/modules/pending/discord_utils-1.zip: 42%
2/21/2025, 8:19:52 AM UTC [Modules] Streaming discord_utils@1 to /home/flowy/.config/discord/0.0.86/modules/pending/discord_utils-1.zip: 43%
2/21/2025, 8:19:52 AM UTC [Modules] Streaming discord_utils@1 to /home/flowy/.config/discord/0.0.86/modules/pending/discord_utils-1.zip: 44%
2/21/2025, 8:19:52 AM UTC [Modules] Streaming discord_utils@1 to /home/flowy/.config/discord/0.0.86/modules/pending/discord_utils-1.zip: 45%
2/21/2025, 8:19:52 AM UTC [Modules] Streaming discord_utils@1 to /home/flowy/.config/discord/0.0.86/modules/pending/discord_utils-1.zip: 46%
2/21/2025, 8:19:52 AM UTC [Modules] Streaming discord_utils@1 to /home/flowy/.config/discord/0.0.86/modules/pending/discord_utils-1.zip: 47%
2/21/2025, 8:19:52 AM UTC [Modules] Streaming discord_utils@1 to /home/flowy/.config/discord/0.0.86/modules/pending/discord_utils-1.zip: 48%
2/21/2025, 8:19:52 AM UTC [Modules] Streaming discord_utils@1 to /home/flowy/.config/discord/0.0.86/modules/pending/discord_utils-1.zip: 49%
2/21/2025, 8:19:52 AM UTC [Modules] Streaming discord_utils@1 to /home/flowy/.config/discord/0.0.86/modules/pending/discord_utils-1.zip: 50%
2/21/2025, 8:19:52 AM UTC [Modules] Streaming discord_utils@1 to /home/flowy/.config/discord/0.0.86/modules/pending/discord_utils-1.zip: 51%
2/21/2025, 8:19:53 AM UTC [Modules] Streaming discord_utils@1 to /home/flowy/.config/discord/0.0.86/modules/pending/discord_utils-1.zip: 52%
2/21/2025, 8:19:53 AM UTC [Modules] Streaming discord_utils@1 to /home/flowy/.config/discord/0.0.86/modules/pending/discord_utils-1.zip: 53%
2/21/2025, 8:19:53 AM UTC [Modules] Streaming discord_utils@1 to /home/flowy/.config/discord/0.0.86/modules/pending/discord_utils-1.zip: 54%
2/21/2025, 8:19:53 AM UTC [Modules] Streaming discord_utils@1 to /home/flowy/.config/discord/0.0.86/modules/pending/discord_utils-1.zip: 55%
2/21/2025, 8:19:53 AM UTC [Modules] Streaming discord_utils@1 to /home/flowy/.config/discord/0.0.86/modules/pending/discord_utils-1.zip: 56%
2/21/2025, 8:19:53 AM UTC [Modules] Streaming discord_utils@1 to /home/flowy/.config/discord/0.0.86/modules/pending/discord_utils-1.zip: 57%
2/21/2025, 8:19:53 AM UTC [Modules] Streaming discord_utils@1 to /home/flowy/.config/discord/0.0.86/modules/pending/discord_utils-1.zip: 58%
2/21/2025, 8:19:53 AM UTC [Modules] Streaming discord_utils@1 to /home/flowy/.config/discord/0.0.86/modules/pending/discord_utils-1.zip: 59%
2/21/2025, 8:19:53 AM UTC [Modules] Streaming discord_utils@1 to /home/flowy/.config/discord/0.0.86/modules/pending/discord_utils-1.zip: 60%
2/21/2025, 8:19:53 AM UTC [Modules] Streaming discord_utils@1 to /home/flowy/.config/discord/0.0.86/modules/pending/discord_utils-1.zip: 61%
2/21/2025, 8:19:53 AM UTC [Modules] Streaming discord_utils@1 to /home/flowy/.config/discord/0.0.86/modules/pending/discord_utils-1.zip: 62%
2/21/2025, 8:19:53 AM UTC [Modules] Streaming discord_utils@1 to /home/flowy/.config/discord/0.0.86/modules/pending/discord_utils-1.zip: 63%
2/21/2025, 8:19:53 AM UTC [Modules] Streaming discord_utils@1 to /home/flowy/.config/discord/0.0.86/modules/pending/discord_utils-1.zip: 64%
2/21/2025, 8:19:54 AM UTC [Modules] Streaming discord_utils@1 to /home/flowy/.config/discord/0.0.86/modules/pending/discord_utils-1.zip: 65%
2/21/2025, 8:19:54 AM UTC [Modules] Streaming discord_utils@1 to /home/flowy/.config/discord/0.0.86/modules/pending/discord_utils-1.zip: 66%
2/21/2025, 8:19:54 AM UTC [Modules] Streaming discord_utils@1 to /home/flowy/.config/discord/0.0.86/modules/pending/discord_utils-1.zip: 67%
2/21/2025, 8:19:54 AM UTC [Modules] Streaming discord_utils@1 to /home/flowy/.config/discord/0.0.86/modules/pending/discord_utils-1.zip: 69%
2/21/2025, 8:19:54 AM UTC [Modules] Streaming discord_utils@1 to /home/flowy/.config/discord/0.0.86/modules/pending/discord_utils-1.zip: 70%
2/21/2025, 8:19:54 AM UTC [Modules] Streaming discord_utils@1 to /home/flowy/.config/discord/0.0.86/modules/pending/discord_utils-1.zip: 71%
2/21/2025, 8:19:54 AM UTC [Modules] Streaming discord_utils@1 to /home/flowy/.config/discord/0.0.86/modules/pending/discord_utils-1.zip: 73%
2/21/2025, 8:19:55 AM UTC [Modules] Streaming discord_utils@1 to /home/flowy/.config/discord/0.0.86/modules/pending/discord_utils-1.zip: 74%
2/21/2025, 8:19:55 AM UTC [Modules] Streaming discord_utils@1 to /home/flowy/.config/discord/0.0.86/modules/pending/discord_utils-1.zip: 76%
2/21/2025, 8:19:55 AM UTC [Modules] Streaming discord_utils@1 to /home/flowy/.config/discord/0.0.86/modules/pending/discord_utils-1.zip: 77%
2/21/2025, 8:19:55 AM UTC [Modules] Streaming discord_utils@1 to /home/flowy/.config/discord/0.0.86/modules/pending/discord_utils-1.zip: 78%
2/21/2025, 8:19:55 AM UTC [Modules] Streaming discord_utils@1 to /home/flowy/.config/discord/0.0.86/modules/pending/discord_utils-1.zip: 79%
2/21/2025, 8:19:55 AM UTC [Modules] Streaming discord_utils@1 to /home/flowy/.config/discord/0.0.86/modules/pending/discord_utils-1.zip: 80%
2/21/2025, 8:19:55 AM UTC [Modules] Streaming discord_utils@1 to /home/flowy/.config/discord/0.0.86/modules/pending/discord_utils-1.zip: 81%
2/21/2025, 8:19:55 AM UTC [Modules] Streaming discord_utils@1 to /home/flowy/.config/discord/0.0.86/modules/pending/discord_utils-1.zip: 82%
2/21/2025, 8:19:55 AM UTC [Modules] Streaming discord_utils@1 to /home/flowy/.config/discord/0.0.86/modules/pending/discord_utils-1.zip: 83%
2/21/2025, 8:19:55 AM UTC [Modules] Streaming discord_utils@1 to /home/flowy/.config/discord/0.0.86/modules/pending/discord_utils-1.zip: 84%
2/21/2025, 8:19:55 AM UTC [Modules] Streaming discord_utils@1 to /home/flowy/.config/discord/0.0.86/modules/pending/discord_utils-1.zip: 85%
2/21/2025, 8:19:55 AM UTC [Modules] Streaming discord_utils@1 to /home/flowy/.config/discord/0.0.86/modules/pending/discord_utils-1.zip: 86%
2/21/2025, 8:19:55 AM UTC [Modules] Streaming discord_utils@1 to /home/flowy/.config/discord/0.0.86/modules/pending/discord_utils-1.zip: 87%
2/21/2025, 8:19:55 AM UTC [Modules] Streaming discord_utils@1 to /home/flowy/.config/discord/0.0.86/modules/pending/discord_utils-1.zip: 88%
2/21/2025, 8:19:55 AM UTC [Modules] Streaming discord_utils@1 to /home/flowy/.config/discord/0.0.86/modules/pending/discord_utils-1.zip: 89%
2/21/2025, 8:19:56 AM UTC [Modules] Streaming discord_utils@1 to /home/flowy/.config/discord/0.0.86/modules/pending/discord_utils-1.zip: 90%
2/21/2025, 8:19:56 AM UTC [Modules] Streaming discord_utils@1 to /home/flowy/.config/discord/0.0.86/modules/pending/discord_utils-1.zip: 91%
2/21/2025, 8:19:56 AM UTC [Modules] Streaming discord_utils@1 to /home/flowy/.config/discord/0.0.86/modules/pending/discord_utils-1.zip: 92%
2/21/2025, 8:19:56 AM UTC [Modules] Streaming discord_utils@1 to /home/flowy/.config/discord/0.0.86/modules/pending/discord_utils-1.zip: 93%
2/21/2025, 8:19:56 AM UTC [Modules] Streaming discord_utils@1 to /home/flowy/.config/discord/0.0.86/modules/pending/discord_utils-1.zip: 94%
2/21/2025, 8:19:56 AM UTC [Modules] Streaming discord_utils@1 to /home/flowy/.config/discord/0.0.86/modules/pending/discord_utils-1.zip: 95%
2/21/2025, 8:19:56 AM UTC [Modules] Streaming discord_utils@1 to /home/flowy/.config/discord/0.0.86/modules/pending/discord_utils-1.zip: 96%
2/21/2025, 8:19:56 AM UTC [Modules] Streaming discord_utils@1 to /home/flowy/.config/discord/0.0.86/modules/pending/discord_utils-1.zip: 97%
2/21/2025, 8:19:56 AM UTC [Modules] Streaming discord_utils@1 to /home/flowy/.config/discord/0.0.86/modules/pending/discord_utils-1.zip: 98%
2/21/2025, 8:19:56 AM UTC [Modules] Streaming discord_utils@1 to /home/flowy/.config/discord/0.0.86/modules/pending/discord_utils-1.zip: 99%
2/21/2025, 8:19:56 AM UTC [Modules] Streaming discord_utils@1 to /home/flowy/.config/discord/0.0.86/modules/pending/discord_utils-1.zip: 100%
2/21/2025, 8:19:56 AM UTC [Modules] Fetching discord_voice@1 from https://discord.com/api/modules/stable/discord_voice/1
2/21/2025, 8:19:56 AM UTC [Modules] Streaming discord_voice@1 to /home/flowy/.config/discord/0.0.86/modules/pending/discord_voice-1.zip
2/21/2025, 8:19:58 AM UTC [Modules] Streaming discord_voice@1 to /home/flowy/.config/discord/0.0.86/modules/pending/discord_voice-1.zip: 1%
2/21/2025, 8:19:58 AM UTC [Modules] Streaming discord_voice@1 to /home/flowy/.config/discord/0.0.86/modules/pending/discord_voice-1.zip: 2%
2/21/2025, 8:19:58 AM UTC [Modules] Streaming discord_voice@1 to /home/flowy/.config/discord/0.0.86/modules/pending/discord_voice-1.zip: 3%
2/21/2025, 8:19:58 AM UTC [Modules] Streaming discord_voice@1 to /home/flowy/.config/discord/0.0.86/modules/pending/discord_voice-1.zip: 4%
2/21/2025, 8:19:58 AM UTC [Modules] Streaming discord_voice@1 to /home/flowy/.config/discord/0.0.86/modules/pending/discord_voice-1.zip: 5%
2/21/2025, 8:19:59 AM UTC [Modules] Streaming discord_voice@1 to /home/flowy/.config/discord/0.0.86/modules/pending/discord_voice-1.zip: 6%
2/21/2025, 8:19:59 AM UTC [Modules] Streaming discord_voice@1 to /home/flowy/.config/discord/0.0.86/modules/pending/discord_voice-1.zip: 7%
2/21/2025, 8:19:59 AM UTC [Modules] Streaming discord_voice@1 to /home/flowy/.config/discord/0.0.86/modules/pending/discord_voice-1.zip: 8%
2/21/2025, 8:19:59 AM UTC [Modules] Streaming discord_voice@1 to /home/flowy/.config/discord/0.0.86/modules/pending/discord_voice-1.zip: 9%
2/21/2025, 8:19:59 AM UTC [Modules] Streaming discord_voice@1 to /home/flowy/.config/discord/0.0.86/modules/pending/discord_voice-1.zip: 10%
2/21/2025, 8:20:00 AM UTC [Modules] Streaming discord_voice@1 to /home/flowy/.config/discord/0.0.86/modules/pending/discord_voice-1.zip: 11%
2/21/2025, 8:20:00 AM UTC [Modules] Streaming discord_voice@1 to /home/flowy/.config/discord/0.0.86/modules/pending/discord_voice-1.zip: 12%
2/21/2025, 8:20:00 AM UTC [Modules] Streaming discord_voice@1 to /home/flowy/.config/discord/0.0.86/modules/pending/discord_voice-1.zip: 13%
2/21/2025, 8:20:00 AM UTC [Modules] Streaming discord_voice@1 to /home/flowy/.config/discord/0.0.86/modules/pending/discord_voice-1.zip: 14%
2/21/2025, 8:20:00 AM UTC [Modules] Streaming discord_voice@1 to /home/flowy/.config/discord/0.0.86/modules/pending/discord_voice-1.zip: 15%
2/21/2025, 8:20:01 AM UTC [Modules] Streaming discord_voice@1 to /home/flowy/.config/discord/0.0.86/modules/pending/discord_voice-1.zip: 16%
2/21/2025, 8:20:01 AM UTC [Modules] Streaming discord_voice@1 to /home/flowy/.config/discord/0.0.86/modules/pending/discord_voice-1.zip: 17%
2/21/2025, 8:20:02 AM UTC [Modules] Streaming discord_voice@1 to /home/flowy/.config/discord/0.0.86/modules/pending/discord_voice-1.zip: 18%
2/21/2025, 8:20:02 AM UTC [Modules] Streaming discord_voice@1 to /home/flowy/.config/discord/0.0.86/modules/pending/discord_voice-1.zip: 19%
2/21/2025, 8:20:02 AM UTC [Modules] Streaming discord_voice@1 to /home/flowy/.config/discord/0.0.86/modules/pending/discord_voice-1.zip: 20%
2/21/2025, 8:20:02 AM UTC [Modules] Streaming discord_voice@1 to /home/flowy/.config/discord/0.0.86/modules/pending/discord_voice-1.zip: 21%
2/21/2025, 8:20:02 AM UTC [Modules] Streaming discord_voice@1 to /home/flowy/.config/discord/0.0.86/modules/pending/discord_voice-1.zip: 22%
2/21/2025, 8:20:03 AM UTC [Modules] Streaming discord_voice@1 to /home/flowy/.config/discord/0.0.86/modules/pending/discord_voice-1.zip: 23%
2/21/2025, 8:20:03 AM UTC [Modules] Streaming discord_voice@1 to /home/flowy/.config/discord/0.0.86/modules/pending/discord_voice-1.zip: 24%
2/21/2025, 8:20:03 AM UTC [Modules] Streaming discord_voice@1 to /home/flowy/.config/discord/0.0.86/modules/pending/discord_voice-1.zip: 25%
2/21/2025, 8:20:03 AM UTC [Modules] Streaming discord_voice@1 to /home/flowy/.config/discord/0.0.86/modules/pending/discord_voice-1.zip: 26%
2/21/2025, 8:20:04 AM UTC [Modules] Streaming discord_voice@1 to /home/flowy/.config/discord/0.0.86/modules/pending/discord_voice-1.zip: 27%
2/21/2025, 8:20:04 AM UTC [Modules] Streaming discord_voice@1 to /home/flowy/.config/discord/0.0.86/modules/pending/discord_voice-1.zip: 28%
2/21/2025, 8:20:04 AM UTC [Modules] Streaming discord_voice@1 to /home/flowy/.config/discord/0.0.86/modules/pending/discord_voice-1.zip: 29%
2/21/2025, 8:20:05 AM UTC [Modules] Streaming discord_voice@1 to /home/flowy/.config/discord/0.0.86/modules/pending/discord_voice-1.zip: 30%
2/21/2025, 8:20:05 AM UTC [Modules] Streaming discord_voice@1 to /home/flowy/.config/discord/0.0.86/modules/pending/discord_voice-1.zip: 31%
2/21/2025, 8:20:06 AM UTC [Modules] Streaming discord_voice@1 to /home/flowy/.config/discord/0.0.86/modules/pending/discord_voice-1.zip: 32%
2/21/2025, 8:20:06 AM UTC [Modules] Streaming discord_voice@1 to /home/flowy/.config/discord/0.0.86/modules/pending/discord_voice-1.zip: 33%
2/21/2025, 8:20:06 AM UTC [Modules] Streaming discord_voice@1 to /home/flowy/.config/discord/0.0.86/modules/pending/discord_voice-1.zip: 34%
2/21/2025, 8:20:06 AM UTC [Modules] Streaming discord_voice@1 to /home/flowy/.config/discord/0.0.86/modules/pending/discord_voice-1.zip: 35%
2/21/2025, 8:20:07 AM UTC [Modules] Streaming discord_voice@1 to /home/flowy/.config/discord/0.0.86/modules/pending/discord_voice-1.zip: 36%
2/21/2025, 8:20:07 AM UTC [Modules] Streaming discord_voice@1 to /home/flowy/.config/discord/0.0.86/modules/pending/discord_voice-1.zip: 37%
2/21/2025, 8:20:07 AM UTC [Modules] Streaming discord_voice@1 to /home/flowy/.config/discord/0.0.86/modules/pending/discord_voice-1.zip: 38%
2/21/2025, 8:20:07 AM UTC [Modules] Streaming discord_voice@1 to /home/flowy/.config/discord/0.0.86/modules/pending/discord_voice-1.zip: 39%
2/21/2025, 8:20:07 AM UTC [Modules] Streaming discord_voice@1 to /home/flowy/.config/discord/0.0.86/modules/pending/discord_voice-1.zip: 40%
2/21/2025, 8:20:07 AM UTC [Modules] Streaming discord_voice@1 to /home/flowy/.config/discord/0.0.86/modules/pending/discord_voice-1.zip: 41%
2/21/2025, 8:20:07 AM UTC [Modules] Streaming discord_voice@1 to /home/flowy/.config/discord/0.0.86/modules/pending/discord_voice-1.zip: 42%
2/21/2025, 8:20:08 AM UTC [Modules] Streaming discord_voice@1 to /home/flowy/.config/discord/0.0.86/modules/pending/discord_voice-1.zip: 43%
2/21/2025, 8:20:08 AM UTC [Modules] Streaming discord_voice@1 to /home/flowy/.config/discord/0.0.86/modules/pending/discord_voice-1.zip: 44%
2/21/2025, 8:20:08 AM UTC [Modules] Streaming discord_voice@1 to /home/flowy/.config/discord/0.0.86/modules/pending/discord_voice-1.zip: 45%
2/21/2025, 8:20:08 AM UTC [Modules] Streaming discord_voice@1 to /home/flowy/.config/discord/0.0.86/modules/pending/discord_voice-1.zip: 46%
2/21/2025, 8:20:08 AM UTC [Modules] Streaming discord_voice@1 to /home/flowy/.config/discord/0.0.86/modules/pending/discord_voice-1.zip: 47%
2/21/2025, 8:20:08 AM UTC [Modules] Streaming discord_voice@1 to /home/flowy/.config/discord/0.0.86/modules/pending/discord_voice-1.zip: 48%
2/21/2025, 8:20:09 AM UTC [Modules] Streaming discord_voice@1 to /home/flowy/.config/discord/0.0.86/modules/pending/discord_voice-1.zip: 49%
2/21/2025, 8:20:09 AM UTC [Modules] Streaming discord_voice@1 to /home/flowy/.config/discord/0.0.86/modules/pending/discord_voice-1.zip: 50%
2/21/2025, 8:20:10 AM UTC [Modules] Streaming discord_voice@1 to /home/flowy/.config/discord/0.0.86/modules/pending/discord_voice-1.zip: 51%
2/21/2025, 8:20:10 AM UTC [Modules] Streaming discord_voice@1 to /home/flowy/.config/discord/0.0.86/modules/pending/discord_voice-1.zip: 52%
2/21/2025, 8:20:11 AM UTC [Modules] Streaming discord_voice@1 to /home/flowy/.config/discord/0.0.86/modules/pending/discord_voice-1.zip: 53%
2/21/2025, 8:20:11 AM UTC [Modules] Streaming discord_voice@1 to /home/flowy/.config/discord/0.0.86/modules/pending/discord_voice-1.zip: 54%
2/21/2025, 8:20:12 AM UTC [Modules] Streaming discord_voice@1 to /home/flowy/.config/discord/0.0.86/modules/pending/discord_voice-1.zip: 55%
2/21/2025, 8:20:12 AM UTC [Modules] Streaming discord_voice@1 to /home/flowy/.config/discord/0.0.86/modules/pending/discord_voice-1.zip: 56%
2/21/2025, 8:20:13 AM UTC [Modules] Streaming discord_voice@1 to /home/flowy/.config/discord/0.0.86/modules/pending/discord_voice-1.zip: 57%
2/21/2025, 8:20:13 AM UTC [Modules] Streaming discord_voice@1 to /home/flowy/.config/discord/0.0.86/modules/pending/discord_voice-1.zip: 58%
2/21/2025, 8:20:13 AM UTC [Modules] Streaming discord_voice@1 to /home/flowy/.config/discord/0.0.86/modules/pending/discord_voice-1.zip: 59%
2/21/2025, 8:20:14 AM UTC [Modules] Streaming discord_voice@1 to /home/flowy/.config/discord/0.0.86/modules/pending/discord_voice-1.zip: 60%
2/21/2025, 8:20:14 AM UTC [Modules] Streaming discord_voice@1 to /home/flowy/.config/discord/0.0.86/modules/pending/discord_voice-1.zip: 61%
2/21/2025, 8:20:14 AM UTC [Modules] Streaming discord_voice@1 to /home/flowy/.config/discord/0.0.86/modules/pending/discord_voice-1.zip: 62%
2/21/2025, 8:20:15 AM UTC [Modules] Streaming discord_voice@1 to /home/flowy/.config/discord/0.0.86/modules/pending/discord_voice-1.zip: 63%
2/21/2025, 8:20:15 AM UTC [Modules] Streaming discord_voice@1 to /home/flowy/.config/discord/0.0.86/modules/pending/discord_voice-1.zip: 64%
2/21/2025, 8:20:16 AM UTC [Modules] Streaming discord_voice@1 to /home/flowy/.config/discord/0.0.86/modules/pending/discord_voice-1.zip: 65%
2/21/2025, 8:20:16 AM UTC [Modules] Streaming discord_voice@1 to /home/flowy/.config/discord/0.0.86/modules/pending/discord_voice-1.zip: 66%
2/21/2025, 8:20:16 AM UTC [Modules] Streaming discord_voice@1 to /home/flowy/.config/discord/0.0.86/modules/pending/discord_voice-1.zip: 67%
2/21/2025, 8:20:17 AM UTC [Modules] Streaming discord_voice@1 to /home/flowy/.config/discord/0.0.86/modules/pending/discord_voice-1.zip: 68%
2/21/2025, 8:20:17 AM UTC [Modules] Streaming discord_voice@1 to /home/flowy/.config/discord/0.0.86/modules/pending/discord_voice-1.zip: 69%
2/21/2025, 8:20:17 AM UTC [Modules] Streaming discord_voice@1 to /home/flowy/.config/discord/0.0.86/modules/pending/discord_voice-1.zip: 70%
2/21/2025, 8:20:17 AM UTC [Modules] Streaming discord_voice@1 to /home/flowy/.config/discord/0.0.86/modules/pending/discord_voice-1.zip: 71%
2/21/2025, 8:20:18 AM UTC [Modules] Streaming discord_voice@1 to /home/flowy/.config/discord/0.0.86/modules/pending/discord_voice-1.zip: 72%
2/21/2025, 8:20:18 AM UTC [Modules] Streaming discord_voice@1 to /home/flowy/.config/discord/0.0.86/modules/pending/discord_voice-1.zip: 73%
2/21/2025, 8:20:18 AM UTC [Modules] Streaming discord_voice@1 to /home/flowy/.config/discord/0.0.86/modules/pending/discord_voice-1.zip: 74%
2/21/2025, 8:20:18 AM UTC [Modules] Streaming discord_voice@1 to /home/flowy/.config/discord/0.0.86/modules/pending/discord_voice-1.zip: 75%
2/21/2025, 8:20:18 AM UTC [Modules] Streaming discord_voice@1 to /home/flowy/.config/discord/0.0.86/modules/pending/discord_voice-1.zip: 76%
2/21/2025, 8:20:19 AM UTC [Modules] Streaming discord_voice@1 to /home/flowy/.config/discord/0.0.86/modules/pending/discord_voice-1.zip: 77%
2/21/2025, 8:20:19 AM UTC [Modules] Streaming discord_voice@1 to /home/flowy/.config/discord/0.0.86/modules/pending/discord_voice-1.zip: 78%
2/21/2025, 8:20:19 AM UTC [Modules] Streaming discord_voice@1 to /home/flowy/.config/discord/0.0.86/modules/pending/discord_voice-1.zip: 79%
2/21/2025, 8:20:19 AM UTC [Modules] Streaming discord_voice@1 to /home/flowy/.config/discord/0.0.86/modules/pending/discord_voice-1.zip: 80%
2/21/2025, 8:20:19 AM UTC [Modules] Streaming discord_voice@1 to /home/flowy/.config/discord/0.0.86/modules/pending/discord_voice-1.zip: 81%
2/21/2025, 8:20:19 AM UTC [Modules] Streaming discord_voice@1 to /home/flowy/.config/discord/0.0.86/modules/pending/discord_voice-1.zip: 82%
2/21/2025, 8:20:20 AM UTC [Modules] Streaming discord_voice@1 to /home/flowy/.config/discord/0.0.86/modules/pending/discord_voice-1.zip: 83%
2/21/2025, 8:20:20 AM UTC [Modules] Streaming discord_voice@1 to /home/flowy/.config/discord/0.0.86/modules/pending/discord_voice-1.zip: 84%
2/21/2025, 8:20:20 AM UTC [Modules] Streaming discord_voice@1 to /home/flowy/.config/discord/0.0.86/modules/pending/discord_voice-1.zip: 85%
2/21/2025, 8:20:21 AM UTC [Modules] Streaming discord_voice@1 to /home/flowy/.config/discord/0.0.86/modules/pending/discord_voice-1.zip: 86%
2/21/2025, 8:20:21 AM UTC [Modules] Streaming discord_voice@1 to /home/flowy/.config/discord/0.0.86/modules/pending/discord_voice-1.zip: 87%
2/21/2025, 8:20:21 AM UTC [Modules] Streaming discord_voice@1 to /home/flowy/.config/discord/0.0.86/modules/pending/discord_voice-1.zip: 88%
2/21/2025, 8:20:22 AM UTC [Modules] Streaming discord_voice@1 to /home/flowy/.config/discord/0.0.86/modules/pending/discord_voice-1.zip: 89%
2/21/2025, 8:20:22 AM UTC [Modules] Streaming discord_voice@1 to /home/flowy/.config/discord/0.0.86/modules/pending/discord_voice-1.zip: 90%
2/21/2025, 8:20:22 AM UTC [Modules] Streaming discord_voice@1 to /home/flowy/.config/discord/0.0.86/modules/pending/discord_voice-1.zip: 91%
2/21/2025, 8:20:22 AM UTC [Modules] Streaming discord_voice@1 to /home/flowy/.config/discord/0.0.86/modules/pending/discord_voice-1.zip: 92%
2/21/2025, 8:20:23 AM UTC [Modules] Streaming discord_voice@1 to /home/flowy/.config/discord/0.0.86/modules/pending/discord_voice-1.zip: 93%
2/21/2025, 8:20:23 AM UTC [Modules] Streaming discord_voice@1 to /home/flowy/.config/discord/0.0.86/modules/pending/discord_voice-1.zip: 94%
2/21/2025, 8:20:23 AM UTC [Modules] Streaming discord_voice@1 to /home/flowy/.config/discord/0.0.86/modules/pending/discord_voice-1.zip: 95%
2/21/2025, 8:20:24 AM UTC [Modules] Streaming discord_voice@1 to /home/flowy/.config/discord/0.0.86/modules/pending/discord_voice-1.zip: 96%
2/21/2025, 8:20:24 AM UTC [Modules] Streaming discord_voice@1 to /home/flowy/.config/discord/0.0.86/modules/pending/discord_voice-1.zip: 97%
2/21/2025, 8:20:25 AM UTC [Modules] Streaming discord_voice@1 to /home/flowy/.config/discord/0.0.86/modules/pending/discord_voice-1.zip: 98%
2/21/2025, 8:20:25 AM UTC [Modules] Streaming discord_voice@1 to /home/flowy/.config/discord/0.0.86/modules/pending/discord_voice-1.zip: 99%
2/21/2025, 8:20:26 AM UTC [Modules] Streaming discord_voice@1 to /home/flowy/.config/discord/0.0.86/modules/pending/discord_voice-1.zip: 100%
2/21/2025, 8:20:26 AM UTC [Modules] Fetching discord_zstd@1 from https://discord.com/api/modules/stable/discord_zstd/1
2/21/2025, 8:20:26 AM UTC [Modules] Streaming discord_zstd@1 to /home/flowy/.config/discord/0.0.86/modules/pending/discord_zstd-1.zip
2/21/2025, 8:20:26 AM UTC [Modules] Streaming discord_zstd@1 to /home/flowy/.config/discord/0.0.86/modules/pending/discord_zstd-1.zip: 14%
2/21/2025, 8:20:26 AM UTC [Modules] Streaming discord_zstd@1 to /home/flowy/.config/discord/0.0.86/modules/pending/discord_zstd-1.zip: 15%
2/21/2025, 8:20:26 AM UTC [Modules] Streaming discord_zstd@1 to /home/flowy/.config/discord/0.0.86/modules/pending/discord_zstd-1.zip: 16%
2/21/2025, 8:20:26 AM UTC [Modules] Streaming discord_zstd@1 to /home/flowy/.config/discord/0.0.86/modules/pending/discord_zstd-1.zip: 17%
2/21/2025, 8:20:26 AM UTC [Modules] Streaming discord_zstd@1 to /home/flowy/.config/discord/0.0.86/modules/pending/discord_zstd-1.zip: 18%
2/21/2025, 8:20:26 AM UTC [Modules] Streaming discord_zstd@1 to /home/flowy/.config/discord/0.0.86/modules/pending/discord_zstd-1.zip: 19%
2/21/2025, 8:20:26 AM UTC [Modules] Streaming discord_zstd@1 to /home/flowy/.config/discord/0.0.86/modules/pending/discord_zstd-1.zip: 20%
2/21/2025, 8:20:26 AM UTC [Modules] Streaming discord_zstd@1 to /home/flowy/.config/discord/0.0.86/modules/pending/discord_zstd-1.zip: 21%
2/21/2025, 8:20:26 AM UTC [Modules] Streaming discord_zstd@1 to /home/flowy/.config/discord/0.0.86/modules/pending/discord_zstd-1.zip: 22%
2/21/2025, 8:20:26 AM UTC [Modules] Streaming discord_zstd@1 to /home/flowy/.config/discord/0.0.86/modules/pending/discord_zstd-1.zip: 23%
2/21/2025, 8:20:26 AM UTC [Modules] Streaming discord_zstd@1 to /home/flowy/.config/discord/0.0.86/modules/pending/discord_zstd-1.zip: 24%
2/21/2025, 8:20:26 AM UTC [Modules] Streaming discord_zstd@1 to /home/flowy/.config/discord/0.0.86/modules/pending/discord_zstd-1.zip: 25%
2/21/2025, 8:20:26 AM UTC [Modules] Streaming discord_zstd@1 to /home/flowy/.config/discord/0.0.86/modules/pending/discord_zstd-1.zip: 26%
2/21/2025, 8:20:26 AM UTC [Modules] Streaming discord_zstd@1 to /home/flowy/.config/discord/0.0.86/modules/pending/discord_zstd-1.zip: 28%
2/21/2025, 8:20:26 AM UTC [Modules] Streaming discord_zstd@1 to /home/flowy/.config/discord/0.0.86/modules/pending/discord_zstd-1.zip: 29%
2/21/2025, 8:20:26 AM UTC [Modules] Streaming discord_zstd@1 to /home/flowy/.config/discord/0.0.86/modules/pending/discord_zstd-1.zip: 30%
2/21/2025, 8:20:26 AM UTC [Modules] Streaming discord_zstd@1 to /home/flowy/.config/discord/0.0.86/modules/pending/discord_zstd-1.zip: 43%
2/21/2025, 8:20:26 AM UTC [Modules] Streaming discord_zstd@1 to /home/flowy/.config/discord/0.0.86/modules/pending/discord_zstd-1.zip: 45%
2/21/2025, 8:20:26 AM UTC [Modules] Streaming discord_zstd@1 to /home/flowy/.config/discord/0.0.86/modules/pending/discord_zstd-1.zip: 54%
2/21/2025, 8:20:27 AM UTC [Modules] Streaming discord_zstd@1 to /home/flowy/.config/discord/0.0.86/modules/pending/discord_zstd-1.zip: 58%
2/21/2025, 8:20:27 AM UTC [Modules] Streaming discord_zstd@1 to /home/flowy/.config/discord/0.0.86/modules/pending/discord_zstd-1.zip: 73%
2/21/2025, 8:20:27 AM UTC [Modules] Streaming discord_zstd@1 to /home/flowy/.config/discord/0.0.86/modules/pending/discord_zstd-1.zip: 83%
2/21/2025, 8:20:27 AM UTC [Modules] Streaming discord_zstd@1 to /home/flowy/.config/discord/0.0.86/modules/pending/discord_zstd-1.zip: 84%
2/21/2025, 8:20:27 AM UTC [Modules] Streaming discord_zstd@1 to /home/flowy/.config/discord/0.0.86/modules/pending/discord_zstd-1.zip: 85%
2/21/2025, 8:20:27 AM UTC [Modules] Streaming discord_zstd@1 to /home/flowy/.config/discord/0.0.86/modules/pending/discord_zstd-1.zip: 86%
2/21/2025, 8:20:27 AM UTC [Modules] Streaming discord_zstd@1 to /home/flowy/.config/discord/0.0.86/modules/pending/discord_zstd-1.zip: 92%
2/21/2025, 8:20:27 AM UTC [Modules] Streaming discord_zstd@1 to /home/flowy/.config/discord/0.0.86/modules/pending/discord_zstd-1.zip: 96%
2/21/2025, 8:20:27 AM UTC [Modules] Streaming discord_zstd@1 to /home/flowy/.config/discord/0.0.86/modules/pending/discord_zstd-1.zip: 97%
2/21/2025, 8:20:27 AM UTC [Modules] Streaming discord_zstd@1 to /home/flowy/.config/discord/0.0.86/modules/pending/discord_zstd-1.zip: 100%
2/21/2025, 8:20:27 AM UTC [Modules] Finished module downloads. [success: 6] [failure: 0]
2/21/2025, 8:20:27 AM UTC [Modules] Installing updates...
2/21/2025, 8:20:27 AM UTC [Modules] Installing discord_desktop_core@1 from /home/flowy/.config/discord/0.0.86/modules/pending/discord_desktop_core-1.zip
2/21/2025, 8:20:27 AM UTC [Modules] Installing discord_erlpack@1 from /home/flowy/.config/discord/0.0.86/modules/pending/discord_erlpack-1.zip
2/21/2025, 8:20:27 AM UTC [Modules] Installing discord_spellcheck@1 from /home/flowy/.config/discord/0.0.86/modules/pending/discord_spellcheck-1.zip
2/21/2025, 8:20:28 AM UTC [Modules] Installing discord_utils@1 from /home/flowy/.config/discord/0.0.86/modules/pending/discord_utils-1.zip
2/21/2025, 8:20:29 AM UTC [Modules] Installing discord_voice@1 from /home/flowy/.config/discord/0.0.86/modules/pending/discord_voice-1.zip
2/21/2025, 8:20:29 AM UTC [Modules] Installing discord_zstd@1 from /home/flowy/.config/discord/0.0.86/modules/pending/discord_zstd-1.zip
2/21/2025, 8:20:29 AM UTC [Modules] Finished module installations. [success: 6] [failure: 0]
2/21/2025, 8:20:29 AM UTC [Modules] Checking for host updates.
2/21/2025, 8:20:30 AM UTC [Modules] Host is up to date.
2/21/2025, 8:20:30 AM UTC [Modules] Checking for module updates at https://discord.com/api/modules/stable/versions.json
2/21/2025, 8:20:30 AM UTC [Modules] No module updates available.
2/21/2025, 8:20:33 AM UTC [Modules] Starting to install discord_krisp...
2/21/2025, 8:20:33 AM UTC [Modules] Fetching discord_krisp@1 from https://discord.com/api/modules/stable/discord_krisp/1
2/21/2025, 8:20:33 AM UTC [Modules] Streaming discord_krisp@1 to /home/flowy/.config/discord/0.0.86/modules/pending/discord_krisp-1.zip
2/21/2025, 8:20:33 AM UTC [Modules] Starting to install discord_game_utils...
2/21/2025, 8:20:34 AM UTC [Modules] Streaming discord_krisp@1 to /home/flowy/.config/discord/0.0.86/modules/pending/discord_krisp-1.zip: 1%
2/21/2025, 8:20:34 AM UTC [Modules] Streaming discord_krisp@1 to /home/flowy/.config/discord/0.0.86/modules/pending/discord_krisp-1.zip: 2%
2/21/2025, 8:20:34 AM UTC [Modules] Streaming discord_krisp@1 to /home/flowy/.config/discord/0.0.86/modules/pending/discord_krisp-1.zip: 3%
2/21/2025, 8:20:34 AM UTC [Modules] Streaming discord_krisp@1 to /home/flowy/.config/discord/0.0.86/modules/pending/discord_krisp-1.zip: 4%
2/21/2025, 8:20:34 AM UTC [Modules] Streaming discord_krisp@1 to /home/flowy/.config/discord/0.0.86/modules/pending/discord_krisp-1.zip: 5%
2/21/2025, 8:20:35 AM UTC [Modules] Streaming discord_krisp@1 to /home/flowy/.config/discord/0.0.86/modules/pending/discord_krisp-1.zip: 6%
2/21/2025, 8:20:35 AM UTC [Modules] Streaming discord_krisp@1 to /home/flowy/.config/discord/0.0.86/modules/pending/discord_krisp-1.zip: 7%
2/21/2025, 8:20:35 AM UTC [Modules] Streaming discord_krisp@1 to /home/flowy/.config/discord/0.0.86/modules/pending/discord_krisp-1.zip: 8%
2/21/2025, 8:20:35 AM UTC [Modules] Streaming discord_krisp@1 to /home/flowy/.config/discord/0.0.86/modules/pending/discord_krisp-1.zip: 9%
2/21/2025, 8:20:35 AM UTC [Modules] Streaming discord_krisp@1 to /home/flowy/.config/discord/0.0.86/modules/pending/discord_krisp-1.zip: 10%
2/21/2025, 8:20:35 AM UTC [Modules] Streaming discord_krisp@1 to /home/flowy/.config/discord/0.0.86/modules/pending/discord_krisp-1.zip: 11%
2/21/2025, 8:20:36 AM UTC [Modules] Streaming discord_krisp@1 to /home/flowy/.config/discord/0.0.86/modules/pending/discord_krisp-1.zip: 12%
2/21/2025, 8:20:36 AM UTC [Modules] Streaming discord_krisp@1 to /home/flowy/.config/discord/0.0.86/modules/pending/discord_krisp-1.zip: 13%
2/21/2025, 8:20:36 AM UTC [Modules] Streaming discord_krisp@1 to /home/flowy/.config/discord/0.0.86/modules/pending/discord_krisp-1.zip: 14%
2/21/2025, 8:20:36 AM UTC [Modules] Streaming discord_krisp@1 to /home/flowy/.config/discord/0.0.86/modules/pending/discord_krisp-1.zip: 15%
2/21/2025, 8:20:36 AM UTC [Modules] Streaming discord_krisp@1 to /home/flowy/.config/discord/0.0.86/modules/pending/discord_krisp-1.zip: 16%
2/21/2025, 8:20:36 AM UTC [Modules] Streaming discord_krisp@1 to /home/flowy/.config/discord/0.0.86/modules/pending/discord_krisp-1.zip: 17%
2/21/2025, 8:20:37 AM UTC [Modules] Streaming discord_krisp@1 to /home/flowy/.config/discord/0.0.86/modules/pending/discord_krisp-1.zip: 18%
2/21/2025, 8:20:37 AM UTC [Modules] Streaming discord_krisp@1 to /home/flowy/.config/discord/0.0.86/modules/pending/discord_krisp-1.zip: 19%
2/21/2025, 8:20:37 AM UTC [Modules] Streaming discord_krisp@1 to /home/flowy/.config/discord/0.0.86/modules/pending/discord_krisp-1.zip: 20%
2/21/2025, 8:20:37 AM UTC [Modules] Streaming discord_krisp@1 to /home/flowy/.config/discord/0.0.86/modules/pending/discord_krisp-1.zip: 21%
2/21/2025, 8:20:37 AM UTC [Modules] Streaming discord_krisp@1 to /home/flowy/.config/discord/0.0.86/modules/pending/discord_krisp-1.zip: 22%
2/21/2025, 8:20:37 AM UTC [Modules] Streaming discord_krisp@1 to /home/flowy/.config/discord/0.0.86/modules/pending/discord_krisp-1.zip: 23%
2/21/2025, 8:20:37 AM UTC [Modules] Streaming discord_krisp@1 to /home/flowy/.config/discord/0.0.86/modules/pending/discord_krisp-1.zip: 24%
2/21/2025, 8:20:38 AM UTC [Modules] Streaming discord_krisp@1 to /home/flowy/.config/discord/0.0.86/modules/pending/discord_krisp-1.zip: 25%
2/21/2025, 8:20:38 AM UTC [Modules] Streaming discord_krisp@1 to /home/flowy/.config/discord/0.0.86/modules/pending/discord_krisp-1.zip: 26%
2/21/2025, 8:20:38 AM UTC [Modules] Streaming discord_krisp@1 to /home/flowy/.config/discord/0.0.86/modules/pending/discord_krisp-1.zip: 27%
2/21/2025, 8:20:38 AM UTC [Modules] Streaming discord_krisp@1 to /home/flowy/.config/discord/0.0.86/modules/pending/discord_krisp-1.zip: 28%
2/21/2025, 8:20:39 AM UTC [Modules] Streaming discord_krisp@1 to /home/flowy/.config/discord/0.0.86/modules/pending/discord_krisp-1.zip: 29%
2/21/2025, 8:20:39 AM UTC [Modules] Streaming discord_krisp@1 to /home/flowy/.config/discord/0.0.86/modules/pending/discord_krisp-1.zip: 30%
2/21/2025, 8:20:40 AM UTC [Modules] Streaming discord_krisp@1 to /home/flowy/.config/discord/0.0.86/modules/pending/discord_krisp-1.zip: 31%
2/21/2025, 8:20:40 AM UTC [Modules] Streaming discord_krisp@1 to /home/flowy/.config/discord/0.0.86/modules/pending/discord_krisp-1.zip: 32%
2/21/2025, 8:20:40 AM UTC [Modules] Streaming discord_krisp@1 to /home/flowy/.config/discord/0.0.86/modules/pending/discord_krisp-1.zip: 33%
2/21/2025, 8:20:40 AM UTC [Modules] Streaming discord_krisp@1 to /home/flowy/.config/discord/0.0.86/modules/pending/discord_krisp-1.zip: 34%
2/21/2025, 8:20:41 AM UTC [Modules] Streaming discord_krisp@1 to /home/flowy/.config/discord/0.0.86/modules/pending/discord_krisp-1.zip: 35%
2/21/2025, 8:20:41 AM UTC [Modules] Streaming discord_krisp@1 to /home/flowy/.config/discord/0.0.86/modules/pending/discord_krisp-1.zip: 36%
2/21/2025, 8:20:41 AM UTC [Modules] Streaming discord_krisp@1 to /home/flowy/.config/discord/0.0.86/modules/pending/discord_krisp-1.zip: 37%
2/21/2025, 8:20:41 AM UTC [Modules] Streaming discord_krisp@1 to /home/flowy/.config/discord/0.0.86/modules/pending/discord_krisp-1.zip: 38%
2/21/2025, 8:20:42 AM UTC [Modules] Streaming discord_krisp@1 to /home/flowy/.config/discord/0.0.86/modules/pending/discord_krisp-1.zip: 39%
2/21/2025, 8:20:42 AM UTC [Modules] Streaming discord_krisp@1 to /home/flowy/.config/discord/0.0.86/modules/pending/discord_krisp-1.zip: 40%
2/21/2025, 8:20:42 AM UTC [Modules] Streaming discord_krisp@1 to /home/flowy/.config/discord/0.0.86/modules/pending/discord_krisp-1.zip: 41%
2/21/2025, 8:20:42 AM UTC [Modules] Streaming discord_krisp@1 to /home/flowy/.config/discord/0.0.86/modules/pending/discord_krisp-1.zip: 42%
2/21/2025, 8:20:42 AM UTC [Modules] Streaming discord_krisp@1 to /home/flowy/.config/discord/0.0.86/modules/pending/discord_krisp-1.zip: 43%
2/21/2025, 8:20:42 AM UTC [Modules] Streaming discord_krisp@1 to /home/flowy/.config/discord/0.0.86/modules/pending/discord_krisp-1.zip: 44%
2/21/2025, 8:20:43 AM UTC [Modules] Streaming discord_krisp@1 to /home/flowy/.config/discord/0.0.86/modules/pending/discord_krisp-1.zip: 45%
2/21/2025, 8:20:43 AM UTC [Modules] Streaming discord_krisp@1 to /home/flowy/.config/discord/0.0.86/modules/pending/discord_krisp-1.zip: 46%
2/21/2025, 8:20:43 AM UTC [Modules] Streaming discord_krisp@1 to /home/flowy/.config/discord/0.0.86/modules/pending/discord_krisp-1.zip: 47%
2/21/2025, 8:20:43 AM UTC [Modules] Streaming discord_krisp@1 to /home/flowy/.config/discord/0.0.86/modules/pending/discord_krisp-1.zip: 48%
2/21/2025, 8:20:43 AM UTC [Modules] Streaming discord_krisp@1 to /home/flowy/.config/discord/0.0.86/modules/pending/discord_krisp-1.zip: 49%
2/21/2025, 8:20:43 AM UTC [Modules] Streaming discord_krisp@1 to /home/flowy/.config/discord/0.0.86/modules/pending/discord_krisp-1.zip: 50%
2/21/2025, 8:20:43 AM UTC [Modules] Streaming discord_krisp@1 to /home/flowy/.config/discord/0.0.86/modules/pending/discord_krisp-1.zip: 51%
2/21/2025, 8:20:43 AM UTC [Modules] Streaming discord_krisp@1 to /home/flowy/.config/discord/0.0.86/modules/pending/discord_krisp-1.zip: 52%
2/21/2025, 8:20:43 AM UTC [Modules] Streaming discord_krisp@1 to /home/flowy/.config/discord/0.0.86/modules/pending/discord_krisp-1.zip: 53%
2/21/2025, 8:20:44 AM UTC [Modules] Streaming discord_krisp@1 to /home/flowy/.config/discord/0.0.86/modules/pending/discord_krisp-1.zip: 54%
2/21/2025, 8:20:44 AM UTC [Modules] Streaming discord_krisp@1 to /home/flowy/.config/discord/0.0.86/modules/pending/discord_krisp-1.zip: 55%
2/21/2025, 8:20:44 AM UTC [Modules] Streaming discord_krisp@1 to /home/flowy/.config/discord/0.0.86/modules/pending/discord_krisp-1.zip: 56%
2/21/2025, 8:20:44 AM UTC [Modules] Streaming discord_krisp@1 to /home/flowy/.config/discord/0.0.86/modules/pending/discord_krisp-1.zip: 57%
2/21/2025, 8:20:45 AM UTC [Modules] Streaming discord_krisp@1 to /home/flowy/.config/discord/0.0.86/modules/pending/discord_krisp-1.zip: 58%
2/21/2025, 8:20:45 AM UTC [Modules] Streaming discord_krisp@1 to /home/flowy/.config/discord/0.0.86/modules/pending/discord_krisp-1.zip: 59%
2/21/2025, 8:20:45 AM UTC [Modules] Streaming discord_krisp@1 to /home/flowy/.config/discord/0.0.86/modules/pending/discord_krisp-1.zip: 60%
2/21/2025, 8:20:45 AM UTC [Modules] Streaming discord_krisp@1 to /home/flowy/.config/discord/0.0.86/modules/pending/discord_krisp-1.zip: 61%
2/21/2025, 8:20:45 AM UTC [Modules] Streaming discord_krisp@1 to /home/flowy/.config/discord/0.0.86/modules/pending/discord_krisp-1.zip: 62%
2/21/2025, 8:20:45 AM UTC [Modules] Streaming discord_krisp@1 to /home/flowy/.config/discord/0.0.86/modules/pending/discord_krisp-1.zip: 63%
2/21/2025, 8:20:45 AM UTC [Modules] Streaming discord_krisp@1 to /home/flowy/.config/discord/0.0.86/modules/pending/discord_krisp-1.zip: 64%
2/21/2025, 8:20:45 AM UTC [Modules] Streaming discord_krisp@1 to /home/flowy/.config/discord/0.0.86/modules/pending/discord_krisp-1.zip: 65%
2/21/2025, 8:20:45 AM UTC [Modules] Streaming discord_krisp@1 to /home/flowy/.config/discord/0.0.86/modules/pending/discord_krisp-1.zip: 66%
2/21/2025, 8:20:46 AM UTC [Modules] Streaming discord_krisp@1 to /home/flowy/.config/discord/0.0.86/modules/pending/discord_krisp-1.zip: 67%
2/21/2025, 8:20:46 AM UTC [Modules] Streaming discord_krisp@1 to /home/flowy/.config/discord/0.0.86/modules/pending/discord_krisp-1.zip: 68%
2/21/2025, 8:20:46 AM UTC [Modules] Streaming discord_krisp@1 to /home/flowy/.config/discord/0.0.86/modules/pending/discord_krisp-1.zip: 69%
2/21/2025, 8:20:46 AM UTC [Modules] Streaming discord_krisp@1 to /home/flowy/.config/discord/0.0.86/modules/pending/discord_krisp-1.zip: 70%
2/21/2025, 8:20:46 AM UTC [Modules] Streaming discord_krisp@1 to /home/flowy/.config/discord/0.0.86/modules/pending/discord_krisp-1.zip: 71%
2/21/2025, 8:20:46 AM UTC [Modules] Streaming discord_krisp@1 to /home/flowy/.config/discord/0.0.86/modules/pending/discord_krisp-1.zip: 72%
2/21/2025, 8:20:46 AM UTC [Modules] Streaming discord_krisp@1 to /home/flowy/.config/discord/0.0.86/modules/pending/discord_krisp-1.zip: 73%
2/21/2025, 8:20:46 AM UTC [Modules] Streaming discord_krisp@1 to /home/flowy/.config/discord/0.0.86/modules/pending/discord_krisp-1.zip: 74%
2/21/2025, 8:20:46 AM UTC [Modules] Streaming discord_krisp@1 to /home/flowy/.config/discord/0.0.86/modules/pending/discord_krisp-1.zip: 75%
2/21/2025, 8:20:47 AM UTC [Modules] Streaming discord_krisp@1 to /home/flowy/.config/discord/0.0.86/modules/pending/discord_krisp-1.zip: 76%
2/21/2025, 8:20:47 AM UTC [Modules] Streaming discord_krisp@1 to /home/flowy/.config/discord/0.0.86/modules/pending/discord_krisp-1.zip: 77%
2/21/2025, 8:20:47 AM UTC [Modules] Streaming discord_krisp@1 to /home/flowy/.config/discord/0.0.86/modules/pending/discord_krisp-1.zip: 78%
2/21/2025, 8:20:47 AM UTC [Modules] Streaming discord_krisp@1 to /home/flowy/.config/discord/0.0.86/modules/pending/discord_krisp-1.zip: 79%
2/21/2025, 8:20:47 AM UTC [Modules] Streaming discord_krisp@1 to /home/flowy/.config/discord/0.0.86/modules/pending/discord_krisp-1.zip: 80%
2/21/2025, 8:20:47 AM UTC [Modules] Streaming discord_krisp@1 to /home/flowy/.config/discord/0.0.86/modules/pending/discord_krisp-1.zip: 81%
2/21/2025, 8:20:47 AM UTC [Modules] Streaming discord_krisp@1 to /home/flowy/.config/discord/0.0.86/modules/pending/discord_krisp-1.zip: 82%
2/21/2025, 8:20:47 AM UTC [Modules] Streaming discord_krisp@1 to /home/flowy/.config/discord/0.0.86/modules/pending/discord_krisp-1.zip: 83%
2/21/2025, 8:20:47 AM UTC [Modules] Streaming discord_krisp@1 to /home/flowy/.config/discord/0.0.86/modules/pending/discord_krisp-1.zip: 84%
2/21/2025, 8:20:47 AM UTC [Modules] Streaming discord_krisp@1 to /home/flowy/.config/discord/0.0.86/modules/pending/discord_krisp-1.zip: 85%
2/21/2025, 8:20:47 AM UTC [Modules] Streaming discord_krisp@1 to /home/flowy/.config/discord/0.0.86/modules/pending/discord_krisp-1.zip: 86%
2/21/2025, 8:20:48 AM UTC [Modules] Streaming discord_krisp@1 to /home/flowy/.config/discord/0.0.86/modules/pending/discord_krisp-1.zip: 87%
2/21/2025, 8:20:48 AM UTC [Modules] Streaming discord_krisp@1 to /home/flowy/.config/discord/0.0.86/modules/pending/discord_krisp-1.zip: 88%
2/21/2025, 8:20:48 AM UTC [Modules] Streaming discord_krisp@1 to /home/flowy/.config/discord/0.0.86/modules/pending/discord_krisp-1.zip: 89%
2/21/2025, 8:20:48 AM UTC [Modules] Streaming discord_krisp@1 to /home/flowy/.config/discord/0.0.86/modules/pending/discord_krisp-1.zip: 90%
2/21/2025, 8:20:48 AM UTC [Modules] Streaming discord_krisp@1 to /home/flowy/.config/discord/0.0.86/modules/pending/discord_krisp-1.zip: 91%
2/21/2025, 8:20:49 AM UTC [Modules] Streaming discord_krisp@1 to /home/flowy/.config/discord/0.0.86/modules/pending/discord_krisp-1.zip: 92%
2/21/2025, 8:20:49 AM UTC [Modules] Streaming discord_krisp@1 to /home/flowy/.config/discord/0.0.86/modules/pending/discord_krisp-1.zip: 93%
2/21/2025, 8:20:49 AM UTC [Modules] Streaming discord_krisp@1 to /home/flowy/.config/discord/0.0.86/modules/pending/discord_krisp-1.zip: 94%
2/21/2025, 8:20:49 AM UTC [Modules] Streaming discord_krisp@1 to /home/flowy/.config/discord/0.0.86/modules/pending/discord_krisp-1.zip: 95%
2/21/2025, 8:20:49 AM UTC [Modules] Streaming discord_krisp@1 to /home/flowy/.config/discord/0.0.86/modules/pending/discord_krisp-1.zip: 96%
2/21/2025, 8:20:49 AM UTC [Modules] Streaming discord_krisp@1 to /home/flowy/.config/discord/0.0.86/modules/pending/discord_krisp-1.zip: 97%
2/21/2025, 8:20:49 AM UTC [Modules] Streaming discord_krisp@1 to /home/flowy/.config/discord/0.0.86/modules/pending/discord_krisp-1.zip: 98%
2/21/2025, 8:20:49 AM UTC [Modules] Streaming discord_krisp@1 to /home/flowy/.config/discord/0.0.86/modules/pending/discord_krisp-1.zip: 99%
2/21/2025, 8:20:49 AM UTC [Modules] Streaming discord_krisp@1 to /home/flowy/.config/discord/0.0.86/modules/pending/discord_krisp-1.zip: 100%
2/21/2025, 8:20:49 AM UTC [Modules] Fetching discord_game_utils@1 from https://discord.com/api/modules/stable/discord_game_utils/1
2/21/2025, 8:20:49 AM UTC [Modules] Streaming discord_game_utils@1 to /home/flowy/.config/discord/0.0.86/modules/pending/discord_game_utils-1.zip
2/21/2025, 8:20:49 AM UTC [Modules] Installing discord_krisp@1 from /home/flowy/.config/discord/0.0.86/modules/pending/discord_krisp-1.zip
2/21/2025, 8:20:50 AM UTC [Modules] Finished module installations. [success: 1] [failure: 0]
2/21/2025, 8:20:51 AM UTC [Modules] Streaming discord_game_utils@1 to /home/flowy/.config/discord/0.0.86/modules/pending/discord_game_utils-1.zip: 1%
2/21/2025, 8:20:51 AM UTC [Modules] Streaming discord_game_utils@1 to /home/flowy/.config/discord/0.0.86/modules/pending/discord_game_utils-1.zip: 3%
2/21/2025, 8:20:51 AM UTC [Modules] Streaming discord_game_utils@1 to /home/flowy/.config/discord/0.0.86/modules/pending/discord_game_utils-1.zip: 5%
2/21/2025, 8:20:51 AM UTC [Modules] Streaming discord_game_utils@1 to /home/flowy/.config/discord/0.0.86/modules/pending/discord_game_utils-1.zip: 7%
2/21/2025, 8:20:51 AM UTC [Modules] Streaming discord_game_utils@1 to /home/flowy/.config/discord/0.0.86/modules/pending/discord_game_utils-1.zip: 10%
2/21/2025, 8:20:51 AM UTC [Modules] Streaming discord_game_utils@1 to /home/flowy/.config/discord/0.0.86/modules/pending/discord_game_utils-1.zip: 11%
2/21/2025, 8:20:51 AM UTC [Modules] Streaming discord_game_utils@1 to /home/flowy/.config/discord/0.0.86/modules/pending/discord_game_utils-1.zip: 13%
2/21/2025, 8:20:51 AM UTC [Modules] Streaming discord_game_utils@1 to /home/flowy/.config/discord/0.0.86/modules/pending/discord_game_utils-1.zip: 14%
2/21/2025, 8:20:51 AM UTC [Modules] Streaming discord_game_utils@1 to /home/flowy/.config/discord/0.0.86/modules/pending/discord_game_utils-1.zip: 16%
2/21/2025, 8:20:51 AM UTC [Modules] Streaming discord_game_utils@1 to /home/flowy/.config/discord/0.0.86/modules/pending/discord_game_utils-1.zip: 21%
2/21/2025, 8:20:51 AM UTC [Modules] Streaming discord_game_utils@1 to /home/flowy/.config/discord/0.0.86/modules/pending/discord_game_utils-1.zip: 23%
2/21/2025, 8:20:51 AM UTC [Modules] Streaming discord_game_utils@1 to /home/flowy/.config/discord/0.0.86/modules/pending/discord_game_utils-1.zip: 28%
2/21/2025, 8:20:51 AM UTC [Modules] Streaming discord_game_utils@1 to /home/flowy/.config/discord/0.0.86/modules/pending/discord_game_utils-1.zip: 29%
2/21/2025, 8:20:51 AM UTC [Modules] Streaming discord_game_utils@1 to /home/flowy/.config/discord/0.0.86/modules/pending/discord_game_utils-1.zip: 31%
2/21/2025, 8:20:51 AM UTC [Modules] Streaming discord_game_utils@1 to /home/flowy/.config/discord/0.0.86/modules/pending/discord_game_utils-1.zip: 35%
2/21/2025, 8:20:51 AM UTC [Modules] Streaming discord_game_utils@1 to /home/flowy/.config/discord/0.0.86/modules/pending/discord_game_utils-1.zip: 36%
2/21/2025, 8:20:51 AM UTC [Modules] Streaming discord_game_utils@1 to /home/flowy/.config/discord/0.0.86/modules/pending/discord_game_utils-1.zip: 37%
2/21/2025, 8:20:51 AM UTC [Modules] Streaming discord_game_utils@1 to /home/flowy/.config/discord/0.0.86/modules/pending/discord_game_utils-1.zip: 38%
2/21/2025, 8:20:51 AM UTC [Modules] Streaming discord_game_utils@1 to /home/flowy/.config/discord/0.0.86/modules/pending/discord_game_utils-1.zip: 39%
2/21/2025, 8:20:52 AM UTC [Modules] Streaming discord_game_utils@1 to /home/flowy/.config/discord/0.0.86/modules/pending/discord_game_utils-1.zip: 41%
2/21/2025, 8:20:52 AM UTC [Modules] Streaming discord_game_utils@1 to /home/flowy/.config/discord/0.0.86/modules/pending/discord_game_utils-1.zip: 42%
2/21/2025, 8:20:52 AM UTC [Modules] Streaming discord_game_utils@1 to /home/flowy/.config/discord/0.0.86/modules/pending/discord_game_utils-1.zip: 44%
2/21/2025, 8:20:52 AM UTC [Modules] Streaming discord_game_utils@1 to /home/flowy/.config/discord/0.0.86/modules/pending/discord_game_utils-1.zip: 47%
2/21/2025, 8:20:52 AM UTC [Modules] Streaming discord_game_utils@1 to /home/flowy/.config/discord/0.0.86/modules/pending/discord_game_utils-1.zip: 48%
2/21/2025, 8:20:52 AM UTC [Modules] Streaming discord_game_utils@1 to /home/flowy/.config/discord/0.0.86/modules/pending/discord_game_utils-1.zip: 50%
2/21/2025, 8:20:52 AM UTC [Modules] Streaming discord_game_utils@1 to /home/flowy/.config/discord/0.0.86/modules/pending/discord_game_utils-1.zip: 54%
2/21/2025, 8:20:52 AM UTC [Modules] Streaming discord_game_utils@1 to /home/flowy/.config/discord/0.0.86/modules/pending/discord_game_utils-1.zip: 56%
2/21/2025, 8:20:52 AM UTC [Modules] Streaming discord_game_utils@1 to /home/flowy/.config/discord/0.0.86/modules/pending/discord_game_utils-1.zip: 58%
2/21/2025, 8:20:52 AM UTC [Modules] Streaming discord_game_utils@1 to /home/flowy/.config/discord/0.0.86/modules/pending/discord_game_utils-1.zip: 59%
2/21/2025, 8:20:52 AM UTC [Modules] Streaming discord_game_utils@1 to /home/flowy/.config/discord/0.0.86/modules/pending/discord_game_utils-1.zip: 60%
2/21/2025, 8:20:52 AM UTC [Modules] Streaming discord_game_utils@1 to /home/flowy/.config/discord/0.0.86/modules/pending/discord_game_utils-1.zip: 62%
2/21/2025, 8:20:52 AM UTC [Modules] Streaming discord_game_utils@1 to /home/flowy/.config/discord/0.0.86/modules/pending/discord_game_utils-1.zip: 64%
2/21/2025, 8:20:52 AM UTC [Modules] Streaming discord_game_utils@1 to /home/flowy/.config/discord/0.0.86/modules/pending/discord_game_utils-1.zip: 66%
2/21/2025, 8:20:52 AM UTC [Modules] Streaming discord_game_utils@1 to /home/flowy/.config/discord/0.0.86/modules/pending/discord_game_utils-1.zip: 67%
2/21/2025, 8:20:52 AM UTC [Modules] Streaming discord_game_utils@1 to /home/flowy/.config/discord/0.0.86/modules/pending/discord_game_utils-1.zip: 68%
2/21/2025, 8:20:52 AM UTC [Modules] Streaming discord_game_utils@1 to /home/flowy/.config/discord/0.0.86/modules/pending/discord_game_utils-1.zip: 69%
2/21/2025, 8:20:53 AM UTC [Modules] Streaming discord_game_utils@1 to /home/flowy/.config/discord/0.0.86/modules/pending/discord_game_utils-1.zip: 70%
2/21/2025, 8:20:53 AM UTC [Modules] Streaming discord_game_utils@1 to /home/flowy/.config/discord/0.0.86/modules/pending/discord_game_utils-1.zip: 71%
2/21/2025, 8:20:53 AM UTC [Modules] Streaming discord_game_utils@1 to /home/flowy/.config/discord/0.0.86/modules/pending/discord_game_utils-1.zip: 72%
2/21/2025, 8:20:53 AM UTC [Modules] Streaming discord_game_utils@1 to /home/flowy/.config/discord/0.0.86/modules/pending/discord_game_utils-1.zip: 75%
2/21/2025, 8:20:53 AM UTC [Modules] Streaming discord_game_utils@1 to /home/flowy/.config/discord/0.0.86/modules/pending/discord_game_utils-1.zip: 76%
2/21/2025, 8:20:53 AM UTC [Modules] Streaming discord_game_utils@1 to /home/flowy/.config/discord/0.0.86/modules/pending/discord_game_utils-1.zip: 77%
2/21/2025, 8:20:53 AM UTC [Modules] Streaming discord_game_utils@1 to /home/flowy/.config/discord/0.0.86/modules/pending/discord_game_utils-1.zip: 78%
2/21/2025, 8:20:53 AM UTC [Modules] Streaming discord_game_utils@1 to /home/flowy/.config/discord/0.0.86/modules/pending/discord_game_utils-1.zip: 79%
2/21/2025, 8:20:53 AM UTC [Modules] Streaming discord_game_utils@1 to /home/flowy/.config/discord/0.0.86/modules/pending/discord_game_utils-1.zip: 80%
2/21/2025, 8:20:53 AM UTC [Modules] Streaming discord_game_utils@1 to /home/flowy/.config/discord/0.0.86/modules/pending/discord_game_utils-1.zip: 81%
2/21/2025, 8:20:53 AM UTC [Modules] Streaming discord_game_utils@1 to /home/flowy/.config/discord/0.0.86/modules/pending/discord_game_utils-1.zip: 82%
2/21/2025, 8:20:53 AM UTC [Modules] Streaming discord_game_utils@1 to /home/flowy/.config/discord/0.0.86/modules/pending/discord_game_utils-1.zip: 83%
2/21/2025, 8:20:53 AM UTC [Modules] Streaming discord_game_utils@1 to /home/flowy/.config/discord/0.0.86/modules/pending/discord_game_utils-1.zip: 85%
2/21/2025, 8:20:53 AM UTC [Modules] Streaming discord_game_utils@1 to /home/flowy/.config/discord/0.0.86/modules/pending/discord_game_utils-1.zip: 87%
2/21/2025, 8:20:53 AM UTC [Modules] Streaming discord_game_utils@1 to /home/flowy/.config/discord/0.0.86/modules/pending/discord_game_utils-1.zip: 88%
2/21/2025, 8:20:53 AM UTC [Modules] Streaming discord_game_utils@1 to /home/flowy/.config/discord/0.0.86/modules/pending/discord_game_utils-1.zip: 89%
2/21/2025, 8:20:53 AM UTC [Modules] Streaming discord_game_utils@1 to /home/flowy/.config/discord/0.0.86/modules/pending/discord_game_utils-1.zip: 92%
2/21/2025, 8:20:53 AM UTC [Modules] Streaming discord_game_utils@1 to /home/flowy/.config/discord/0.0.86/modules/pending/discord_game_utils-1.zip: 93%
2/21/2025, 8:20:53 AM UTC [Modules] Streaming discord_game_utils@1 to /home/flowy/.config/discord/0.0.86/modules/pending/discord_game_utils-1.zip: 94%
2/21/2025, 8:20:53 AM UTC [Modules] Streaming discord_game_utils@1 to /home/flowy/.config/discord/0.0.86/modules/pending/discord_game_utils-1.zip: 95%
2/21/2025, 8:20:53 AM UTC [Modules] Streaming discord_game_utils@1 to /home/flowy/.config/discord/0.0.86/modules/pending/discord_game_utils-1.zip: 96%
2/21/2025, 8:20:53 AM UTC [Modules] Streaming discord_game_utils@1 to /home/flowy/.config/discord/0.0.86/modules/pending/discord_game_utils-1.zip: 97%
2/21/2025, 8:20:53 AM UTC [Modules] Streaming discord_game_utils@1 to /home/flowy/.config/discord/0.0.86/modules/pending/discord_game_utils-1.zip: 98%
2/21/2025, 8:20:53 AM UTC [Modules] Streaming discord_game_utils@1 to /home/flowy/.config/discord/0.0.86/modules/pending/discord_game_utils-1.zip: 99%
2/21/2025, 8:20:54 AM UTC [Modules] Streaming discord_game_utils@1 to /home/flowy/.config/discord/0.0.86/modules/pending/discord_game_utils-1.zip: 100%
2/21/2025, 8:20:54 AM UTC [Modules] Finished module downloads. [success: 2] [failure: 0]
2/21/2025, 8:20:54 AM UTC [Modules] Installing discord_game_utils@1 from /home/flowy/.config/discord/0.0.86/modules/pending/discord_game_utils-1.zip
2/21/2025, 8:20:54 AM UTC [Modules] Finished module installations. [success: 1] [failure: 0]
2/21/2025, 8:21:27 AM UTC [Modules] Checking for host updates.
2/21/2025, 8:21:27 AM UTC [Modules] Starting to install discord_rpc...
2/21/2025, 8:21:27 AM UTC [Modules] Fetching discord_rpc@1 from https://discord.com/api/modules/stable/discord_rpc/1
2/21/2025, 8:21:27 AM UTC [Modules] Streaming discord_rpc@1 to /home/flowy/.config/discord/0.0.86/modules/pending/discord_rpc-1.zip
2/21/2025, 8:21:27 AM UTC [Modules] Host is up to date.
2/21/2025, 8:21:27 AM UTC [Modules] Checking for module updates at https://discord.com/api/modules/stable/versions.json
2/21/2025, 8:21:27 AM UTC [Modules] No module updates available.
2/21/2025, 8:21:29 AM UTC [Modules] Streaming discord_rpc@1 to /home/flowy/.config/discord/0.0.86/modules/pending/discord_rpc-1.zip: 2%
2/21/2025, 8:21:29 AM UTC [Modules] Streaming discord_rpc@1 to /home/flowy/.config/discord/0.0.86/modules/pending/discord_rpc-1.zip: 11%
2/21/2025, 8:21:29 AM UTC [Modules] Streaming discord_rpc@1 to /home/flowy/.config/discord/0.0.86/modules/pending/discord_rpc-1.zip: 14%
2/21/2025, 8:21:29 AM UTC [Modules] Streaming discord_rpc@1 to /home/flowy/.config/discord/0.0.86/modules/pending/discord_rpc-1.zip: 17%
2/21/2025, 8:21:29 AM UTC [Modules] Streaming discord_rpc@1 to /home/flowy/.config/discord/0.0.86/modules/pending/discord_rpc-1.zip: 20%
2/21/2025, 8:21:29 AM UTC [Modules] Streaming discord_rpc@1 to /home/flowy/.config/discord/0.0.86/modules/pending/discord_rpc-1.zip: 23%
2/21/2025, 8:21:29 AM UTC [Modules] Streaming discord_rpc@1 to /home/flowy/.config/discord/0.0.86/modules/pending/discord_rpc-1.zip: 26%
2/21/2025, 8:21:29 AM UTC [Modules] Streaming discord_rpc@1 to /home/flowy/.config/discord/0.0.86/modules/pending/discord_rpc-1.zip: 29%
2/21/2025, 8:21:29 AM UTC [Modules] Streaming discord_rpc@1 to /home/flowy/.config/discord/0.0.86/modules/pending/discord_rpc-1.zip: 32%
2/21/2025, 8:21:29 AM UTC [Modules] Streaming discord_rpc@1 to /home/flowy/.config/discord/0.0.86/modules/pending/discord_rpc-1.zip: 35%
2/21/2025, 8:21:29 AM UTC [Modules] Streaming discord_rpc@1 to /home/flowy/.config/discord/0.0.86/modules/pending/discord_rpc-1.zip: 37%
2/21/2025, 8:21:29 AM UTC [Modules] Streaming discord_rpc@1 to /home/flowy/.config/discord/0.0.86/modules/pending/discord_rpc-1.zip: 40%
2/21/2025, 8:21:29 AM UTC [Modules] Streaming discord_rpc@1 to /home/flowy/.config/discord/0.0.86/modules/pending/discord_rpc-1.zip: 43%
2/21/2025, 8:21:29 AM UTC [Modules] Streaming discord_rpc@1 to /home/flowy/.config/discord/0.0.86/modules/pending/discord_rpc-1.zip: 46%
2/21/2025, 8:21:29 AM UTC [Modules] Streaming discord_rpc@1 to /home/flowy/.config/discord/0.0.86/modules/pending/discord_rpc-1.zip: 49%
2/21/2025, 8:21:29 AM UTC [Modules] Streaming discord_rpc@1 to /home/flowy/.config/discord/0.0.86/modules/pending/discord_rpc-1.zip: 52%
2/21/2025, 8:21:29 AM UTC [Modules] Streaming discord_rpc@1 to /home/flowy/.config/discord/0.0.86/modules/pending/discord_rpc-1.zip: 55%
2/21/2025, 8:21:29 AM UTC [Modules] Streaming discord_rpc@1 to /home/flowy/.config/discord/0.0.86/modules/pending/discord_rpc-1.zip: 58%
2/21/2025, 8:21:29 AM UTC [Modules] Streaming discord_rpc@1 to /home/flowy/.config/discord/0.0.86/modules/pending/discord_rpc-1.zip: 61%
2/21/2025, 8:21:29 AM UTC [Modules] Streaming discord_rpc@1 to /home/flowy/.config/discord/0.0.86/modules/pending/discord_rpc-1.zip: 64%
2/21/2025, 8:21:29 AM UTC [Modules] Streaming discord_rpc@1 to /home/flowy/.config/discord/0.0.86/modules/pending/discord_rpc-1.zip: 67%
2/21/2025, 8:21:29 AM UTC [Modules] Streaming discord_rpc@1 to /home/flowy/.config/discord/0.0.86/modules/pending/discord_rpc-1.zip: 70%
2/21/2025, 8:21:29 AM UTC [Modules] Streaming discord_rpc@1 to /home/flowy/.config/discord/0.0.86/modules/pending/discord_rpc-1.zip: 72%
2/21/2025, 8:21:29 AM UTC [Modules] Streaming discord_rpc@1 to /home/flowy/.config/discord/0.0.86/modules/pending/discord_rpc-1.zip: 75%
2/21/2025, 8:21:29 AM UTC [Modules] Streaming discord_rpc@1 to /home/flowy/.config/discord/0.0.86/modules/pending/discord_rpc-1.zip: 78%
2/21/2025, 8:21:29 AM UTC [Modules] Streaming discord_rpc@1 to /home/flowy/.config/discord/0.0.86/modules/pending/discord_rpc-1.zip: 81%
2/21/2025, 8:21:29 AM UTC [Modules] Streaming discord_rpc@1 to /home/flowy/.config/discord/0.0.86/modules/pending/discord_rpc-1.zip: 84%
2/21/2025, 8:21:29 AM UTC [Modules] Streaming discord_rpc@1 to /home/flowy/.config/discord/0.0.86/modules/pending/discord_rpc-1.zip: 87%
2/21/2025, 8:21:29 AM UTC [Modules] Streaming discord_rpc@1 to /home/flowy/.config/discord/0.0.86/modules/pending/discord_rpc-1.zip: 90%
2/21/2025, 8:21:29 AM UTC [Modules] Streaming discord_rpc@1 to /home/flowy/.config/discord/0.0.86/modules/pending/discord_rpc-1.zip: 93%
2/21/2025, 8:21:29 AM UTC [Modules] Streaming discord_rpc@1 to /home/flowy/.config/discord/0.0.86/modules/pending/discord_rpc-1.zip: 96%
2/21/2025, 8:21:29 AM UTC [Modules] Streaming discord_rpc@1 to /home/flowy/.config/discord/0.0.86/modules/pending/discord_rpc-1.zip: 99%
2/21/2025, 8:21:29 AM UTC [Modules] Streaming discord_rpc@1 to /home/flowy/.config/discord/0.0.86/modules/pending/discord_rpc-1.zip: 100%
2/21/2025, 8:21:29 AM UTC [Modules] Finished module downloads. [success: 1] [failure: 0]
2/21/2025, 8:21:29 AM UTC [Modules] Installing discord_rpc@1 from /home/flowy/.config/discord/0.0.86/modules/pending/discord_rpc-1.zip
2/21/2025, 8:21:29 AM UTC [Modules] Finished module installations. [success: 1] [failure: 0]
2/26/2025, 6:16:46 AM UTC [Modules] Modules initializing
2/26/2025, 6:16:46 AM UTC [Modules] Distribution: remote
2/26/2025, 6:16:46 AM UTC [Modules] Host updates: enabled
2/26/2025, 6:16:46 AM UTC [Modules] Module updates: enabled
2/26/2025, 6:16:46 AM UTC [Modules] Module install path: /home/flowy/.config/discord/0.0.86/modules
2/26/2025, 6:16:46 AM UTC [Modules] Module installed file path: /home/flowy/.config/discord/0.0.86/modules/installed.json
2/26/2025, 6:16:46 AM UTC [Modules] Module download path: /home/flowy/.config/discord/0.0.86/modules/pending
2/26/2025, 6:16:46 AM UTC [Modules] No updates to install
2/26/2025, 6:16:46 AM UTC [Modules] Checking for host updates.
2/26/2025, 6:16:47 AM UTC [Modules] Host update is available. Manual update required!
2/26/2025, 6:17:07 AM UTC [Modules] Modules initializing
2/26/2025, 6:17:07 AM UTC [Modules] Distribution: remote
2/26/2025, 6:17:07 AM UTC [Modules] Host updates: enabled
2/26/2025, 6:17:07 AM UTC [Modules] Module updates: enabled
2/26/2025, 6:17:07 AM UTC [Modules] Module install path: /home/flowy/.config/discord/0.0.86/modules
2/26/2025, 6:17:07 AM UTC [Modules] Module installed file path: /home/flowy/.config/discord/0.0.86/modules/installed.json
2/26/2025, 6:17:07 AM UTC [Modules] Module download path: /home/flowy/.config/discord/0.0.86/modules/pending
2/26/2025, 6:17:07 AM UTC [Modules] No updates to install
2/26/2025, 6:17:07 AM UTC [Modules] Checking for host updates.
2/26/2025, 6:17:07 AM UTC [Modules] Host update is available. Manual update required!
2/26/2025, 8:14:46 AM UTC [Modules] Modules initializing
2/26/2025, 8:14:46 AM UTC [Modules] Distribution: remote
2/26/2025, 8:14:46 AM UTC [Modules] Host updates: enabled
2/26/2025, 8:14:46 AM UTC [Modules] Module updates: enabled
2/26/2025, 8:14:46 AM UTC [Modules] Module install path: /home/flowy/.config/discord/0.0.87/modules
2/26/2025, 8:14:46 AM UTC [Modules] Module installed file path: /home/flowy/.config/discord/0.0.87/modules/installed.json
2/26/2025, 8:14:46 AM UTC [Modules] Module download path: /home/flowy/.config/discord/0.0.87/modules/pending
2/26/2025, 8:14:46 AM UTC [Modules] Bootstrapping...
2/26/2025, 8:14:46 AM UTC [Modules] Installing discord_desktop_core@0 from /opt/discord/resources/bootstrap/discord_desktop_core.zip
2/26/2025, 8:14:46 AM UTC [Modules] Failed installing discord_desktop_core@0: Error: ENOENT: no such file or directory, open '/opt/discord/resources/bootstrap/discord_desktop_core.zip'
2/26/2025, 8:14:46 AM UTC [Modules] Installing discord_erlpack@0 from /opt/discord/resources/bootstrap/discord_erlpack.zip
2/26/2025, 8:14:46 AM UTC [Modules] Failed installing discord_erlpack@0: Error: ENOENT: no such file or directory, open '/opt/discord/resources/bootstrap/discord_erlpack.zip'
2/26/2025, 8:14:46 AM UTC [Modules] Installing discord_spellcheck@0 from /opt/discord/resources/bootstrap/discord_spellcheck.zip
2/26/2025, 8:14:46 AM UTC [Modules] Failed installing discord_spellcheck@0: Error: ENOENT: no such file or directory, open '/opt/discord/resources/bootstrap/discord_spellcheck.zip'
2/26/2025, 8:14:46 AM UTC [Modules] Installing discord_utils@0 from /opt/discord/resources/bootstrap/discord_utils.zip
2/26/2025, 8:14:46 AM UTC [Modules] Failed installing discord_utils@0: Error: ENOENT: no such file or directory, open '/opt/discord/resources/bootstrap/discord_utils.zip'
2/26/2025, 8:14:46 AM UTC [Modules] Installing discord_voice@0 from /opt/discord/resources/bootstrap/discord_voice.zip
2/26/2025, 8:14:46 AM UTC [Modules] Failed installing discord_voice@0: Error: ENOENT: no such file or directory, open '/opt/discord/resources/bootstrap/discord_voice.zip'
2/26/2025, 8:14:46 AM UTC [Modules] Installing discord_zstd@0 from /opt/discord/resources/bootstrap/discord_zstd.zip
2/26/2025, 8:14:46 AM UTC [Modules] Failed installing discord_zstd@0: Error: ENOENT: no such file or directory, open '/opt/discord/resources/bootstrap/discord_zstd.zip'
2/26/2025, 8:14:46 AM UTC [Modules] Finished module installations. [success: 0] [failure: 6]
2/26/2025, 8:14:46 AM UTC [Modules] Checking for host updates.
2/26/2025, 8:14:47 AM UTC [Modules] Host is up to date.
2/26/2025, 8:14:47 AM UTC [Modules] Checking for module updates at https://discord.com/api/modules/stable/versions.json
2/26/2025, 8:14:47 AM UTC [Modules] Module update available: discord_desktop_core@1 [installed: 0]
2/26/2025, 8:14:47 AM UTC [Modules] Module update available: discord_erlpack@1 [installed: 0]
2/26/2025, 8:14:47 AM UTC [Modules] Module update available: discord_spellcheck@1 [installed: 0]
2/26/2025, 8:14:47 AM UTC [Modules] Module update available: discord_utils@1 [installed: 0]
2/26/2025, 8:14:47 AM UTC [Modules] Module update available: discord_voice@1 [installed: 0]
2/26/2025, 8:14:47 AM UTC [Modules] Module update available: discord_zstd@1 [installed: 0]
2/26/2025, 8:14:47 AM UTC [Modules] Fetching discord_desktop_core@1 from https://discord.com/api/modules/stable/discord_desktop_core/1
2/26/2025, 8:14:47 AM UTC [Modules] Streaming discord_desktop_core@1 to /home/flowy/.config/discord/0.0.87/modules/pending/discord_desktop_core-1.zip
2/26/2025, 8:14:47 AM UTC [Modules] Streaming discord_desktop_core@1 to /home/flowy/.config/discord/0.0.87/modules/pending/discord_desktop_core-1.zip: 1%
2/26/2025, 8:14:47 AM UTC [Modules] Streaming discord_desktop_core@1 to /home/flowy/.config/discord/0.0.87/modules/pending/discord_desktop_core-1.zip: 2%
2/26/2025, 8:14:47 AM UTC [Modules] Streaming discord_desktop_core@1 to /home/flowy/.config/discord/0.0.87/modules/pending/discord_desktop_core-1.zip: 3%
2/26/2025, 8:14:47 AM UTC [Modules] Streaming discord_desktop_core@1 to /home/flowy/.config/discord/0.0.87/modules/pending/discord_desktop_core-1.zip: 5%
2/26/2025, 8:14:47 AM UTC [Modules] Streaming discord_desktop_core@1 to /home/flowy/.config/discord/0.0.87/modules/pending/discord_desktop_core-1.zip: 6%
2/26/2025, 8:14:47 AM UTC [Modules] Streaming discord_desktop_core@1 to /home/flowy/.config/discord/0.0.87/modules/pending/discord_desktop_core-1.zip: 7%
2/26/2025, 8:14:48 AM UTC [Modules] Streaming discord_desktop_core@1 to /home/flowy/.config/discord/0.0.87/modules/pending/discord_desktop_core-1.zip: 8%
2/26/2025, 8:14:48 AM UTC [Modules] Streaming discord_desktop_core@1 to /home/flowy/.config/discord/0.0.87/modules/pending/discord_desktop_core-1.zip: 9%
2/26/2025, 8:14:48 AM UTC [Modules] Streaming discord_desktop_core@1 to /home/flowy/.config/discord/0.0.87/modules/pending/discord_desktop_core-1.zip: 10%
2/26/2025, 8:14:48 AM UTC [Modules] Streaming discord_desktop_core@1 to /home/flowy/.config/discord/0.0.87/modules/pending/discord_desktop_core-1.zip: 11%
2/26/2025, 8:14:48 AM UTC [Modules] Streaming discord_desktop_core@1 to /home/flowy/.config/discord/0.0.87/modules/pending/discord_desktop_core-1.zip: 12%
2/26/2025, 8:14:48 AM UTC [Modules] Streaming discord_desktop_core@1 to /home/flowy/.config/discord/0.0.87/modules/pending/discord_desktop_core-1.zip: 13%
2/26/2025, 8:14:48 AM UTC [Modules] Streaming discord_desktop_core@1 to /home/flowy/.config/discord/0.0.87/modules/pending/discord_desktop_core-1.zip: 14%
2/26/2025, 8:14:48 AM UTC [Modules] Streaming discord_desktop_core@1 to /home/flowy/.config/discord/0.0.87/modules/pending/discord_desktop_core-1.zip: 15%
2/26/2025, 8:14:48 AM UTC [Modules] Streaming discord_desktop_core@1 to /home/flowy/.config/discord/0.0.87/modules/pending/discord_desktop_core-1.zip: 16%
2/26/2025, 8:14:48 AM UTC [Modules] Streaming discord_desktop_core@1 to /home/flowy/.config/discord/0.0.87/modules/pending/discord_desktop_core-1.zip: 17%
2/26/2025, 8:14:48 AM UTC [Modules] Streaming discord_desktop_core@1 to /home/flowy/.config/discord/0.0.87/modules/pending/discord_desktop_core-1.zip: 18%
2/26/2025, 8:14:48 AM UTC [Modules] Streaming discord_desktop_core@1 to /home/flowy/.config/discord/0.0.87/modules/pending/discord_desktop_core-1.zip: 19%
2/26/2025, 8:14:48 AM UTC [Modules] Streaming discord_desktop_core@1 to /home/flowy/.config/discord/0.0.87/modules/pending/discord_desktop_core-1.zip: 21%
2/26/2025, 8:14:48 AM UTC [Modules] Streaming discord_desktop_core@1 to /home/flowy/.config/discord/0.0.87/modules/pending/discord_desktop_core-1.zip: 22%
2/26/2025, 8:14:48 AM UTC [Modules] Streaming discord_desktop_core@1 to /home/flowy/.config/discord/0.0.87/modules/pending/discord_desktop_core-1.zip: 23%
2/26/2025, 8:14:48 AM UTC [Modules] Streaming discord_desktop_core@1 to /home/flowy/.config/discord/0.0.87/modules/pending/discord_desktop_core-1.zip: 24%
2/26/2025, 8:14:48 AM UTC [Modules] Streaming discord_desktop_core@1 to /home/flowy/.config/discord/0.0.87/modules/pending/discord_desktop_core-1.zip: 25%
2/26/2025, 8:14:48 AM UTC [Modules] Streaming discord_desktop_core@1 to /home/flowy/.config/discord/0.0.87/modules/pending/discord_desktop_core-1.zip: 26%
2/26/2025, 8:14:48 AM UTC [Modules] Streaming discord_desktop_core@1 to /home/flowy/.config/discord/0.0.87/modules/pending/discord_desktop_core-1.zip: 27%
2/26/2025, 8:14:48 AM UTC [Modules] Streaming discord_desktop_core@1 to /home/flowy/.config/discord/0.0.87/modules/pending/discord_desktop_core-1.zip: 28%
2/26/2025, 8:14:48 AM UTC [Modules] Streaming discord_desktop_core@1 to /home/flowy/.config/discord/0.0.87/modules/pending/discord_desktop_core-1.zip: 29%
2/26/2025, 8:14:48 AM UTC [Modules] Streaming discord_desktop_core@1 to /home/flowy/.config/discord/0.0.87/modules/pending/discord_desktop_core-1.zip: 30%
2/26/2025, 8:14:48 AM UTC [Modules] Streaming discord_desktop_core@1 to /home/flowy/.config/discord/0.0.87/modules/pending/discord_desktop_core-1.zip: 31%
2/26/2025, 8:14:48 AM UTC [Modules] Streaming discord_desktop_core@1 to /home/flowy/.config/discord/0.0.87/modules/pending/discord_desktop_core-1.zip: 32%
2/26/2025, 8:14:48 AM UTC [Modules] Streaming discord_desktop_core@1 to /home/flowy/.config/discord/0.0.87/modules/pending/discord_desktop_core-1.zip: 33%
2/26/2025, 8:14:48 AM UTC [Modules] Streaming discord_desktop_core@1 to /home/flowy/.config/discord/0.0.87/modules/pending/discord_desktop_core-1.zip: 34%
2/26/2025, 8:14:48 AM UTC [Modules] Streaming discord_desktop_core@1 to /home/flowy/.config/discord/0.0.87/modules/pending/discord_desktop_core-1.zip: 35%
2/26/2025, 8:14:48 AM UTC [Modules] Streaming discord_desktop_core@1 to /home/flowy/.config/discord/0.0.87/modules/pending/discord_desktop_core-1.zip: 36%
2/26/2025, 8:14:48 AM UTC [Modules] Streaming discord_desktop_core@1 to /home/flowy/.config/discord/0.0.87/modules/pending/discord_desktop_core-1.zip: 37%
2/26/2025, 8:14:48 AM UTC [Modules] Streaming discord_desktop_core@1 to /home/flowy/.config/discord/0.0.87/modules/pending/discord_desktop_core-1.zip: 38%
2/26/2025, 8:14:48 AM UTC [Modules] Streaming discord_desktop_core@1 to /home/flowy/.config/discord/0.0.87/modules/pending/discord_desktop_core-1.zip: 39%
2/26/2025, 8:14:48 AM UTC [Modules] Streaming discord_desktop_core@1 to /home/flowy/.config/discord/0.0.87/modules/pending/discord_desktop_core-1.zip: 40%
2/26/2025, 8:14:48 AM UTC [Modules] Streaming discord_desktop_core@1 to /home/flowy/.config/discord/0.0.87/modules/pending/discord_desktop_core-1.zip: 41%
2/26/2025, 8:14:48 AM UTC [Modules] Streaming discord_desktop_core@1 to /home/flowy/.config/discord/0.0.87/modules/pending/discord_desktop_core-1.zip: 42%
2/26/2025, 8:14:48 AM UTC [Modules] Streaming discord_desktop_core@1 to /home/flowy/.config/discord/0.0.87/modules/pending/discord_desktop_core-1.zip: 43%
2/26/2025, 8:14:48 AM UTC [Modules] Streaming discord_desktop_core@1 to /home/flowy/.config/discord/0.0.87/modules/pending/discord_desktop_core-1.zip: 44%
2/26/2025, 8:14:48 AM UTC [Modules] Streaming discord_desktop_core@1 to /home/flowy/.config/discord/0.0.87/modules/pending/discord_desktop_core-1.zip: 45%
2/26/2025, 8:14:48 AM UTC [Modules] Streaming discord_desktop_core@1 to /home/flowy/.config/discord/0.0.87/modules/pending/discord_desktop_core-1.zip: 46%
2/26/2025, 8:14:48 AM UTC [Modules] Streaming discord_desktop_core@1 to /home/flowy/.config/discord/0.0.87/modules/pending/discord_desktop_core-1.zip: 47%
2/26/2025, 8:14:48 AM UTC [Modules] Streaming discord_desktop_core@1 to /home/flowy/.config/discord/0.0.87/modules/pending/discord_desktop_core-1.zip: 48%
2/26/2025, 8:14:48 AM UTC [Modules] Streaming discord_desktop_core@1 to /home/flowy/.config/discord/0.0.87/modules/pending/discord_desktop_core-1.zip: 49%
2/26/2025, 8:14:48 AM UTC [Modules] Streaming discord_desktop_core@1 to /home/flowy/.config/discord/0.0.87/modules/pending/discord_desktop_core-1.zip: 50%
2/26/2025, 8:14:48 AM UTC [Modules] Streaming discord_desktop_core@1 to /home/flowy/.config/discord/0.0.87/modules/pending/discord_desktop_core-1.zip: 51%
2/26/2025, 8:14:48 AM UTC [Modules] Streaming discord_desktop_core@1 to /home/flowy/.config/discord/0.0.87/modules/pending/discord_desktop_core-1.zip: 52%
2/26/2025, 8:14:48 AM UTC [Modules] Streaming discord_desktop_core@1 to /home/flowy/.config/discord/0.0.87/modules/pending/discord_desktop_core-1.zip: 53%
2/26/2025, 8:14:48 AM UTC [Modules] Streaming discord_desktop_core@1 to /home/flowy/.config/discord/0.0.87/modules/pending/discord_desktop_core-1.zip: 54%
2/26/2025, 8:14:48 AM UTC [Modules] Streaming discord_desktop_core@1 to /home/flowy/.config/discord/0.0.87/modules/pending/discord_desktop_core-1.zip: 55%
2/26/2025, 8:14:48 AM UTC [Modules] Streaming discord_desktop_core@1 to /home/flowy/.config/discord/0.0.87/modules/pending/discord_desktop_core-1.zip: 56%
2/26/2025, 8:14:48 AM UTC [Modules] Streaming discord_desktop_core@1 to /home/flowy/.config/discord/0.0.87/modules/pending/discord_desktop_core-1.zip: 57%
2/26/2025, 8:14:48 AM UTC [Modules] Streaming discord_desktop_core@1 to /home/flowy/.config/discord/0.0.87/modules/pending/discord_desktop_core-1.zip: 58%
2/26/2025, 8:14:48 AM UTC [Modules] Streaming discord_desktop_core@1 to /home/flowy/.config/discord/0.0.87/modules/pending/discord_desktop_core-1.zip: 59%
2/26/2025, 8:14:48 AM UTC [Modules] Streaming discord_desktop_core@1 to /home/flowy/.config/discord/0.0.87/modules/pending/discord_desktop_core-1.zip: 60%
2/26/2025, 8:14:48 AM UTC [Modules] Streaming discord_desktop_core@1 to /home/flowy/.config/discord/0.0.87/modules/pending/discord_desktop_core-1.zip: 61%
2/26/2025, 8:14:48 AM UTC [Modules] Streaming discord_desktop_core@1 to /home/flowy/.config/discord/0.0.87/modules/pending/discord_desktop_core-1.zip: 62%
2/26/2025, 8:14:48 AM UTC [Modules] Streaming discord_desktop_core@1 to /home/flowy/.config/discord/0.0.87/modules/pending/discord_desktop_core-1.zip: 63%
2/26/2025, 8:14:48 AM UTC [Modules] Streaming discord_desktop_core@1 to /home/flowy/.config/discord/0.0.87/modules/pending/discord_desktop_core-1.zip: 64%
2/26/2025, 8:14:48 AM UTC [Modules] Streaming discord_desktop_core@1 to /home/flowy/.config/discord/0.0.87/modules/pending/discord_desktop_core-1.zip: 65%
2/26/2025, 8:14:48 AM UTC [Modules] Streaming discord_desktop_core@1 to /home/flowy/.config/discord/0.0.87/modules/pending/discord_desktop_core-1.zip: 66%
2/26/2025, 8:14:48 AM UTC [Modules] Streaming discord_desktop_core@1 to /home/flowy/.config/discord/0.0.87/modules/pending/discord_desktop_core-1.zip: 68%
2/26/2025, 8:14:48 AM UTC [Modules] Streaming discord_desktop_core@1 to /home/flowy/.config/discord/0.0.87/modules/pending/discord_desktop_core-1.zip: 69%
2/26/2025, 8:14:48 AM UTC [Modules] Streaming discord_desktop_core@1 to /home/flowy/.config/discord/0.0.87/modules/pending/discord_desktop_core-1.zip: 70%
2/26/2025, 8:14:48 AM UTC [Modules] Streaming discord_desktop_core@1 to /home/flowy/.config/discord/0.0.87/modules/pending/discord_desktop_core-1.zip: 71%
2/26/2025, 8:14:48 AM UTC [Modules] Streaming discord_desktop_core@1 to /home/flowy/.config/discord/0.0.87/modules/pending/discord_desktop_core-1.zip: 72%
2/26/2025, 8:14:48 AM UTC [Modules] Streaming discord_desktop_core@1 to /home/flowy/.config/discord/0.0.87/modules/pending/discord_desktop_core-1.zip: 73%
2/26/2025, 8:14:48 AM UTC [Modules] Streaming discord_desktop_core@1 to /home/flowy/.config/discord/0.0.87/modules/pending/discord_desktop_core-1.zip: 74%
2/26/2025, 8:14:48 AM UTC [Modules] Streaming discord_desktop_core@1 to /home/flowy/.config/discord/0.0.87/modules/pending/discord_desktop_core-1.zip: 75%
2/26/2025, 8:14:48 AM UTC [Modules] Streaming discord_desktop_core@1 to /home/flowy/.config/discord/0.0.87/modules/pending/discord_desktop_core-1.zip: 76%
2/26/2025, 8:14:48 AM UTC [Modules] Streaming discord_desktop_core@1 to /home/flowy/.config/discord/0.0.87/modules/pending/discord_desktop_core-1.zip: 77%
2/26/2025, 8:14:48 AM UTC [Modules] Streaming discord_desktop_core@1 to /home/flowy/.config/discord/0.0.87/modules/pending/discord_desktop_core-1.zip: 78%
2/26/2025, 8:14:48 AM UTC [Modules] Streaming discord_desktop_core@1 to /home/flowy/.config/discord/0.0.87/modules/pending/discord_desktop_core-1.zip: 79%
2/26/2025, 8:14:48 AM UTC [Modules] Streaming discord_desktop_core@1 to /home/flowy/.config/discord/0.0.87/modules/pending/discord_desktop_core-1.zip: 80%
2/26/2025, 8:14:48 AM UTC [Modules] Streaming discord_desktop_core@1 to /home/flowy/.config/discord/0.0.87/modules/pending/discord_desktop_core-1.zip: 81%
2/26/2025, 8:14:48 AM UTC [Modules] Streaming discord_desktop_core@1 to /home/flowy/.config/discord/0.0.87/modules/pending/discord_desktop_core-1.zip: 82%
2/26/2025, 8:14:48 AM UTC [Modules] Streaming discord_desktop_core@1 to /home/flowy/.config/discord/0.0.87/modules/pending/discord_desktop_core-1.zip: 83%
2/26/2025, 8:14:48 AM UTC [Modules] Streaming discord_desktop_core@1 to /home/flowy/.config/discord/0.0.87/modules/pending/discord_desktop_core-1.zip: 84%
2/26/2025, 8:14:48 AM UTC [Modules] Streaming discord_desktop_core@1 to /home/flowy/.config/discord/0.0.87/modules/pending/discord_desktop_core-1.zip: 85%
2/26/2025, 8:14:48 AM UTC [Modules] Streaming discord_desktop_core@1 to /home/flowy/.config/discord/0.0.87/modules/pending/discord_desktop_core-1.zip: 86%
2/26/2025, 8:14:48 AM UTC [Modules] Streaming discord_desktop_core@1 to /home/flowy/.config/discord/0.0.87/modules/pending/discord_desktop_core-1.zip: 87%
2/26/2025, 8:14:48 AM UTC [Modules] Streaming discord_desktop_core@1 to /home/flowy/.config/discord/0.0.87/modules/pending/discord_desktop_core-1.zip: 88%
2/26/2025, 8:14:48 AM UTC [Modules] Streaming discord_desktop_core@1 to /home/flowy/.config/discord/0.0.87/modules/pending/discord_desktop_core-1.zip: 89%
2/26/2025, 8:14:48 AM UTC [Modules] Streaming discord_desktop_core@1 to /home/flowy/.config/discord/0.0.87/modules/pending/discord_desktop_core-1.zip: 90%
2/26/2025, 8:14:48 AM UTC [Modules] Streaming discord_desktop_core@1 to /home/flowy/.config/discord/0.0.87/modules/pending/discord_desktop_core-1.zip: 91%
2/26/2025, 8:14:48 AM UTC [Modules] Streaming discord_desktop_core@1 to /home/flowy/.config/discord/0.0.87/modules/pending/discord_desktop_core-1.zip: 92%
2/26/2025, 8:14:48 AM UTC [Modules] Streaming discord_desktop_core@1 to /home/flowy/.config/discord/0.0.87/modules/pending/discord_desktop_core-1.zip: 93%
2/26/2025, 8:14:48 AM UTC [Modules] Streaming discord_desktop_core@1 to /home/flowy/.config/discord/0.0.87/modules/pending/discord_desktop_core-1.zip: 94%
2/26/2025, 8:14:48 AM UTC [Modules] Streaming discord_desktop_core@1 to /home/flowy/.config/discord/0.0.87/modules/pending/discord_desktop_core-1.zip: 95%
2/26/2025, 8:14:48 AM UTC [Modules] Streaming discord_desktop_core@1 to /home/flowy/.config/discord/0.0.87/modules/pending/discord_desktop_core-1.zip: 96%
2/26/2025, 8:14:48 AM UTC [Modules] Streaming discord_desktop_core@1 to /home/flowy/.config/discord/0.0.87/modules/pending/discord_desktop_core-1.zip: 97%
2/26/2025, 8:14:48 AM UTC [Modules] Streaming discord_desktop_core@1 to /home/flowy/.config/discord/0.0.87/modules/pending/discord_desktop_core-1.zip: 98%
2/26/2025, 8:14:48 AM UTC [Modules] Streaming discord_desktop_core@1 to /home/flowy/.config/discord/0.0.87/modules/pending/discord_desktop_core-1.zip: 99%
2/26/2025, 8:14:48 AM UTC [Modules] Streaming discord_desktop_core@1 to /home/flowy/.config/discord/0.0.87/modules/pending/discord_desktop_core-1.zip: 100%
2/26/2025, 8:14:48 AM UTC [Modules] Fetching discord_erlpack@1 from https://discord.com/api/modules/stable/discord_erlpack/1
2/26/2025, 8:14:48 AM UTC [Modules] Streaming discord_erlpack@1 to /home/flowy/.config/discord/0.0.87/modules/pending/discord_erlpack-1.zip
2/26/2025, 8:14:49 AM UTC [Modules] Streaming discord_erlpack@1 to /home/flowy/.config/discord/0.0.87/modules/pending/discord_erlpack-1.zip: 2%
2/26/2025, 8:14:49 AM UTC [Modules] Streaming discord_erlpack@1 to /home/flowy/.config/discord/0.0.87/modules/pending/discord_erlpack-1.zip: 3%
2/26/2025, 8:14:49 AM UTC [Modules] Streaming discord_erlpack@1 to /home/flowy/.config/discord/0.0.87/modules/pending/discord_erlpack-1.zip: 5%
2/26/2025, 8:14:49 AM UTC [Modules] Streaming discord_erlpack@1 to /home/flowy/.config/discord/0.0.87/modules/pending/discord_erlpack-1.zip: 6%
2/26/2025, 8:14:49 AM UTC [Modules] Streaming discord_erlpack@1 to /home/flowy/.config/discord/0.0.87/modules/pending/discord_erlpack-1.zip: 7%
2/26/2025, 8:14:49 AM UTC [Modules] Streaming discord_erlpack@1 to /home/flowy/.config/discord/0.0.87/modules/pending/discord_erlpack-1.zip: 8%
2/26/2025, 8:14:49 AM UTC [Modules] Streaming discord_erlpack@1 to /home/flowy/.config/discord/0.0.87/modules/pending/discord_erlpack-1.zip: 9%
2/26/2025, 8:14:49 AM UTC [Modules] Streaming discord_erlpack@1 to /home/flowy/.config/discord/0.0.87/modules/pending/discord_erlpack-1.zip: 10%
2/26/2025, 8:14:49 AM UTC [Modules] Streaming discord_erlpack@1 to /home/flowy/.config/discord/0.0.87/modules/pending/discord_erlpack-1.zip: 11%
2/26/2025, 8:14:49 AM UTC [Modules] Streaming discord_erlpack@1 to /home/flowy/.config/discord/0.0.87/modules/pending/discord_erlpack-1.zip: 12%
2/26/2025, 8:14:49 AM UTC [Modules] Streaming discord_erlpack@1 to /home/flowy/.config/discord/0.0.87/modules/pending/discord_erlpack-1.zip: 13%
2/26/2025, 8:14:49 AM UTC [Modules] Streaming discord_erlpack@1 to /home/flowy/.config/discord/0.0.87/modules/pending/discord_erlpack-1.zip: 14%
2/26/2025, 8:14:49 AM UTC [Modules] Streaming discord_erlpack@1 to /home/flowy/.config/discord/0.0.87/modules/pending/discord_erlpack-1.zip: 16%
2/26/2025, 8:14:49 AM UTC [Modules] Streaming discord_erlpack@1 to /home/flowy/.config/discord/0.0.87/modules/pending/discord_erlpack-1.zip: 17%
2/26/2025, 8:14:49 AM UTC [Modules] Streaming discord_erlpack@1 to /home/flowy/.config/discord/0.0.87/modules/pending/discord_erlpack-1.zip: 18%
2/26/2025, 8:14:49 AM UTC [Modules] Streaming discord_erlpack@1 to /home/flowy/.config/discord/0.0.87/modules/pending/discord_erlpack-1.zip: 19%
2/26/2025, 8:14:49 AM UTC [Modules] Streaming discord_erlpack@1 to /home/flowy/.config/discord/0.0.87/modules/pending/discord_erlpack-1.zip: 20%
2/26/2025, 8:14:49 AM UTC [Modules] Streaming discord_erlpack@1 to /home/flowy/.config/discord/0.0.87/modules/pending/discord_erlpack-1.zip: 21%
2/26/2025, 8:14:49 AM UTC [Modules] Streaming discord_erlpack@1 to /home/flowy/.config/discord/0.0.87/modules/pending/discord_erlpack-1.zip: 22%
2/26/2025, 8:14:49 AM UTC [Modules] Streaming discord_erlpack@1 to /home/flowy/.config/discord/0.0.87/modules/pending/discord_erlpack-1.zip: 23%
2/26/2025, 8:14:49 AM UTC [Modules] Streaming discord_erlpack@1 to /home/flowy/.config/discord/0.0.87/modules/pending/discord_erlpack-1.zip: 24%
2/26/2025, 8:14:49 AM UTC [Modules] Streaming discord_erlpack@1 to /home/flowy/.config/discord/0.0.87/modules/pending/discord_erlpack-1.zip: 25%
2/26/2025, 8:14:49 AM UTC [Modules] Streaming discord_erlpack@1 to /home/flowy/.config/discord/0.0.87/modules/pending/discord_erlpack-1.zip: 26%
2/26/2025, 8:14:49 AM UTC [Modules] Streaming discord_erlpack@1 to /home/flowy/.config/discord/0.0.87/modules/pending/discord_erlpack-1.zip: 27%
2/26/2025, 8:14:49 AM UTC [Modules] Streaming discord_erlpack@1 to /home/flowy/.config/discord/0.0.87/modules/pending/discord_erlpack-1.zip: 28%
2/26/2025, 8:14:49 AM UTC [Modules] Streaming discord_erlpack@1 to /home/flowy/.config/discord/0.0.87/modules/pending/discord_erlpack-1.zip: 29%
2/26/2025, 8:14:49 AM UTC [Modules] Streaming discord_erlpack@1 to /home/flowy/.config/discord/0.0.87/modules/pending/discord_erlpack-1.zip: 30%
2/26/2025, 8:14:49 AM UTC [Modules] Streaming discord_erlpack@1 to /home/flowy/.config/discord/0.0.87/modules/pending/discord_erlpack-1.zip: 31%
2/26/2025, 8:14:49 AM UTC [Modules] Streaming discord_erlpack@1 to /home/flowy/.config/discord/0.0.87/modules/pending/discord_erlpack-1.zip: 32%
2/26/2025, 8:14:49 AM UTC [Modules] Streaming discord_erlpack@1 to /home/flowy/.config/discord/0.0.87/modules/pending/discord_erlpack-1.zip: 33%
2/26/2025, 8:14:49 AM UTC [Modules] Streaming discord_erlpack@1 to /home/flowy/.config/discord/0.0.87/modules/pending/discord_erlpack-1.zip: 35%
2/26/2025, 8:14:49 AM UTC [Modules] Streaming discord_erlpack@1 to /home/flowy/.config/discord/0.0.87/modules/pending/discord_erlpack-1.zip: 36%
2/26/2025, 8:14:49 AM UTC [Modules] Streaming discord_erlpack@1 to /home/flowy/.config/discord/0.0.87/modules/pending/discord_erlpack-1.zip: 37%
2/26/2025, 8:14:49 AM UTC [Modules] Streaming discord_erlpack@1 to /home/flowy/.config/discord/0.0.87/modules/pending/discord_erlpack-1.zip: 38%
2/26/2025, 8:14:49 AM UTC [Modules] Streaming discord_erlpack@1 to /home/flowy/.config/discord/0.0.87/modules/pending/discord_erlpack-1.zip: 39%
2/26/2025, 8:14:49 AM UTC [Modules] Streaming discord_erlpack@1 to /home/flowy/.config/discord/0.0.87/modules/pending/discord_erlpack-1.zip: 40%
2/26/2025, 8:14:49 AM UTC [Modules] Streaming discord_erlpack@1 to /home/flowy/.config/discord/0.0.87/modules/pending/discord_erlpack-1.zip: 41%
2/26/2025, 8:14:49 AM UTC [Modules] Streaming discord_erlpack@1 to /home/flowy/.config/discord/0.0.87/modules/pending/discord_erlpack-1.zip: 42%
2/26/2025, 8:14:49 AM UTC [Modules] Streaming discord_erlpack@1 to /home/flowy/.config/discord/0.0.87/modules/pending/discord_erlpack-1.zip: 43%
2/26/2025, 8:14:49 AM UTC [Modules] Streaming discord_erlpack@1 to /home/flowy/.config/discord/0.0.87/modules/pending/discord_erlpack-1.zip: 44%
2/26/2025, 8:14:49 AM UTC [Modules] Streaming discord_erlpack@1 to /home/flowy/.config/discord/0.0.87/modules/pending/discord_erlpack-1.zip: 45%
2/26/2025, 8:14:49 AM UTC [Modules] Streaming discord_erlpack@1 to /home/flowy/.config/discord/0.0.87/modules/pending/discord_erlpack-1.zip: 46%
2/26/2025, 8:14:49 AM UTC [Modules] Streaming discord_erlpack@1 to /home/flowy/.config/discord/0.0.87/modules/pending/discord_erlpack-1.zip: 47%
2/26/2025, 8:14:49 AM UTC [Modules] Streaming discord_erlpack@1 to /home/flowy/.config/discord/0.0.87/modules/pending/discord_erlpack-1.zip: 48%
2/26/2025, 8:14:49 AM UTC [Modules] Streaming discord_erlpack@1 to /home/flowy/.config/discord/0.0.87/modules/pending/discord_erlpack-1.zip: 49%
2/26/2025, 8:14:49 AM UTC [Modules] Streaming discord_erlpack@1 to /home/flowy/.config/discord/0.0.87/modules/pending/discord_erlpack-1.zip: 50%
2/26/2025, 8:14:49 AM UTC [Modules] Streaming discord_erlpack@1 to /home/flowy/.config/discord/0.0.87/modules/pending/discord_erlpack-1.zip: 51%
2/26/2025, 8:14:49 AM UTC [Modules] Streaming discord_erlpack@1 to /home/flowy/.config/discord/0.0.87/modules/pending/discord_erlpack-1.zip: 52%
2/26/2025, 8:14:49 AM UTC [Modules] Streaming discord_erlpack@1 to /home/flowy/.config/discord/0.0.87/modules/pending/discord_erlpack-1.zip: 53%
2/26/2025, 8:14:49 AM UTC [Modules] Streaming discord_erlpack@1 to /home/flowy/.config/discord/0.0.87/modules/pending/discord_erlpack-1.zip: 54%
2/26/2025, 8:14:49 AM UTC [Modules] Streaming discord_erlpack@1 to /home/flowy/.config/discord/0.0.87/modules/pending/discord_erlpack-1.zip: 55%
2/26/2025, 8:14:49 AM UTC [Modules] Streaming discord_erlpack@1 to /home/flowy/.config/discord/0.0.87/modules/pending/discord_erlpack-1.zip: 56%
2/26/2025, 8:14:49 AM UTC [Modules] Streaming discord_erlpack@1 to /home/flowy/.config/discord/0.0.87/modules/pending/discord_erlpack-1.zip: 57%
2/26/2025, 8:14:49 AM UTC [Modules] Streaming discord_erlpack@1 to /home/flowy/.config/discord/0.0.87/modules/pending/discord_erlpack-1.zip: 58%
2/26/2025, 8:14:49 AM UTC [Modules] Streaming discord_erlpack@1 to /home/flowy/.config/discord/0.0.87/modules/pending/discord_erlpack-1.zip: 59%
2/26/2025, 8:14:49 AM UTC [Modules] Streaming discord_erlpack@1 to /home/flowy/.config/discord/0.0.87/modules/pending/discord_erlpack-1.zip: 60%
2/26/2025, 8:14:49 AM UTC [Modules] Streaming discord_erlpack@1 to /home/flowy/.config/discord/0.0.87/modules/pending/discord_erlpack-1.zip: 61%
2/26/2025, 8:14:49 AM UTC [Modules] Streaming discord_erlpack@1 to /home/flowy/.config/discord/0.0.87/modules/pending/discord_erlpack-1.zip: 62%
2/26/2025, 8:14:49 AM UTC [Modules] Streaming discord_erlpack@1 to /home/flowy/.config/discord/0.0.87/modules/pending/discord_erlpack-1.zip: 63%
2/26/2025, 8:14:49 AM UTC [Modules] Streaming discord_erlpack@1 to /home/flowy/.config/discord/0.0.87/modules/pending/discord_erlpack-1.zip: 64%
2/26/2025, 8:14:49 AM UTC [Modules] Streaming discord_erlpack@1 to /home/flowy/.config/discord/0.0.87/modules/pending/discord_erlpack-1.zip: 65%
2/26/2025, 8:14:49 AM UTC [Modules] Streaming discord_erlpack@1 to /home/flowy/.config/discord/0.0.87/modules/pending/discord_erlpack-1.zip: 66%
2/26/2025, 8:14:49 AM UTC [Modules] Streaming discord_erlpack@1 to /home/flowy/.config/discord/0.0.87/modules/pending/discord_erlpack-1.zip: 67%
2/26/2025, 8:14:49 AM UTC [Modules] Streaming discord_erlpack@1 to /home/flowy/.config/discord/0.0.87/modules/pending/discord_erlpack-1.zip: 68%
2/26/2025, 8:14:49 AM UTC [Modules] Streaming discord_erlpack@1 to /home/flowy/.config/discord/0.0.87/modules/pending/discord_erlpack-1.zip: 69%
2/26/2025, 8:14:49 AM UTC [Modules] Streaming discord_erlpack@1 to /home/flowy/.config/discord/0.0.87/modules/pending/discord_erlpack-1.zip: 70%
2/26/2025, 8:14:49 AM UTC [Modules] Streaming discord_erlpack@1 to /home/flowy/.config/discord/0.0.87/modules/pending/discord_erlpack-1.zip: 71%
2/26/2025, 8:14:49 AM UTC [Modules] Streaming discord_erlpack@1 to /home/flowy/.config/discord/0.0.87/modules/pending/discord_erlpack-1.zip: 72%
2/26/2025, 8:14:49 AM UTC [Modules] Streaming discord_erlpack@1 to /home/flowy/.config/discord/0.0.87/modules/pending/discord_erlpack-1.zip: 73%
2/26/2025, 8:14:49 AM UTC [Modules] Streaming discord_erlpack@1 to /home/flowy/.config/discord/0.0.87/modules/pending/discord_erlpack-1.zip: 74%
2/26/2025, 8:14:49 AM UTC [Modules] Streaming discord_erlpack@1 to /home/flowy/.config/discord/0.0.87/modules/pending/discord_erlpack-1.zip: 75%
2/26/2025, 8:14:49 AM UTC [Modules] Streaming discord_erlpack@1 to /home/flowy/.config/discord/0.0.87/modules/pending/discord_erlpack-1.zip: 76%
2/26/2025, 8:14:49 AM UTC [Modules] Streaming discord_erlpack@1 to /home/flowy/.config/discord/0.0.87/modules/pending/discord_erlpack-1.zip: 77%
2/26/2025, 8:14:49 AM UTC [Modules] Streaming discord_erlpack@1 to /home/flowy/.config/discord/0.0.87/modules/pending/discord_erlpack-1.zip: 78%
2/26/2025, 8:14:49 AM UTC [Modules] Streaming discord_erlpack@1 to /home/flowy/.config/discord/0.0.87/modules/pending/discord_erlpack-1.zip: 79%
2/26/2025, 8:14:49 AM UTC [Modules] Streaming discord_erlpack@1 to /home/flowy/.config/discord/0.0.87/modules/pending/discord_erlpack-1.zip: 80%
2/26/2025, 8:14:49 AM UTC [Modules] Streaming discord_erlpack@1 to /home/flowy/.config/discord/0.0.87/modules/pending/discord_erlpack-1.zip: 81%
2/26/2025, 8:14:49 AM UTC [Modules] Streaming discord_erlpack@1 to /home/flowy/.config/discord/0.0.87/modules/pending/discord_erlpack-1.zip: 82%
2/26/2025, 8:14:49 AM UTC [Modules] Streaming discord_erlpack@1 to /home/flowy/.config/discord/0.0.87/modules/pending/discord_erlpack-1.zip: 83%
2/26/2025, 8:14:49 AM UTC [Modules] Streaming discord_erlpack@1 to /home/flowy/.config/discord/0.0.87/modules/pending/discord_erlpack-1.zip: 84%
2/26/2025, 8:14:49 AM UTC [Modules] Streaming discord_erlpack@1 to /home/flowy/.config/discord/0.0.87/modules/pending/discord_erlpack-1.zip: 85%
2/26/2025, 8:14:49 AM UTC [Modules] Streaming discord_erlpack@1 to /home/flowy/.config/discord/0.0.87/modules/pending/discord_erlpack-1.zip: 86%
2/26/2025, 8:14:49 AM UTC [Modules] Streaming discord_erlpack@1 to /home/flowy/.config/discord/0.0.87/modules/pending/discord_erlpack-1.zip: 87%
2/26/2025, 8:14:49 AM UTC [Modules] Streaming discord_erlpack@1 to /home/flowy/.config/discord/0.0.87/modules/pending/discord_erlpack-1.zip: 88%
2/26/2025, 8:14:49 AM UTC [Modules] Streaming discord_erlpack@1 to /home/flowy/.config/discord/0.0.87/modules/pending/discord_erlpack-1.zip: 89%
2/26/2025, 8:14:49 AM UTC [Modules] Streaming discord_erlpack@1 to /home/flowy/.config/discord/0.0.87/modules/pending/discord_erlpack-1.zip: 90%
2/26/2025, 8:14:49 AM UTC [Modules] Streaming discord_erlpack@1 to /home/flowy/.config/discord/0.0.87/modules/pending/discord_erlpack-1.zip: 91%
2/26/2025, 8:14:49 AM UTC [Modules] Streaming discord_erlpack@1 to /home/flowy/.config/discord/0.0.87/modules/pending/discord_erlpack-1.zip: 92%
2/26/2025, 8:14:49 AM UTC [Modules] Streaming discord_erlpack@1 to /home/flowy/.config/discord/0.0.87/modules/pending/discord_erlpack-1.zip: 93%
2/26/2025, 8:14:49 AM UTC [Modules] Streaming discord_erlpack@1 to /home/flowy/.config/discord/0.0.87/modules/pending/discord_erlpack-1.zip: 94%
2/26/2025, 8:14:49 AM UTC [Modules] Streaming discord_erlpack@1 to /home/flowy/.config/discord/0.0.87/modules/pending/discord_erlpack-1.zip: 95%
2/26/2025, 8:14:49 AM UTC [Modules] Streaming discord_erlpack@1 to /home/flowy/.config/discord/0.0.87/modules/pending/discord_erlpack-1.zip: 96%
2/26/2025, 8:14:49 AM UTC [Modules] Streaming discord_erlpack@1 to /home/flowy/.config/discord/0.0.87/modules/pending/discord_erlpack-1.zip: 97%
2/26/2025, 8:14:49 AM UTC [Modules] Streaming discord_erlpack@1 to /home/flowy/.config/discord/0.0.87/modules/pending/discord_erlpack-1.zip: 98%
2/26/2025, 8:14:49 AM UTC [Modules] Streaming discord_erlpack@1 to /home/flowy/.config/discord/0.0.87/modules/pending/discord_erlpack-1.zip: 99%
2/26/2025, 8:14:49 AM UTC [Modules] Streaming discord_erlpack@1 to /home/flowy/.config/discord/0.0.87/modules/pending/discord_erlpack-1.zip: 100%
2/26/2025, 8:14:49 AM UTC [Modules] Fetching discord_spellcheck@1 from https://discord.com/api/modules/stable/discord_spellcheck/1
2/26/2025, 8:14:49 AM UTC [Modules] Streaming discord_spellcheck@1 to /home/flowy/.config/discord/0.0.87/modules/pending/discord_spellcheck-1.zip
2/26/2025, 8:14:50 AM UTC [Modules] Streaming discord_spellcheck@1 to /home/flowy/.config/discord/0.0.87/modules/pending/discord_spellcheck-1.zip: 1%
2/26/2025, 8:14:50 AM UTC [Modules] Streaming discord_spellcheck@1 to /home/flowy/.config/discord/0.0.87/modules/pending/discord_spellcheck-1.zip: 2%
2/26/2025, 8:14:50 AM UTC [Modules] Streaming discord_spellcheck@1 to /home/flowy/.config/discord/0.0.87/modules/pending/discord_spellcheck-1.zip: 3%
2/26/2025, 8:14:50 AM UTC [Modules] Streaming discord_spellcheck@1 to /home/flowy/.config/discord/0.0.87/modules/pending/discord_spellcheck-1.zip: 4%
2/26/2025, 8:14:50 AM UTC [Modules] Streaming discord_spellcheck@1 to /home/flowy/.config/discord/0.0.87/modules/pending/discord_spellcheck-1.zip: 5%
2/26/2025, 8:14:50 AM UTC [Modules] Streaming discord_spellcheck@1 to /home/flowy/.config/discord/0.0.87/modules/pending/discord_spellcheck-1.zip: 6%
2/26/2025, 8:14:50 AM UTC [Modules] Streaming discord_spellcheck@1 to /home/flowy/.config/discord/0.0.87/modules/pending/discord_spellcheck-1.zip: 7%
2/26/2025, 8:14:50 AM UTC [Modules] Streaming discord_spellcheck@1 to /home/flowy/.config/discord/0.0.87/modules/pending/discord_spellcheck-1.zip: 8%
2/26/2025, 8:14:50 AM UTC [Modules] Streaming discord_spellcheck@1 to /home/flowy/.config/discord/0.0.87/modules/pending/discord_spellcheck-1.zip: 9%
2/26/2025, 8:14:50 AM UTC [Modules] Streaming discord_spellcheck@1 to /home/flowy/.config/discord/0.0.87/modules/pending/discord_spellcheck-1.zip: 10%
2/26/2025, 8:14:50 AM UTC [Modules] Streaming discord_spellcheck@1 to /home/flowy/.config/discord/0.0.87/modules/pending/discord_spellcheck-1.zip: 11%
2/26/2025, 8:14:50 AM UTC [Modules] Streaming discord_spellcheck@1 to /home/flowy/.config/discord/0.0.87/modules/pending/discord_spellcheck-1.zip: 12%
2/26/2025, 8:14:50 AM UTC [Modules] Streaming discord_spellcheck@1 to /home/flowy/.config/discord/0.0.87/modules/pending/discord_spellcheck-1.zip: 13%
2/26/2025, 8:14:50 AM UTC [Modules] Streaming discord_spellcheck@1 to /home/flowy/.config/discord/0.0.87/modules/pending/discord_spellcheck-1.zip: 14%
2/26/2025, 8:14:50 AM UTC [Modules] Streaming discord_spellcheck@1 to /home/flowy/.config/discord/0.0.87/modules/pending/discord_spellcheck-1.zip: 15%
2/26/2025, 8:14:50 AM UTC [Modules] Streaming discord_spellcheck@1 to /home/flowy/.config/discord/0.0.87/modules/pending/discord_spellcheck-1.zip: 16%
2/26/2025, 8:14:50 AM UTC [Modules] Streaming discord_spellcheck@1 to /home/flowy/.config/discord/0.0.87/modules/pending/discord_spellcheck-1.zip: 17%
2/26/2025, 8:14:50 AM UTC [Modules] Streaming discord_spellcheck@1 to /home/flowy/.config/discord/0.0.87/modules/pending/discord_spellcheck-1.zip: 18%
2/26/2025, 8:14:50 AM UTC [Modules] Streaming discord_spellcheck@1 to /home/flowy/.config/discord/0.0.87/modules/pending/discord_spellcheck-1.zip: 19%
2/26/2025, 8:14:50 AM UTC [Modules] Streaming discord_spellcheck@1 to /home/flowy/.config/discord/0.0.87/modules/pending/discord_spellcheck-1.zip: 20%
2/26/2025, 8:14:50 AM UTC [Modules] Streaming discord_spellcheck@1 to /home/flowy/.config/discord/0.0.87/modules/pending/discord_spellcheck-1.zip: 21%
2/26/2025, 8:14:50 AM UTC [Modules] Streaming discord_spellcheck@1 to /home/flowy/.config/discord/0.0.87/modules/pending/discord_spellcheck-1.zip: 22%
2/26/2025, 8:14:50 AM UTC [Modules] Streaming discord_spellcheck@1 to /home/flowy/.config/discord/0.0.87/modules/pending/discord_spellcheck-1.zip: 23%
2/26/2025, 8:14:50 AM UTC [Modules] Streaming discord_spellcheck@1 to /home/flowy/.config/discord/0.0.87/modules/pending/discord_spellcheck-1.zip: 24%
2/26/2025, 8:14:50 AM UTC [Modules] Streaming discord_spellcheck@1 to /home/flowy/.config/discord/0.0.87/modules/pending/discord_spellcheck-1.zip: 25%
2/26/2025, 8:14:50 AM UTC [Modules] Streaming discord_spellcheck@1 to /home/flowy/.config/discord/0.0.87/modules/pending/discord_spellcheck-1.zip: 26%
2/26/2025, 8:14:50 AM UTC [Modules] Streaming discord_spellcheck@1 to /home/flowy/.config/discord/0.0.87/modules/pending/discord_spellcheck-1.zip: 27%
2/26/2025, 8:14:50 AM UTC [Modules] Streaming discord_spellcheck@1 to /home/flowy/.config/discord/0.0.87/modules/pending/discord_spellcheck-1.zip: 28%
2/26/2025, 8:14:50 AM UTC [Modules] Streaming discord_spellcheck@1 to /home/flowy/.config/discord/0.0.87/modules/pending/discord_spellcheck-1.zip: 29%
2/26/2025, 8:14:50 AM UTC [Modules] Streaming discord_spellcheck@1 to /home/flowy/.config/discord/0.0.87/modules/pending/discord_spellcheck-1.zip: 30%
2/26/2025, 8:14:50 AM UTC [Modules] Streaming discord_spellcheck@1 to /home/flowy/.config/discord/0.0.87/modules/pending/discord_spellcheck-1.zip: 31%
2/26/2025, 8:14:50 AM UTC [Modules] Streaming discord_spellcheck@1 to /home/flowy/.config/discord/0.0.87/modules/pending/discord_spellcheck-1.zip: 32%
2/26/2025, 8:14:51 AM UTC [Modules] Streaming discord_spellcheck@1 to /home/flowy/.config/discord/0.0.87/modules/pending/discord_spellcheck-1.zip: 33%
2/26/2025, 8:14:51 AM UTC [Modules] Streaming discord_spellcheck@1 to /home/flowy/.config/discord/0.0.87/modules/pending/discord_spellcheck-1.zip: 34%
2/26/2025, 8:14:51 AM UTC [Modules] Streaming discord_spellcheck@1 to /home/flowy/.config/discord/0.0.87/modules/pending/discord_spellcheck-1.zip: 35%
2/26/2025, 8:14:51 AM UTC [Modules] Streaming discord_spellcheck@1 to /home/flowy/.config/discord/0.0.87/modules/pending/discord_spellcheck-1.zip: 36%
2/26/2025, 8:14:51 AM UTC [Modules] Streaming discord_spellcheck@1 to /home/flowy/.config/discord/0.0.87/modules/pending/discord_spellcheck-1.zip: 37%
2/26/2025, 8:14:51 AM UTC [Modules] Streaming discord_spellcheck@1 to /home/flowy/.config/discord/0.0.87/modules/pending/discord_spellcheck-1.zip: 38%
2/26/2025, 8:14:51 AM UTC [Modules] Streaming discord_spellcheck@1 to /home/flowy/.config/discord/0.0.87/modules/pending/discord_spellcheck-1.zip: 39%
2/26/2025, 8:14:51 AM UTC [Modules] Streaming discord_spellcheck@1 to /home/flowy/.config/discord/0.0.87/modules/pending/discord_spellcheck-1.zip: 40%
2/26/2025, 8:14:51 AM UTC [Modules] Streaming discord_spellcheck@1 to /home/flowy/.config/discord/0.0.87/modules/pending/discord_spellcheck-1.zip: 41%
2/26/2025, 8:14:51 AM UTC [Modules] Streaming discord_spellcheck@1 to /home/flowy/.config/discord/0.0.87/modules/pending/discord_spellcheck-1.zip: 42%
2/26/2025, 8:14:51 AM UTC [Modules] Streaming discord_spellcheck@1 to /home/flowy/.config/discord/0.0.87/modules/pending/discord_spellcheck-1.zip: 43%
2/26/2025, 8:14:51 AM UTC [Modules] Streaming discord_spellcheck@1 to /home/flowy/.config/discord/0.0.87/modules/pending/discord_spellcheck-1.zip: 44%
2/26/2025, 8:14:51 AM UTC [Modules] Streaming discord_spellcheck@1 to /home/flowy/.config/discord/0.0.87/modules/pending/discord_spellcheck-1.zip: 45%
2/26/2025, 8:14:51 AM UTC [Modules] Streaming discord_spellcheck@1 to /home/flowy/.config/discord/0.0.87/modules/pending/discord_spellcheck-1.zip: 46%
2/26/2025, 8:14:51 AM UTC [Modules] Streaming discord_spellcheck@1 to /home/flowy/.config/discord/0.0.87/modules/pending/discord_spellcheck-1.zip: 47%
2/26/2025, 8:14:51 AM UTC [Modules] Streaming discord_spellcheck@1 to /home/flowy/.config/discord/0.0.87/modules/pending/discord_spellcheck-1.zip: 48%
2/26/2025, 8:14:51 AM UTC [Modules] Streaming discord_spellcheck@1 to /home/flowy/.config/discord/0.0.87/modules/pending/discord_spellcheck-1.zip: 49%
2/26/2025, 8:14:51 AM UTC [Modules] Streaming discord_spellcheck@1 to /home/flowy/.config/discord/0.0.87/modules/pending/discord_spellcheck-1.zip: 50%
2/26/2025, 8:14:51 AM UTC [Modules] Streaming discord_spellcheck@1 to /home/flowy/.config/discord/0.0.87/modules/pending/discord_spellcheck-1.zip: 51%
2/26/2025, 8:14:51 AM UTC [Modules] Streaming discord_spellcheck@1 to /home/flowy/.config/discord/0.0.87/modules/pending/discord_spellcheck-1.zip: 52%
2/26/2025, 8:14:51 AM UTC [Modules] Streaming discord_spellcheck@1 to /home/flowy/.config/discord/0.0.87/modules/pending/discord_spellcheck-1.zip: 53%
2/26/2025, 8:14:51 AM UTC [Modules] Streaming discord_spellcheck@1 to /home/flowy/.config/discord/0.0.87/modules/pending/discord_spellcheck-1.zip: 54%
2/26/2025, 8:14:51 AM UTC [Modules] Streaming discord_spellcheck@1 to /home/flowy/.config/discord/0.0.87/modules/pending/discord_spellcheck-1.zip: 55%
2/26/2025, 8:14:51 AM UTC [Modules] Streaming discord_spellcheck@1 to /home/flowy/.config/discord/0.0.87/modules/pending/discord_spellcheck-1.zip: 56%
2/26/2025, 8:14:51 AM UTC [Modules] Streaming discord_spellcheck@1 to /home/flowy/.config/discord/0.0.87/modules/pending/discord_spellcheck-1.zip: 57%
2/26/2025, 8:14:51 AM UTC [Modules] Streaming discord_spellcheck@1 to /home/flowy/.config/discord/0.0.87/modules/pending/discord_spellcheck-1.zip: 58%
2/26/2025, 8:14:51 AM UTC [Modules] Streaming discord_spellcheck@1 to /home/flowy/.config/discord/0.0.87/modules/pending/discord_spellcheck-1.zip: 59%
2/26/2025, 8:14:51 AM UTC [Modules] Streaming discord_spellcheck@1 to /home/flowy/.config/discord/0.0.87/modules/pending/discord_spellcheck-1.zip: 60%
2/26/2025, 8:14:51 AM UTC [Modules] Streaming discord_spellcheck@1 to /home/flowy/.config/discord/0.0.87/modules/pending/discord_spellcheck-1.zip: 61%
2/26/2025, 8:14:51 AM UTC [Modules] Streaming discord_spellcheck@1 to /home/flowy/.config/discord/0.0.87/modules/pending/discord_spellcheck-1.zip: 62%
2/26/2025, 8:14:51 AM UTC [Modules] Streaming discord_spellcheck@1 to /home/flowy/.config/discord/0.0.87/modules/pending/discord_spellcheck-1.zip: 63%
2/26/2025, 8:14:51 AM UTC [Modules] Streaming discord_spellcheck@1 to /home/flowy/.config/discord/0.0.87/modules/pending/discord_spellcheck-1.zip: 64%
2/26/2025, 8:14:51 AM UTC [Modules] Streaming discord_spellcheck@1 to /home/flowy/.config/discord/0.0.87/modules/pending/discord_spellcheck-1.zip: 66%
2/26/2025, 8:14:52 AM UTC [Modules] Streaming discord_spellcheck@1 to /home/flowy/.config/discord/0.0.87/modules/pending/discord_spellcheck-1.zip: 67%
2/26/2025, 8:14:52 AM UTC [Modules] Streaming discord_spellcheck@1 to /home/flowy/.config/discord/0.0.87/modules/pending/discord_spellcheck-1.zip: 68%
2/26/2025, 8:14:52 AM UTC [Modules] Streaming discord_spellcheck@1 to /home/flowy/.config/discord/0.0.87/modules/pending/discord_spellcheck-1.zip: 69%
2/26/2025, 8:14:52 AM UTC [Modules] Streaming discord_spellcheck@1 to /home/flowy/.config/discord/0.0.87/modules/pending/discord_spellcheck-1.zip: 70%
2/26/2025, 8:14:52 AM UTC [Modules] Streaming discord_spellcheck@1 to /home/flowy/.config/discord/0.0.87/modules/pending/discord_spellcheck-1.zip: 71%
2/26/2025, 8:14:52 AM UTC [Modules] Streaming discord_spellcheck@1 to /home/flowy/.config/discord/0.0.87/modules/pending/discord_spellcheck-1.zip: 73%
2/26/2025, 8:14:52 AM UTC [Modules] Streaming discord_spellcheck@1 to /home/flowy/.config/discord/0.0.87/modules/pending/discord_spellcheck-1.zip: 74%
2/26/2025, 8:14:52 AM UTC [Modules] Streaming discord_spellcheck@1 to /home/flowy/.config/discord/0.0.87/modules/pending/discord_spellcheck-1.zip: 75%
2/26/2025, 8:14:52 AM UTC [Modules] Streaming discord_spellcheck@1 to /home/flowy/.config/discord/0.0.87/modules/pending/discord_spellcheck-1.zip: 76%
2/26/2025, 8:14:52 AM UTC [Modules] Streaming discord_spellcheck@1 to /home/flowy/.config/discord/0.0.87/modules/pending/discord_spellcheck-1.zip: 77%
2/26/2025, 8:14:52 AM UTC [Modules] Streaming discord_spellcheck@1 to /home/flowy/.config/discord/0.0.87/modules/pending/discord_spellcheck-1.zip: 78%
2/26/2025, 8:14:52 AM UTC [Modules] Streaming discord_spellcheck@1 to /home/flowy/.config/discord/0.0.87/modules/pending/discord_spellcheck-1.zip: 79%
2/26/2025, 8:14:52 AM UTC [Modules] Streaming discord_spellcheck@1 to /home/flowy/.config/discord/0.0.87/modules/pending/discord_spellcheck-1.zip: 80%
2/26/2025, 8:14:52 AM UTC [Modules] Streaming discord_spellcheck@1 to /home/flowy/.config/discord/0.0.87/modules/pending/discord_spellcheck-1.zip: 81%
2/26/2025, 8:14:52 AM UTC [Modules] Streaming discord_spellcheck@1 to /home/flowy/.config/discord/0.0.87/modules/pending/discord_spellcheck-1.zip: 82%
2/26/2025, 8:14:52 AM UTC [Modules] Streaming discord_spellcheck@1 to /home/flowy/.config/discord/0.0.87/modules/pending/discord_spellcheck-1.zip: 83%
2/26/2025, 8:14:52 AM UTC [Modules] Streaming discord_spellcheck@1 to /home/flowy/.config/discord/0.0.87/modules/pending/discord_spellcheck-1.zip: 84%
2/26/2025, 8:14:52 AM UTC [Modules] Streaming discord_spellcheck@1 to /home/flowy/.config/discord/0.0.87/modules/pending/discord_spellcheck-1.zip: 85%
2/26/2025, 8:14:52 AM UTC [Modules] Streaming discord_spellcheck@1 to /home/flowy/.config/discord/0.0.87/modules/pending/discord_spellcheck-1.zip: 86%
2/26/2025, 8:14:52 AM UTC [Modules] Streaming discord_spellcheck@1 to /home/flowy/.config/discord/0.0.87/modules/pending/discord_spellcheck-1.zip: 87%
2/26/2025, 8:14:52 AM UTC [Modules] Streaming discord_spellcheck@1 to /home/flowy/.config/discord/0.0.87/modules/pending/discord_spellcheck-1.zip: 88%
2/26/2025, 8:14:52 AM UTC [Modules] Streaming discord_spellcheck@1 to /home/flowy/.config/discord/0.0.87/modules/pending/discord_spellcheck-1.zip: 89%
2/26/2025, 8:14:52 AM UTC [Modules] Streaming discord_spellcheck@1 to /home/flowy/.config/discord/0.0.87/modules/pending/discord_spellcheck-1.zip: 90%
2/26/2025, 8:14:52 AM UTC [Modules] Streaming discord_spellcheck@1 to /home/flowy/.config/discord/0.0.87/modules/pending/discord_spellcheck-1.zip: 91%
2/26/2025, 8:14:52 AM UTC [Modules] Streaming discord_spellcheck@1 to /home/flowy/.config/discord/0.0.87/modules/pending/discord_spellcheck-1.zip: 92%
2/26/2025, 8:14:52 AM UTC [Modules] Streaming discord_spellcheck@1 to /home/flowy/.config/discord/0.0.87/modules/pending/discord_spellcheck-1.zip: 93%
2/26/2025, 8:14:52 AM UTC [Modules] Streaming discord_spellcheck@1 to /home/flowy/.config/discord/0.0.87/modules/pending/discord_spellcheck-1.zip: 94%
2/26/2025, 8:14:52 AM UTC [Modules] Streaming discord_spellcheck@1 to /home/flowy/.config/discord/0.0.87/modules/pending/discord_spellcheck-1.zip: 95%
2/26/2025, 8:14:52 AM UTC [Modules] Streaming discord_spellcheck@1 to /home/flowy/.config/discord/0.0.87/modules/pending/discord_spellcheck-1.zip: 96%
2/26/2025, 8:14:52 AM UTC [Modules] Streaming discord_spellcheck@1 to /home/flowy/.config/discord/0.0.87/modules/pending/discord_spellcheck-1.zip: 97%
2/26/2025, 8:14:52 AM UTC [Modules] Streaming discord_spellcheck@1 to /home/flowy/.config/discord/0.0.87/modules/pending/discord_spellcheck-1.zip: 98%
2/26/2025, 8:14:52 AM UTC [Modules] Streaming discord_spellcheck@1 to /home/flowy/.config/discord/0.0.87/modules/pending/discord_spellcheck-1.zip: 99%
2/26/2025, 8:14:52 AM UTC [Modules] Streaming discord_spellcheck@1 to /home/flowy/.config/discord/0.0.87/modules/pending/discord_spellcheck-1.zip: 100%
2/26/2025, 8:14:52 AM UTC [Modules] Fetching discord_utils@1 from https://discord.com/api/modules/stable/discord_utils/1
2/26/2025, 8:14:52 AM UTC [Modules] Streaming discord_utils@1 to /home/flowy/.config/discord/0.0.87/modules/pending/discord_utils-1.zip
2/26/2025, 8:14:53 AM UTC [Modules] Streaming discord_utils@1 to /home/flowy/.config/discord/0.0.87/modules/pending/discord_utils-1.zip: 1%
2/26/2025, 8:14:53 AM UTC [Modules] Streaming discord_utils@1 to /home/flowy/.config/discord/0.0.87/modules/pending/discord_utils-1.zip: 2%
2/26/2025, 8:14:53 AM UTC [Modules] Streaming discord_utils@1 to /home/flowy/.config/discord/0.0.87/modules/pending/discord_utils-1.zip: 3%
2/26/2025, 8:14:53 AM UTC [Modules] Streaming discord_utils@1 to /home/flowy/.config/discord/0.0.87/modules/pending/discord_utils-1.zip: 4%
2/26/2025, 8:14:53 AM UTC [Modules] Streaming discord_utils@1 to /home/flowy/.config/discord/0.0.87/modules/pending/discord_utils-1.zip: 5%
2/26/2025, 8:14:53 AM UTC [Modules] Streaming discord_utils@1 to /home/flowy/.config/discord/0.0.87/modules/pending/discord_utils-1.zip: 6%
2/26/2025, 8:14:53 AM UTC [Modules] Streaming discord_utils@1 to /home/flowy/.config/discord/0.0.87/modules/pending/discord_utils-1.zip: 7%
2/26/2025, 8:14:53 AM UTC [Modules] Streaming discord_utils@1 to /home/flowy/.config/discord/0.0.87/modules/pending/discord_utils-1.zip: 8%
2/26/2025, 8:14:53 AM UTC [Modules] Streaming discord_utils@1 to /home/flowy/.config/discord/0.0.87/modules/pending/discord_utils-1.zip: 12%
2/26/2025, 8:14:53 AM UTC [Modules] Streaming discord_utils@1 to /home/flowy/.config/discord/0.0.87/modules/pending/discord_utils-1.zip: 14%
2/26/2025, 8:14:53 AM UTC [Modules] Streaming discord_utils@1 to /home/flowy/.config/discord/0.0.87/modules/pending/discord_utils-1.zip: 15%
2/26/2025, 8:14:53 AM UTC [Modules] Streaming discord_utils@1 to /home/flowy/.config/discord/0.0.87/modules/pending/discord_utils-1.zip: 16%
2/26/2025, 8:14:53 AM UTC [Modules] Streaming discord_utils@1 to /home/flowy/.config/discord/0.0.87/modules/pending/discord_utils-1.zip: 18%
2/26/2025, 8:14:53 AM UTC [Modules] Streaming discord_utils@1 to /home/flowy/.config/discord/0.0.87/modules/pending/discord_utils-1.zip: 21%
2/26/2025, 8:14:53 AM UTC [Modules] Streaming discord_utils@1 to /home/flowy/.config/discord/0.0.87/modules/pending/discord_utils-1.zip: 23%
2/26/2025, 8:14:53 AM UTC [Modules] Streaming discord_utils@1 to /home/flowy/.config/discord/0.0.87/modules/pending/discord_utils-1.zip: 24%
2/26/2025, 8:14:53 AM UTC [Modules] Streaming discord_utils@1 to /home/flowy/.config/discord/0.0.87/modules/pending/discord_utils-1.zip: 26%
2/26/2025, 8:14:53 AM UTC [Modules] Streaming discord_utils@1 to /home/flowy/.config/discord/0.0.87/modules/pending/discord_utils-1.zip: 27%
2/26/2025, 8:14:53 AM UTC [Modules] Streaming discord_utils@1 to /home/flowy/.config/discord/0.0.87/modules/pending/discord_utils-1.zip: 29%
2/26/2025, 8:14:53 AM UTC [Modules] Streaming discord_utils@1 to /home/flowy/.config/discord/0.0.87/modules/pending/discord_utils-1.zip: 30%
2/26/2025, 8:14:53 AM UTC [Modules] Streaming discord_utils@1 to /home/flowy/.config/discord/0.0.87/modules/pending/discord_utils-1.zip: 31%
2/26/2025, 8:14:53 AM UTC [Modules] Streaming discord_utils@1 to /home/flowy/.config/discord/0.0.87/modules/pending/discord_utils-1.zip: 32%
2/26/2025, 8:14:53 AM UTC [Modules] Streaming discord_utils@1 to /home/flowy/.config/discord/0.0.87/modules/pending/discord_utils-1.zip: 34%
2/26/2025, 8:14:53 AM UTC [Modules] Streaming discord_utils@1 to /home/flowy/.config/discord/0.0.87/modules/pending/discord_utils-1.zip: 35%
2/26/2025, 8:14:53 AM UTC [Modules] Streaming discord_utils@1 to /home/flowy/.config/discord/0.0.87/modules/pending/discord_utils-1.zip: 37%
2/26/2025, 8:14:53 AM UTC [Modules] Streaming discord_utils@1 to /home/flowy/.config/discord/0.0.87/modules/pending/discord_utils-1.zip: 38%
2/26/2025, 8:14:53 AM UTC [Modules] Streaming discord_utils@1 to /home/flowy/.config/discord/0.0.87/modules/pending/discord_utils-1.zip: 40%
2/26/2025, 8:14:53 AM UTC [Modules] Streaming discord_utils@1 to /home/flowy/.config/discord/0.0.87/modules/pending/discord_utils-1.zip: 41%
2/26/2025, 8:14:53 AM UTC [Modules] Streaming discord_utils@1 to /home/flowy/.config/discord/0.0.87/modules/pending/discord_utils-1.zip: 44%
2/26/2025, 8:14:53 AM UTC [Modules] Streaming discord_utils@1 to /home/flowy/.config/discord/0.0.87/modules/pending/discord_utils-1.zip: 45%
2/26/2025, 8:14:53 AM UTC [Modules] Streaming discord_utils@1 to /home/flowy/.config/discord/0.0.87/modules/pending/discord_utils-1.zip: 47%
2/26/2025, 8:14:53 AM UTC [Modules] Streaming discord_utils@1 to /home/flowy/.config/discord/0.0.87/modules/pending/discord_utils-1.zip: 50%
2/26/2025, 8:14:53 AM UTC [Modules] Streaming discord_utils@1 to /home/flowy/.config/discord/0.0.87/modules/pending/discord_utils-1.zip: 51%
2/26/2025, 8:14:53 AM UTC [Modules] Streaming discord_utils@1 to /home/flowy/.config/discord/0.0.87/modules/pending/discord_utils-1.zip: 53%
2/26/2025, 8:14:53 AM UTC [Modules] Streaming discord_utils@1 to /home/flowy/.config/discord/0.0.87/modules/pending/discord_utils-1.zip: 55%
2/26/2025, 8:14:53 AM UTC [Modules] Streaming discord_utils@1 to /home/flowy/.config/discord/0.0.87/modules/pending/discord_utils-1.zip: 56%
2/26/2025, 8:14:54 AM UTC [Modules] Streaming discord_utils@1 to /home/flowy/.config/discord/0.0.87/modules/pending/discord_utils-1.zip: 58%
2/26/2025, 8:14:54 AM UTC [Modules] Streaming discord_utils@1 to /home/flowy/.config/discord/0.0.87/modules/pending/discord_utils-1.zip: 59%
2/26/2025, 8:14:54 AM UTC [Modules] Streaming discord_utils@1 to /home/flowy/.config/discord/0.0.87/modules/pending/discord_utils-1.zip: 61%
2/26/2025, 8:14:54 AM UTC [Modules] Streaming discord_utils@1 to /home/flowy/.config/discord/0.0.87/modules/pending/discord_utils-1.zip: 62%
2/26/2025, 8:14:54 AM UTC [Modules] Streaming discord_utils@1 to /home/flowy/.config/discord/0.0.87/modules/pending/discord_utils-1.zip: 65%
2/26/2025, 8:14:54 AM UTC [Modules] Streaming discord_utils@1 to /home/flowy/.config/discord/0.0.87/modules/pending/discord_utils-1.zip: 70%
2/26/2025, 8:14:54 AM UTC [Modules] Streaming discord_utils@1 to /home/flowy/.config/discord/0.0.87/modules/pending/discord_utils-1.zip: 71%
2/26/2025, 8:14:54 AM UTC [Modules] Streaming discord_utils@1 to /home/flowy/.config/discord/0.0.87/modules/pending/discord_utils-1.zip: 73%
2/26/2025, 8:14:54 AM UTC [Modules] Streaming discord_utils@1 to /home/flowy/.config/discord/0.0.87/modules/pending/discord_utils-1.zip: 76%
2/26/2025, 8:14:54 AM UTC [Modules] Streaming discord_utils@1 to /home/flowy/.config/discord/0.0.87/modules/pending/discord_utils-1.zip: 78%
2/26/2025, 8:14:54 AM UTC [Modules] Streaming discord_utils@1 to /home/flowy/.config/discord/0.0.87/modules/pending/discord_utils-1.zip: 79%
2/26/2025, 8:14:54 AM UTC [Modules] Streaming discord_utils@1 to /home/flowy/.config/discord/0.0.87/modules/pending/discord_utils-1.zip: 80%
2/26/2025, 8:14:54 AM UTC [Modules] Streaming discord_utils@1 to /home/flowy/.config/discord/0.0.87/modules/pending/discord_utils-1.zip: 81%
2/26/2025, 8:14:54 AM UTC [Modules] Streaming discord_utils@1 to /home/flowy/.config/discord/0.0.87/modules/pending/discord_utils-1.zip: 82%
2/26/2025, 8:14:54 AM UTC [Modules] Streaming discord_utils@1 to /home/flowy/.config/discord/0.0.87/modules/pending/discord_utils-1.zip: 84%
2/26/2025, 8:14:54 AM UTC [Modules] Streaming discord_utils@1 to /home/flowy/.config/discord/0.0.87/modules/pending/discord_utils-1.zip: 86%
2/26/2025, 8:14:54 AM UTC [Modules] Streaming discord_utils@1 to /home/flowy/.config/discord/0.0.87/modules/pending/discord_utils-1.zip: 89%
2/26/2025, 8:14:54 AM UTC [Modules] Streaming discord_utils@1 to /home/flowy/.config/discord/0.0.87/modules/pending/discord_utils-1.zip: 90%
2/26/2025, 8:14:54 AM UTC [Modules] Streaming discord_utils@1 to /home/flowy/.config/discord/0.0.87/modules/pending/discord_utils-1.zip: 91%
2/26/2025, 8:14:54 AM UTC [Modules] Streaming discord_utils@1 to /home/flowy/.config/discord/0.0.87/modules/pending/discord_utils-1.zip: 94%
2/26/2025, 8:14:54 AM UTC [Modules] Streaming discord_utils@1 to /home/flowy/.config/discord/0.0.87/modules/pending/discord_utils-1.zip: 96%
2/26/2025, 8:14:54 AM UTC [Modules] Streaming discord_utils@1 to /home/flowy/.config/discord/0.0.87/modules/pending/discord_utils-1.zip: 97%
2/26/2025, 8:14:54 AM UTC [Modules] Streaming discord_utils@1 to /home/flowy/.config/discord/0.0.87/modules/pending/discord_utils-1.zip: 100%
2/26/2025, 8:14:54 AM UTC [Modules] Fetching discord_voice@1 from https://discord.com/api/modules/stable/discord_voice/1
2/26/2025, 8:14:54 AM UTC [Modules] Streaming discord_voice@1 to /home/flowy/.config/discord/0.0.87/modules/pending/discord_voice-1.zip
2/26/2025, 8:14:54 AM UTC [Modules] Streaming discord_voice@1 to /home/flowy/.config/discord/0.0.87/modules/pending/discord_voice-1.zip: 1%
2/26/2025, 8:14:54 AM UTC [Modules] Streaming discord_voice@1 to /home/flowy/.config/discord/0.0.87/modules/pending/discord_voice-1.zip: 2%
2/26/2025, 8:14:55 AM UTC [Modules] Streaming discord_voice@1 to /home/flowy/.config/discord/0.0.87/modules/pending/discord_voice-1.zip: 3%
2/26/2025, 8:14:55 AM UTC [Modules] Streaming discord_voice@1 to /home/flowy/.config/discord/0.0.87/modules/pending/discord_voice-1.zip: 4%
2/26/2025, 8:14:55 AM UTC [Modules] Streaming discord_voice@1 to /home/flowy/.config/discord/0.0.87/modules/pending/discord_voice-1.zip: 5%
2/26/2025, 8:14:55 AM UTC [Modules] Streaming discord_voice@1 to /home/flowy/.config/discord/0.0.87/modules/pending/discord_voice-1.zip: 6%
2/26/2025, 8:14:55 AM UTC [Modules] Streaming discord_voice@1 to /home/flowy/.config/discord/0.0.87/modules/pending/discord_voice-1.zip: 7%
2/26/2025, 8:14:55 AM UTC [Modules] Streaming discord_voice@1 to /home/flowy/.config/discord/0.0.87/modules/pending/discord_voice-1.zip: 8%
2/26/2025, 8:14:55 AM UTC [Modules] Streaming discord_voice@1 to /home/flowy/.config/discord/0.0.87/modules/pending/discord_voice-1.zip: 9%
2/26/2025, 8:14:55 AM UTC [Modules] Streaming discord_voice@1 to /home/flowy/.config/discord/0.0.87/modules/pending/discord_voice-1.zip: 10%
2/26/2025, 8:14:55 AM UTC [Modules] Streaming discord_voice@1 to /home/flowy/.config/discord/0.0.87/modules/pending/discord_voice-1.zip: 11%
2/26/2025, 8:14:55 AM UTC [Modules] Streaming discord_voice@1 to /home/flowy/.config/discord/0.0.87/modules/pending/discord_voice-1.zip: 12%
2/26/2025, 8:14:55 AM UTC [Modules] Streaming discord_voice@1 to /home/flowy/.config/discord/0.0.87/modules/pending/discord_voice-1.zip: 13%
2/26/2025, 8:14:55 AM UTC [Modules] Streaming discord_voice@1 to /home/flowy/.config/discord/0.0.87/modules/pending/discord_voice-1.zip: 14%
2/26/2025, 8:14:55 AM UTC [Modules] Streaming discord_voice@1 to /home/flowy/.config/discord/0.0.87/modules/pending/discord_voice-1.zip: 15%
2/26/2025, 8:14:56 AM UTC [Modules] Streaming discord_voice@1 to /home/flowy/.config/discord/0.0.87/modules/pending/discord_voice-1.zip: 16%
2/26/2025, 8:14:56 AM UTC [Modules] Streaming discord_voice@1 to /home/flowy/.config/discord/0.0.87/modules/pending/discord_voice-1.zip: 17%
2/26/2025, 8:14:56 AM UTC [Modules] Streaming discord_voice@1 to /home/flowy/.config/discord/0.0.87/modules/pending/discord_voice-1.zip: 18%
2/26/2025, 8:14:56 AM UTC [Modules] Streaming discord_voice@1 to /home/flowy/.config/discord/0.0.87/modules/pending/discord_voice-1.zip: 19%
2/26/2025, 8:14:56 AM UTC [Modules] Streaming discord_voice@1 to /home/flowy/.config/discord/0.0.87/modules/pending/discord_voice-1.zip: 20%
2/26/2025, 8:14:56 AM UTC [Modules] Streaming discord_voice@1 to /home/flowy/.config/discord/0.0.87/modules/pending/discord_voice-1.zip: 21%
2/26/2025, 8:14:56 AM UTC [Modules] Streaming discord_voice@1 to /home/flowy/.config/discord/0.0.87/modules/pending/discord_voice-1.zip: 22%
2/26/2025, 8:14:56 AM UTC [Modules] Streaming discord_voice@1 to /home/flowy/.config/discord/0.0.87/modules/pending/discord_voice-1.zip: 23%
2/26/2025, 8:14:56 AM UTC [Modules] Streaming discord_voice@1 to /home/flowy/.config/discord/0.0.87/modules/pending/discord_voice-1.zip: 24%
2/26/2025, 8:14:56 AM UTC [Modules] Streaming discord_voice@1 to /home/flowy/.config/discord/0.0.87/modules/pending/discord_voice-1.zip: 25%
2/26/2025, 8:14:56 AM UTC [Modules] Streaming discord_voice@1 to /home/flowy/.config/discord/0.0.87/modules/pending/discord_voice-1.zip: 26%
2/26/2025, 8:14:57 AM UTC [Modules] Streaming discord_voice@1 to /home/flowy/.config/discord/0.0.87/modules/pending/discord_voice-1.zip: 27%
2/26/2025, 8:14:57 AM UTC [Modules] Streaming discord_voice@1 to /home/flowy/.config/discord/0.0.87/modules/pending/discord_voice-1.zip: 28%
2/26/2025, 8:14:57 AM UTC [Modules] Streaming discord_voice@1 to /home/flowy/.config/discord/0.0.87/modules/pending/discord_voice-1.zip: 29%
2/26/2025, 8:14:57 AM UTC [Modules] Streaming discord_voice@1 to /home/flowy/.config/discord/0.0.87/modules/pending/discord_voice-1.zip: 30%
2/26/2025, 8:14:57 AM UTC [Modules] Streaming discord_voice@1 to /home/flowy/.config/discord/0.0.87/modules/pending/discord_voice-1.zip: 31%
2/26/2025, 8:14:57 AM UTC [Modules] Streaming discord_voice@1 to /home/flowy/.config/discord/0.0.87/modules/pending/discord_voice-1.zip: 32%
2/26/2025, 8:14:57 AM UTC [Modules] Streaming discord_voice@1 to /home/flowy/.config/discord/0.0.87/modules/pending/discord_voice-1.zip: 33%
2/26/2025, 8:14:57 AM UTC [Modules] Streaming discord_voice@1 to /home/flowy/.config/discord/0.0.87/modules/pending/discord_voice-1.zip: 34%
2/26/2025, 8:14:57 AM UTC [Modules] Streaming discord_voice@1 to /home/flowy/.config/discord/0.0.87/modules/pending/discord_voice-1.zip: 35%
2/26/2025, 8:14:57 AM UTC [Modules] Streaming discord_voice@1 to /home/flowy/.config/discord/0.0.87/modules/pending/discord_voice-1.zip: 36%
2/26/2025, 8:14:57 AM UTC [Modules] Streaming discord_voice@1 to /home/flowy/.config/discord/0.0.87/modules/pending/discord_voice-1.zip: 37%
2/26/2025, 8:14:57 AM UTC [Modules] Streaming discord_voice@1 to /home/flowy/.config/discord/0.0.87/modules/pending/discord_voice-1.zip: 38%
2/26/2025, 8:14:58 AM UTC [Modules] Streaming discord_voice@1 to /home/flowy/.config/discord/0.0.87/modules/pending/discord_voice-1.zip: 39%
2/26/2025, 8:14:58 AM UTC [Modules] Streaming discord_voice@1 to /home/flowy/.config/discord/0.0.87/modules/pending/discord_voice-1.zip: 40%
2/26/2025, 8:14:58 AM UTC [Modules] Streaming discord_voice@1 to /home/flowy/.config/discord/0.0.87/modules/pending/discord_voice-1.zip: 41%
2/26/2025, 8:14:58 AM UTC [Modules] Streaming discord_voice@1 to /home/flowy/.config/discord/0.0.87/modules/pending/discord_voice-1.zip: 42%
2/26/2025, 8:14:58 AM UTC [Modules] Streaming discord_voice@1 to /home/flowy/.config/discord/0.0.87/modules/pending/discord_voice-1.zip: 43%
2/26/2025, 8:14:58 AM UTC [Modules] Streaming discord_voice@1 to /home/flowy/.config/discord/0.0.87/modules/pending/discord_voice-1.zip: 44%
2/26/2025, 8:14:58 AM UTC [Modules] Streaming discord_voice@1 to /home/flowy/.config/discord/0.0.87/modules/pending/discord_voice-1.zip: 45%
2/26/2025, 8:14:58 AM UTC [Modules] Streaming discord_voice@1 to /home/flowy/.config/discord/0.0.87/modules/pending/discord_voice-1.zip: 46%
2/26/2025, 8:14:58 AM UTC [Modules] Streaming discord_voice@1 to /home/flowy/.config/discord/0.0.87/modules/pending/discord_voice-1.zip: 47%
2/26/2025, 8:14:58 AM UTC [Modules] Streaming discord_voice@1 to /home/flowy/.config/discord/0.0.87/modules/pending/discord_voice-1.zip: 48%
2/26/2025, 8:14:58 AM UTC [Modules] Streaming discord_voice@1 to /home/flowy/.config/discord/0.0.87/modules/pending/discord_voice-1.zip: 49%
2/26/2025, 8:14:58 AM UTC [Modules] Streaming discord_voice@1 to /home/flowy/.config/discord/0.0.87/modules/pending/discord_voice-1.zip: 50%
2/26/2025, 8:14:58 AM UTC [Modules] Streaming discord_voice@1 to /home/flowy/.config/discord/0.0.87/modules/pending/discord_voice-1.zip: 51%
2/26/2025, 8:14:58 AM UTC [Modules] Streaming discord_voice@1 to /home/flowy/.config/discord/0.0.87/modules/pending/discord_voice-1.zip: 52%
2/26/2025, 8:14:59 AM UTC [Modules] Streaming discord_voice@1 to /home/flowy/.config/discord/0.0.87/modules/pending/discord_voice-1.zip: 53%
2/26/2025, 8:14:59 AM UTC [Modules] Streaming discord_voice@1 to /home/flowy/.config/discord/0.0.87/modules/pending/discord_voice-1.zip: 54%
2/26/2025, 8:14:59 AM UTC [Modules] Streaming discord_voice@1 to /home/flowy/.config/discord/0.0.87/modules/pending/discord_voice-1.zip: 55%
2/26/2025, 8:14:59 AM UTC [Modules] Streaming discord_voice@1 to /home/flowy/.config/discord/0.0.87/modules/pending/discord_voice-1.zip: 56%
2/26/2025, 8:14:59 AM UTC [Modules] Streaming discord_voice@1 to /home/flowy/.config/discord/0.0.87/modules/pending/discord_voice-1.zip: 57%
2/26/2025, 8:14:59 AM UTC [Modules] Streaming discord_voice@1 to /home/flowy/.config/discord/0.0.87/modules/pending/discord_voice-1.zip: 58%
2/26/2025, 8:14:59 AM UTC [Modules] Streaming discord_voice@1 to /home/flowy/.config/discord/0.0.87/modules/pending/discord_voice-1.zip: 59%
2/26/2025, 8:14:59 AM UTC [Modules] Streaming discord_voice@1 to /home/flowy/.config/discord/0.0.87/modules/pending/discord_voice-1.zip: 60%
2/26/2025, 8:14:59 AM UTC [Modules] Streaming discord_voice@1 to /home/flowy/.config/discord/0.0.87/modules/pending/discord_voice-1.zip: 61%
2/26/2025, 8:14:59 AM UTC [Modules] Streaming discord_voice@1 to /home/flowy/.config/discord/0.0.87/modules/pending/discord_voice-1.zip: 62%
2/26/2025, 8:14:59 AM UTC [Modules] Streaming discord_voice@1 to /home/flowy/.config/discord/0.0.87/modules/pending/discord_voice-1.zip: 63%
2/26/2025, 8:15:00 AM UTC [Modules] Streaming discord_voice@1 to /home/flowy/.config/discord/0.0.87/modules/pending/discord_voice-1.zip: 64%
2/26/2025, 8:15:00 AM UTC [Modules] Streaming discord_voice@1 to /home/flowy/.config/discord/0.0.87/modules/pending/discord_voice-1.zip: 65%
2/26/2025, 8:15:00 AM UTC [Modules] Streaming discord_voice@1 to /home/flowy/.config/discord/0.0.87/modules/pending/discord_voice-1.zip: 66%
2/26/2025, 8:15:00 AM UTC [Modules] Streaming discord_voice@1 to /home/flowy/.config/discord/0.0.87/modules/pending/discord_voice-1.zip: 67%
2/26/2025, 8:15:00 AM UTC [Modules] Streaming discord_voice@1 to /home/flowy/.config/discord/0.0.87/modules/pending/discord_voice-1.zip: 68%
2/26/2025, 8:15:00 AM UTC [Modules] Streaming discord_voice@1 to /home/flowy/.config/discord/0.0.87/modules/pending/discord_voice-1.zip: 69%
2/26/2025, 8:15:00 AM UTC [Modules] Streaming discord_voice@1 to /home/flowy/.config/discord/0.0.87/modules/pending/discord_voice-1.zip: 70%
2/26/2025, 8:15:00 AM UTC [Modules] Streaming discord_voice@1 to /home/flowy/.config/discord/0.0.87/modules/pending/discord_voice-1.zip: 71%
2/26/2025, 8:15:00 AM UTC [Modules] Streaming discord_voice@1 to /home/flowy/.config/discord/0.0.87/modules/pending/discord_voice-1.zip: 72%
2/26/2025, 8:15:00 AM UTC [Modules] Streaming discord_voice@1 to /home/flowy/.config/discord/0.0.87/modules/pending/discord_voice-1.zip: 73%
2/26/2025, 8:15:00 AM UTC [Modules] Streaming discord_voice@1 to /home/flowy/.config/discord/0.0.87/modules/pending/discord_voice-1.zip: 74%
2/26/2025, 8:15:00 AM UTC [Modules] Streaming discord_voice@1 to /home/flowy/.config/discord/0.0.87/modules/pending/discord_voice-1.zip: 75%
2/26/2025, 8:15:00 AM UTC [Modules] Streaming discord_voice@1 to /home/flowy/.config/discord/0.0.87/modules/pending/discord_voice-1.zip: 76%
2/26/2025, 8:15:00 AM UTC [Modules] Streaming discord_voice@1 to /home/flowy/.config/discord/0.0.87/modules/pending/discord_voice-1.zip: 77%
2/26/2025, 8:15:00 AM UTC [Modules] Streaming discord_voice@1 to /home/flowy/.config/discord/0.0.87/modules/pending/discord_voice-1.zip: 78%
2/26/2025, 8:15:00 AM UTC [Modules] Streaming discord_voice@1 to /home/flowy/.config/discord/0.0.87/modules/pending/discord_voice-1.zip: 79%
2/26/2025, 8:15:00 AM UTC [Modules] Streaming discord_voice@1 to /home/flowy/.config/discord/0.0.87/modules/pending/discord_voice-1.zip: 80%
2/26/2025, 8:15:00 AM UTC [Modules] Streaming discord_voice@1 to /home/flowy/.config/discord/0.0.87/modules/pending/discord_voice-1.zip: 81%
2/26/2025, 8:15:01 AM UTC [Modules] Streaming discord_voice@1 to /home/flowy/.config/discord/0.0.87/modules/pending/discord_voice-1.zip: 82%
2/26/2025, 8:15:01 AM UTC [Modules] Streaming discord_voice@1 to /home/flowy/.config/discord/0.0.87/modules/pending/discord_voice-1.zip: 83%
2/26/2025, 8:15:01 AM UTC [Modules] Streaming discord_voice@1 to /home/flowy/.config/discord/0.0.87/modules/pending/discord_voice-1.zip: 84%
2/26/2025, 8:15:01 AM UTC [Modules] Streaming discord_voice@1 to /home/flowy/.config/discord/0.0.87/modules/pending/discord_voice-1.zip: 85%
2/26/2025, 8:15:01 AM UTC [Modules] Streaming discord_voice@1 to /home/flowy/.config/discord/0.0.87/modules/pending/discord_voice-1.zip: 86%
2/26/2025, 8:15:01 AM UTC [Modules] Streaming discord_voice@1 to /home/flowy/.config/discord/0.0.87/modules/pending/discord_voice-1.zip: 87%
2/26/2025, 8:15:01 AM UTC [Modules] Streaming discord_voice@1 to /home/flowy/.config/discord/0.0.87/modules/pending/discord_voice-1.zip: 88%
2/26/2025, 8:15:01 AM UTC [Modules] Streaming discord_voice@1 to /home/flowy/.config/discord/0.0.87/modules/pending/discord_voice-1.zip: 89%
2/26/2025, 8:15:01 AM UTC [Modules] Streaming discord_voice@1 to /home/flowy/.config/discord/0.0.87/modules/pending/discord_voice-1.zip: 90%
2/26/2025, 8:15:01 AM UTC [Modules] Streaming discord_voice@1 to /home/flowy/.config/discord/0.0.87/modules/pending/discord_voice-1.zip: 91%
2/26/2025, 8:15:01 AM UTC [Modules] Streaming discord_voice@1 to /home/flowy/.config/discord/0.0.87/modules/pending/discord_voice-1.zip: 92%
2/26/2025, 8:15:01 AM UTC [Modules] Streaming discord_voice@1 to /home/flowy/.config/discord/0.0.87/modules/pending/discord_voice-1.zip: 93%
2/26/2025, 8:15:01 AM UTC [Modules] Streaming discord_voice@1 to /home/flowy/.config/discord/0.0.87/modules/pending/discord_voice-1.zip: 94%
2/26/2025, 8:15:02 AM UTC [Modules] Streaming discord_voice@1 to /home/flowy/.config/discord/0.0.87/modules/pending/discord_voice-1.zip: 95%
2/26/2025, 8:15:02 AM UTC [Modules] Streaming discord_voice@1 to /home/flowy/.config/discord/0.0.87/modules/pending/discord_voice-1.zip: 96%
2/26/2025, 8:15:02 AM UTC [Modules] Streaming discord_voice@1 to /home/flowy/.config/discord/0.0.87/modules/pending/discord_voice-1.zip: 97%
2/26/2025, 8:15:02 AM UTC [Modules] Streaming discord_voice@1 to /home/flowy/.config/discord/0.0.87/modules/pending/discord_voice-1.zip: 98%
2/26/2025, 8:15:02 AM UTC [Modules] Streaming discord_voice@1 to /home/flowy/.config/discord/0.0.87/modules/pending/discord_voice-1.zip: 99%
2/26/2025, 8:15:02 AM UTC [Modules] Streaming discord_voice@1 to /home/flowy/.config/discord/0.0.87/modules/pending/discord_voice-1.zip: 100%
2/26/2025, 8:15:02 AM UTC [Modules] Fetching discord_zstd@1 from https://discord.com/api/modules/stable/discord_zstd/1
2/26/2025, 8:15:02 AM UTC [Modules] Streaming discord_zstd@1 to /home/flowy/.config/discord/0.0.87/modules/pending/discord_zstd-1.zip
2/26/2025, 8:15:02 AM UTC [Modules] Streaming discord_zstd@1 to /home/flowy/.config/discord/0.0.87/modules/pending/discord_zstd-1.zip: 1%
2/26/2025, 8:15:02 AM UTC [Modules] Streaming discord_zstd@1 to /home/flowy/.config/discord/0.0.87/modules/pending/discord_zstd-1.zip: 3%
2/26/2025, 8:15:02 AM UTC [Modules] Streaming discord_zstd@1 to /home/flowy/.config/discord/0.0.87/modules/pending/discord_zstd-1.zip: 4%
2/26/2025, 8:15:02 AM UTC [Modules] Streaming discord_zstd@1 to /home/flowy/.config/discord/0.0.87/modules/pending/discord_zstd-1.zip: 5%
2/26/2025, 8:15:02 AM UTC [Modules] Streaming discord_zstd@1 to /home/flowy/.config/discord/0.0.87/modules/pending/discord_zstd-1.zip: 6%
2/26/2025, 8:15:02 AM UTC [Modules] Streaming discord_zstd@1 to /home/flowy/.config/discord/0.0.87/modules/pending/discord_zstd-1.zip: 7%
2/26/2025, 8:15:02 AM UTC [Modules] Streaming discord_zstd@1 to /home/flowy/.config/discord/0.0.87/modules/pending/discord_zstd-1.zip: 8%
2/26/2025, 8:15:02 AM UTC [Modules] Streaming discord_zstd@1 to /home/flowy/.config/discord/0.0.87/modules/pending/discord_zstd-1.zip: 9%
2/26/2025, 8:15:02 AM UTC [Modules] Streaming discord_zstd@1 to /home/flowy/.config/discord/0.0.87/modules/pending/discord_zstd-1.zip: 10%
2/26/2025, 8:15:02 AM UTC [Modules] Streaming discord_zstd@1 to /home/flowy/.config/discord/0.0.87/modules/pending/discord_zstd-1.zip: 11%
2/26/2025, 8:15:02 AM UTC [Modules] Streaming discord_zstd@1 to /home/flowy/.config/discord/0.0.87/modules/pending/discord_zstd-1.zip: 12%
2/26/2025, 8:15:02 AM UTC [Modules] Streaming discord_zstd@1 to /home/flowy/.config/discord/0.0.87/modules/pending/discord_zstd-1.zip: 13%
2/26/2025, 8:15:02 AM UTC [Modules] Streaming discord_zstd@1 to /home/flowy/.config/discord/0.0.87/modules/pending/discord_zstd-1.zip: 17%
2/26/2025, 8:15:02 AM UTC [Modules] Streaming discord_zstd@1 to /home/flowy/.config/discord/0.0.87/modules/pending/discord_zstd-1.zip: 18%
2/26/2025, 8:15:02 AM UTC [Modules] Streaming discord_zstd@1 to /home/flowy/.config/discord/0.0.87/modules/pending/discord_zstd-1.zip: 19%
2/26/2025, 8:15:02 AM UTC [Modules] Streaming discord_zstd@1 to /home/flowy/.config/discord/0.0.87/modules/pending/discord_zstd-1.zip: 20%
2/26/2025, 8:15:02 AM UTC [Modules] Streaming discord_zstd@1 to /home/flowy/.config/discord/0.0.87/modules/pending/discord_zstd-1.zip: 21%
2/26/2025, 8:15:02 AM UTC [Modules] Streaming discord_zstd@1 to /home/flowy/.config/discord/0.0.87/modules/pending/discord_zstd-1.zip: 22%
2/26/2025, 8:15:02 AM UTC [Modules] Streaming discord_zstd@1 to /home/flowy/.config/discord/0.0.87/modules/pending/discord_zstd-1.zip: 23%
2/26/2025, 8:15:02 AM UTC [Modules] Streaming discord_zstd@1 to /home/flowy/.config/discord/0.0.87/modules/pending/discord_zstd-1.zip: 24%
2/26/2025, 8:15:02 AM UTC [Modules] Streaming discord_zstd@1 to /home/flowy/.config/discord/0.0.87/modules/pending/discord_zstd-1.zip: 25%
2/26/2025, 8:15:02 AM UTC [Modules] Streaming discord_zstd@1 to /home/flowy/.config/discord/0.0.87/modules/pending/discord_zstd-1.zip: 27%
2/26/2025, 8:15:02 AM UTC [Modules] Streaming discord_zstd@1 to /home/flowy/.config/discord/0.0.87/modules/pending/discord_zstd-1.zip: 28%
2/26/2025, 8:15:02 AM UTC [Modules] Streaming discord_zstd@1 to /home/flowy/.config/discord/0.0.87/modules/pending/discord_zstd-1.zip: 30%
2/26/2025, 8:15:02 AM UTC [Modules] Streaming discord_zstd@1 to /home/flowy/.config/discord/0.0.87/modules/pending/discord_zstd-1.zip: 31%
2/26/2025, 8:15:02 AM UTC [Modules] Streaming discord_zstd@1 to /home/flowy/.config/discord/0.0.87/modules/pending/discord_zstd-1.zip: 32%
2/26/2025, 8:15:02 AM UTC [Modules] Streaming discord_zstd@1 to /home/flowy/.config/discord/0.0.87/modules/pending/discord_zstd-1.zip: 33%
2/26/2025, 8:15:02 AM UTC [Modules] Streaming discord_zstd@1 to /home/flowy/.config/discord/0.0.87/modules/pending/discord_zstd-1.zip: 34%
2/26/2025, 8:15:02 AM UTC [Modules] Streaming discord_zstd@1 to /home/flowy/.config/discord/0.0.87/modules/pending/discord_zstd-1.zip: 35%
2/26/2025, 8:15:02 AM UTC [Modules] Streaming discord_zstd@1 to /home/flowy/.config/discord/0.0.87/modules/pending/discord_zstd-1.zip: 36%
2/26/2025, 8:15:02 AM UTC [Modules] Streaming discord_zstd@1 to /home/flowy/.config/discord/0.0.87/modules/pending/discord_zstd-1.zip: 37%
2/26/2025, 8:15:02 AM UTC [Modules] Streaming discord_zstd@1 to /home/flowy/.config/discord/0.0.87/modules/pending/discord_zstd-1.zip: 38%
2/26/2025, 8:15:02 AM UTC [Modules] Streaming discord_zstd@1 to /home/flowy/.config/discord/0.0.87/modules/pending/discord_zstd-1.zip: 42%
2/26/2025, 8:15:02 AM UTC [Modules] Streaming discord_zstd@1 to /home/flowy/.config/discord/0.0.87/modules/pending/discord_zstd-1.zip: 49%
2/26/2025, 8:15:02 AM UTC [Modules] Streaming discord_zstd@1 to /home/flowy/.config/discord/0.0.87/modules/pending/discord_zstd-1.zip: 51%
2/26/2025, 8:15:02 AM UTC [Modules] Streaming discord_zstd@1 to /home/flowy/.config/discord/0.0.87/modules/pending/discord_zstd-1.zip: 57%
2/26/2025, 8:15:02 AM UTC [Modules] Streaming discord_zstd@1 to /home/flowy/.config/discord/0.0.87/modules/pending/discord_zstd-1.zip: 65%
2/26/2025, 8:15:02 AM UTC [Modules] Streaming discord_zstd@1 to /home/flowy/.config/discord/0.0.87/modules/pending/discord_zstd-1.zip: 68%
2/26/2025, 8:15:02 AM UTC [Modules] Streaming discord_zstd@1 to /home/flowy/.config/discord/0.0.87/modules/pending/discord_zstd-1.zip: 80%
2/26/2025, 8:15:02 AM UTC [Modules] Streaming discord_zstd@1 to /home/flowy/.config/discord/0.0.87/modules/pending/discord_zstd-1.zip: 83%
2/26/2025, 8:15:02 AM UTC [Modules] Streaming discord_zstd@1 to /home/flowy/.config/discord/0.0.87/modules/pending/discord_zstd-1.zip: 88%
2/26/2025, 8:15:02 AM UTC [Modules] Streaming discord_zstd@1 to /home/flowy/.config/discord/0.0.87/modules/pending/discord_zstd-1.zip: 91%
2/26/2025, 8:15:02 AM UTC [Modules] Streaming discord_zstd@1 to /home/flowy/.config/discord/0.0.87/modules/pending/discord_zstd-1.zip: 92%
2/26/2025, 8:15:02 AM UTC [Modules] Streaming discord_zstd@1 to /home/flowy/.config/discord/0.0.87/modules/pending/discord_zstd-1.zip: 98%
2/26/2025, 8:15:02 AM UTC [Modules] Streaming discord_zstd@1 to /home/flowy/.config/discord/0.0.87/modules/pending/discord_zstd-1.zip: 100%
2/26/2025, 8:15:02 AM UTC [Modules] Finished module downloads. [success: 6] [failure: 0]
2/26/2025, 8:15:02 AM UTC [Modules] Installing updates...
2/26/2025, 8:15:02 AM UTC [Modules] Installing discord_desktop_core@1 from /home/flowy/.config/discord/0.0.87/modules/pending/discord_desktop_core-1.zip
2/26/2025, 8:15:02 AM UTC [Modules] Installing discord_erlpack@1 from /home/flowy/.config/discord/0.0.87/modules/pending/discord_erlpack-1.zip
2/26/2025, 8:15:03 AM UTC [Modules] Installing discord_spellcheck@1 from /home/flowy/.config/discord/0.0.87/modules/pending/discord_spellcheck-1.zip
2/26/2025, 8:15:03 AM UTC [Modules] Installing discord_utils@1 from /home/flowy/.config/discord/0.0.87/modules/pending/discord_utils-1.zip
2/26/2025, 8:15:04 AM UTC [Modules] Installing discord_voice@1 from /home/flowy/.config/discord/0.0.87/modules/pending/discord_voice-1.zip
2/26/2025, 8:15:04 AM UTC [Modules] Installing discord_zstd@1 from /home/flowy/.config/discord/0.0.87/modules/pending/discord_zstd-1.zip
2/26/2025, 8:15:04 AM UTC [Modules] Finished module installations. [success: 6] [failure: 0]
2/26/2025, 8:15:04 AM UTC [Modules] Checking for host updates.
2/26/2025, 8:15:04 AM UTC [Modules] Host is up to date.
2/26/2025, 8:15:04 AM UTC [Modules] Checking for module updates at https://discord.com/api/modules/stable/versions.json
2/26/2025, 8:15:05 AM UTC [Modules] No module updates available.
2/26/2025, 8:15:07 AM UTC [Modules] Starting to install discord_krisp...
2/26/2025, 8:15:07 AM UTC [Modules] Fetching discord_krisp@1 from https://discord.com/api/modules/stable/discord_krisp/1
2/26/2025, 8:15:07 AM UTC [Modules] Streaming discord_krisp@1 to /home/flowy/.config/discord/0.0.87/modules/pending/discord_krisp-1.zip
2/26/2025, 8:15:07 AM UTC [Modules] Starting to install discord_game_utils...
2/26/2025, 8:15:07 AM UTC [Modules] Streaming discord_krisp@1 to /home/flowy/.config/discord/0.0.87/modules/pending/discord_krisp-1.zip: 1%
2/26/2025, 8:15:08 AM UTC [Modules] Streaming discord_krisp@1 to /home/flowy/.config/discord/0.0.87/modules/pending/discord_krisp-1.zip: 2%
2/26/2025, 8:15:08 AM UTC [Modules] Streaming discord_krisp@1 to /home/flowy/.config/discord/0.0.87/modules/pending/discord_krisp-1.zip: 3%
2/26/2025, 8:15:08 AM UTC [Modules] Streaming discord_krisp@1 to /home/flowy/.config/discord/0.0.87/modules/pending/discord_krisp-1.zip: 4%
2/26/2025, 8:15:08 AM UTC [Modules] Streaming discord_krisp@1 to /home/flowy/.config/discord/0.0.87/modules/pending/discord_krisp-1.zip: 5%
2/26/2025, 8:15:08 AM UTC [Modules] Streaming discord_krisp@1 to /home/flowy/.config/discord/0.0.87/modules/pending/discord_krisp-1.zip: 6%
2/26/2025, 8:15:08 AM UTC [Modules] Streaming discord_krisp@1 to /home/flowy/.config/discord/0.0.87/modules/pending/discord_krisp-1.zip: 7%
2/26/2025, 8:15:08 AM UTC [Modules] Streaming discord_krisp@1 to /home/flowy/.config/discord/0.0.87/modules/pending/discord_krisp-1.zip: 8%
2/26/2025, 8:15:08 AM UTC [Modules] Streaming discord_krisp@1 to /home/flowy/.config/discord/0.0.87/modules/pending/discord_krisp-1.zip: 9%
2/26/2025, 8:15:08 AM UTC [Modules] Streaming discord_krisp@1 to /home/flowy/.config/discord/0.0.87/modules/pending/discord_krisp-1.zip: 10%
2/26/2025, 8:15:08 AM UTC [Modules] Streaming discord_krisp@1 to /home/flowy/.config/discord/0.0.87/modules/pending/discord_krisp-1.zip: 11%
2/26/2025, 8:15:08 AM UTC [Modules] Streaming discord_krisp@1 to /home/flowy/.config/discord/0.0.87/modules/pending/discord_krisp-1.zip: 12%
2/26/2025, 8:15:08 AM UTC [Modules] Streaming discord_krisp@1 to /home/flowy/.config/discord/0.0.87/modules/pending/discord_krisp-1.zip: 13%
2/26/2025, 8:15:09 AM UTC [Modules] Streaming discord_krisp@1 to /home/flowy/.config/discord/0.0.87/modules/pending/discord_krisp-1.zip: 14%
2/26/2025, 8:15:09 AM UTC [Modules] Streaming discord_krisp@1 to /home/flowy/.config/discord/0.0.87/modules/pending/discord_krisp-1.zip: 15%
2/26/2025, 8:15:09 AM UTC [Modules] Streaming discord_krisp@1 to /home/flowy/.config/discord/0.0.87/modules/pending/discord_krisp-1.zip: 16%
2/26/2025, 8:15:09 AM UTC [Modules] Streaming discord_krisp@1 to /home/flowy/.config/discord/0.0.87/modules/pending/discord_krisp-1.zip: 17%
2/26/2025, 8:15:09 AM UTC [Modules] Streaming discord_krisp@1 to /home/flowy/.config/discord/0.0.87/modules/pending/discord_krisp-1.zip: 18%
2/26/2025, 8:15:09 AM UTC [Modules] Streaming discord_krisp@1 to /home/flowy/.config/discord/0.0.87/modules/pending/discord_krisp-1.zip: 19%
2/26/2025, 8:15:09 AM UTC [Modules] Streaming discord_krisp@1 to /home/flowy/.config/discord/0.0.87/modules/pending/discord_krisp-1.zip: 20%
2/26/2025, 8:15:09 AM UTC [Modules] Streaming discord_krisp@1 to /home/flowy/.config/discord/0.0.87/modules/pending/discord_krisp-1.zip: 21%
2/26/2025, 8:15:09 AM UTC [Modules] Streaming discord_krisp@1 to /home/flowy/.config/discord/0.0.87/modules/pending/discord_krisp-1.zip: 22%
2/26/2025, 8:15:09 AM UTC [Modules] Streaming discord_krisp@1 to /home/flowy/.config/discord/0.0.87/modules/pending/discord_krisp-1.zip: 23%
2/26/2025, 8:15:09 AM UTC [Modules] Streaming discord_krisp@1 to /home/flowy/.config/discord/0.0.87/modules/pending/discord_krisp-1.zip: 24%
2/26/2025, 8:15:09 AM UTC [Modules] Streaming discord_krisp@1 to /home/flowy/.config/discord/0.0.87/modules/pending/discord_krisp-1.zip: 25%
2/26/2025, 8:15:09 AM UTC [Modules] Streaming discord_krisp@1 to /home/flowy/.config/discord/0.0.87/modules/pending/discord_krisp-1.zip: 26%
2/26/2025, 8:15:09 AM UTC [Modules] Streaming discord_krisp@1 to /home/flowy/.config/discord/0.0.87/modules/pending/discord_krisp-1.zip: 27%
2/26/2025, 8:15:09 AM UTC [Modules] Streaming discord_krisp@1 to /home/flowy/.config/discord/0.0.87/modules/pending/discord_krisp-1.zip: 28%
2/26/2025, 8:15:09 AM UTC [Modules] Streaming discord_krisp@1 to /home/flowy/.config/discord/0.0.87/modules/pending/discord_krisp-1.zip: 29%
2/26/2025, 8:15:10 AM UTC [Modules] Streaming discord_krisp@1 to /home/flowy/.config/discord/0.0.87/modules/pending/discord_krisp-1.zip: 30%
2/26/2025, 8:15:10 AM UTC [Modules] Streaming discord_krisp@1 to /home/flowy/.config/discord/0.0.87/modules/pending/discord_krisp-1.zip: 31%
2/26/2025, 8:15:10 AM UTC [Modules] Streaming discord_krisp@1 to /home/flowy/.config/discord/0.0.87/modules/pending/discord_krisp-1.zip: 32%
2/26/2025, 8:15:10 AM UTC [Modules] Streaming discord_krisp@1 to /home/flowy/.config/discord/0.0.87/modules/pending/discord_krisp-1.zip: 33%
2/26/2025, 8:15:10 AM UTC [Modules] Streaming discord_krisp@1 to /home/flowy/.config/discord/0.0.87/modules/pending/discord_krisp-1.zip: 34%
2/26/2025, 8:15:10 AM UTC [Modules] Streaming discord_krisp@1 to /home/flowy/.config/discord/0.0.87/modules/pending/discord_krisp-1.zip: 35%
2/26/2025, 8:15:10 AM UTC [Modules] Streaming discord_krisp@1 to /home/flowy/.config/discord/0.0.87/modules/pending/discord_krisp-1.zip: 36%
2/26/2025, 8:15:10 AM UTC [Modules] Streaming discord_krisp@1 to /home/flowy/.config/discord/0.0.87/modules/pending/discord_krisp-1.zip: 37%
2/26/2025, 8:15:10 AM UTC [Modules] Streaming discord_krisp@1 to /home/flowy/.config/discord/0.0.87/modules/pending/discord_krisp-1.zip: 38%
2/26/2025, 8:15:11 AM UTC [Modules] Streaming discord_krisp@1 to /home/flowy/.config/discord/0.0.87/modules/pending/discord_krisp-1.zip: 39%
2/26/2025, 8:15:11 AM UTC [Modules] Streaming discord_krisp@1 to /home/flowy/.config/discord/0.0.87/modules/pending/discord_krisp-1.zip: 40%
2/26/2025, 8:15:11 AM UTC [Modules] Streaming discord_krisp@1 to /home/flowy/.config/discord/0.0.87/modules/pending/discord_krisp-1.zip: 41%
2/26/2025, 8:15:11 AM UTC [Modules] Streaming discord_krisp@1 to /home/flowy/.config/discord/0.0.87/modules/pending/discord_krisp-1.zip: 42%
2/26/2025, 8:15:11 AM UTC [Modules] Streaming discord_krisp@1 to /home/flowy/.config/discord/0.0.87/modules/pending/discord_krisp-1.zip: 43%
2/26/2025, 8:15:11 AM UTC [Modules] Streaming discord_krisp@1 to /home/flowy/.config/discord/0.0.87/modules/pending/discord_krisp-1.zip: 44%
2/26/2025, 8:15:11 AM UTC [Modules] Streaming discord_krisp@1 to /home/flowy/.config/discord/0.0.87/modules/pending/discord_krisp-1.zip: 45%
2/26/2025, 8:15:11 AM UTC [Modules] Streaming discord_krisp@1 to /home/flowy/.config/discord/0.0.87/modules/pending/discord_krisp-1.zip: 46%
2/26/2025, 8:15:11 AM UTC [Modules] Streaming discord_krisp@1 to /home/flowy/.config/discord/0.0.87/modules/pending/discord_krisp-1.zip: 47%
2/26/2025, 8:15:11 AM UTC [Modules] Streaming discord_krisp@1 to /home/flowy/.config/discord/0.0.87/modules/pending/discord_krisp-1.zip: 48%
2/26/2025, 8:15:11 AM UTC [Modules] Streaming discord_krisp@1 to /home/flowy/.config/discord/0.0.87/modules/pending/discord_krisp-1.zip: 49%
2/26/2025, 8:15:11 AM UTC [Modules] Streaming discord_krisp@1 to /home/flowy/.config/discord/0.0.87/modules/pending/discord_krisp-1.zip: 50%
2/26/2025, 8:15:11 AM UTC [Modules] Streaming discord_krisp@1 to /home/flowy/.config/discord/0.0.87/modules/pending/discord_krisp-1.zip: 51%
2/26/2025, 8:15:11 AM UTC [Modules] Streaming discord_krisp@1 to /home/flowy/.config/discord/0.0.87/modules/pending/discord_krisp-1.zip: 52%
2/26/2025, 8:15:11 AM UTC [Modules] Streaming discord_krisp@1 to /home/flowy/.config/discord/0.0.87/modules/pending/discord_krisp-1.zip: 53%
2/26/2025, 8:15:11 AM UTC [Modules] Streaming discord_krisp@1 to /home/flowy/.config/discord/0.0.87/modules/pending/discord_krisp-1.zip: 54%
2/26/2025, 8:15:12 AM UTC [Modules] Streaming discord_krisp@1 to /home/flowy/.config/discord/0.0.87/modules/pending/discord_krisp-1.zip: 55%
2/26/2025, 8:15:12 AM UTC [Modules] Streaming discord_krisp@1 to /home/flowy/.config/discord/0.0.87/modules/pending/discord_krisp-1.zip: 56%
2/26/2025, 8:15:12 AM UTC [Modules] Streaming discord_krisp@1 to /home/flowy/.config/discord/0.0.87/modules/pending/discord_krisp-1.zip: 57%
2/26/2025, 8:15:12 AM UTC [Modules] Streaming discord_krisp@1 to /home/flowy/.config/discord/0.0.87/modules/pending/discord_krisp-1.zip: 58%
2/26/2025, 8:15:12 AM UTC [Modules] Streaming discord_krisp@1 to /home/flowy/.config/discord/0.0.87/modules/pending/discord_krisp-1.zip: 59%
2/26/2025, 8:15:12 AM UTC [Modules] Streaming discord_krisp@1 to /home/flowy/.config/discord/0.0.87/modules/pending/discord_krisp-1.zip: 60%
2/26/2025, 8:15:12 AM UTC [Modules] Streaming discord_krisp@1 to /home/flowy/.config/discord/0.0.87/modules/pending/discord_krisp-1.zip: 61%
2/26/2025, 8:15:12 AM UTC [Modules] Streaming discord_krisp@1 to /home/flowy/.config/discord/0.0.87/modules/pending/discord_krisp-1.zip: 62%
2/26/2025, 8:15:12 AM UTC [Modules] Streaming discord_krisp@1 to /home/flowy/.config/discord/0.0.87/modules/pending/discord_krisp-1.zip: 63%
2/26/2025, 8:15:12 AM UTC [Modules] Streaming discord_krisp@1 to /home/flowy/.config/discord/0.0.87/modules/pending/discord_krisp-1.zip: 64%
2/26/2025, 8:15:13 AM UTC [Modules] Streaming discord_krisp@1 to /home/flowy/.config/discord/0.0.87/modules/pending/discord_krisp-1.zip: 65%
2/26/2025, 8:15:13 AM UTC [Modules] Streaming discord_krisp@1 to /home/flowy/.config/discord/0.0.87/modules/pending/discord_krisp-1.zip: 66%
2/26/2025, 8:15:13 AM UTC [Modules] Streaming discord_krisp@1 to /home/flowy/.config/discord/0.0.87/modules/pending/discord_krisp-1.zip: 67%
2/26/2025, 8:15:13 AM UTC [Modules] Streaming discord_krisp@1 to /home/flowy/.config/discord/0.0.87/modules/pending/discord_krisp-1.zip: 68%
2/26/2025, 8:15:13 AM UTC [Modules] Streaming discord_krisp@1 to /home/flowy/.config/discord/0.0.87/modules/pending/discord_krisp-1.zip: 69%
2/26/2025, 8:15:14 AM UTC [Modules] Streaming discord_krisp@1 to /home/flowy/.config/discord/0.0.87/modules/pending/discord_krisp-1.zip: 70%
2/26/2025, 8:15:14 AM UTC [Modules] Streaming discord_krisp@1 to /home/flowy/.config/discord/0.0.87/modules/pending/discord_krisp-1.zip: 71%
2/26/2025, 8:15:14 AM UTC [Modules] Streaming discord_krisp@1 to /home/flowy/.config/discord/0.0.87/modules/pending/discord_krisp-1.zip: 72%
2/26/2025, 8:15:14 AM UTC [Modules] Streaming discord_krisp@1 to /home/flowy/.config/discord/0.0.87/modules/pending/discord_krisp-1.zip: 73%
2/26/2025, 8:15:14 AM UTC [Modules] Streaming discord_krisp@1 to /home/flowy/.config/discord/0.0.87/modules/pending/discord_krisp-1.zip: 74%
2/26/2025, 8:15:14 AM UTC [Modules] Streaming discord_krisp@1 to /home/flowy/.config/discord/0.0.87/modules/pending/discord_krisp-1.zip: 75%
2/26/2025, 8:15:14 AM UTC [Modules] Streaming discord_krisp@1 to /home/flowy/.config/discord/0.0.87/modules/pending/discord_krisp-1.zip: 76%
2/26/2025, 8:15:14 AM UTC [Modules] Streaming discord_krisp@1 to /home/flowy/.config/discord/0.0.87/modules/pending/discord_krisp-1.zip: 77%
2/26/2025, 8:15:14 AM UTC [Modules] Streaming discord_krisp@1 to /home/flowy/.config/discord/0.0.87/modules/pending/discord_krisp-1.zip: 78%
2/26/2025, 8:15:14 AM UTC [Modules] Streaming discord_krisp@1 to /home/flowy/.config/discord/0.0.87/modules/pending/discord_krisp-1.zip: 79%
2/26/2025, 8:15:14 AM UTC [Modules] Streaming discord_krisp@1 to /home/flowy/.config/discord/0.0.87/modules/pending/discord_krisp-1.zip: 80%
2/26/2025, 8:15:14 AM UTC [Modules] Streaming discord_krisp@1 to /home/flowy/.config/discord/0.0.87/modules/pending/discord_krisp-1.zip: 81%
2/26/2025, 8:15:14 AM UTC [Modules] Streaming discord_krisp@1 to /home/flowy/.config/discord/0.0.87/modules/pending/discord_krisp-1.zip: 82%
2/26/2025, 8:15:14 AM UTC [Modules] Streaming discord_krisp@1 to /home/flowy/.config/discord/0.0.87/modules/pending/discord_krisp-1.zip: 83%
2/26/2025, 8:15:15 AM UTC [Modules] Streaming discord_krisp@1 to /home/flowy/.config/discord/0.0.87/modules/pending/discord_krisp-1.zip: 84%
2/26/2025, 8:15:15 AM UTC [Modules] Streaming discord_krisp@1 to /home/flowy/.config/discord/0.0.87/modules/pending/discord_krisp-1.zip: 85%
2/26/2025, 8:15:15 AM UTC [Modules] Streaming discord_krisp@1 to /home/flowy/.config/discord/0.0.87/modules/pending/discord_krisp-1.zip: 86%
2/26/2025, 8:15:15 AM UTC [Modules] Streaming discord_krisp@1 to /home/flowy/.config/discord/0.0.87/modules/pending/discord_krisp-1.zip: 87%
2/26/2025, 8:15:15 AM UTC [Modules] Streaming discord_krisp@1 to /home/flowy/.config/discord/0.0.87/modules/pending/discord_krisp-1.zip: 88%
2/26/2025, 8:15:15 AM UTC [Modules] Streaming discord_krisp@1 to /home/flowy/.config/discord/0.0.87/modules/pending/discord_krisp-1.zip: 89%
2/26/2025, 8:15:15 AM UTC [Modules] Streaming discord_krisp@1 to /home/flowy/.config/discord/0.0.87/modules/pending/discord_krisp-1.zip: 90%
2/26/2025, 8:15:15 AM UTC [Modules] Streaming discord_krisp@1 to /home/flowy/.config/discord/0.0.87/modules/pending/discord_krisp-1.zip: 91%
2/26/2025, 8:15:15 AM UTC [Modules] Streaming discord_krisp@1 to /home/flowy/.config/discord/0.0.87/modules/pending/discord_krisp-1.zip: 92%
2/26/2025, 8:15:15 AM UTC [Modules] Streaming discord_krisp@1 to /home/flowy/.config/discord/0.0.87/modules/pending/discord_krisp-1.zip: 93%
2/26/2025, 8:15:15 AM UTC [Modules] Streaming discord_krisp@1 to /home/flowy/.config/discord/0.0.87/modules/pending/discord_krisp-1.zip: 94%
2/26/2025, 8:15:16 AM UTC [Modules] Streaming discord_krisp@1 to /home/flowy/.config/discord/0.0.87/modules/pending/discord_krisp-1.zip: 95%
2/26/2025, 8:15:16 AM UTC [Modules] Streaming discord_krisp@1 to /home/flowy/.config/discord/0.0.87/modules/pending/discord_krisp-1.zip: 96%
2/26/2025, 8:15:16 AM UTC [Modules] Streaming discord_krisp@1 to /home/flowy/.config/discord/0.0.87/modules/pending/discord_krisp-1.zip: 97%
2/26/2025, 8:15:16 AM UTC [Modules] Streaming discord_krisp@1 to /home/flowy/.config/discord/0.0.87/modules/pending/discord_krisp-1.zip: 98%
2/26/2025, 8:15:16 AM UTC [Modules] Streaming discord_krisp@1 to /home/flowy/.config/discord/0.0.87/modules/pending/discord_krisp-1.zip: 99%
2/26/2025, 8:15:16 AM UTC [Modules] Streaming discord_krisp@1 to /home/flowy/.config/discord/0.0.87/modules/pending/discord_krisp-1.zip: 100%
2/26/2025, 8:15:16 AM UTC [Modules] Fetching discord_game_utils@1 from https://discord.com/api/modules/stable/discord_game_utils/1
2/26/2025, 8:15:16 AM UTC [Modules] Streaming discord_game_utils@1 to /home/flowy/.config/discord/0.0.87/modules/pending/discord_game_utils-1.zip
2/26/2025, 8:15:16 AM UTC [Modules] Installing discord_krisp@1 from /home/flowy/.config/discord/0.0.87/modules/pending/discord_krisp-1.zip
2/26/2025, 8:15:16 AM UTC [Modules] Finished module installations. [success: 1] [failure: 0]
2/26/2025, 8:15:16 AM UTC [Modules] Streaming discord_game_utils@1 to /home/flowy/.config/discord/0.0.87/modules/pending/discord_game_utils-1.zip: 1%
2/26/2025, 8:15:17 AM UTC [Modules] Streaming discord_game_utils@1 to /home/flowy/.config/discord/0.0.87/modules/pending/discord_game_utils-1.zip: 2%
2/26/2025, 8:15:17 AM UTC [Modules] Streaming discord_game_utils@1 to /home/flowy/.config/discord/0.0.87/modules/pending/discord_game_utils-1.zip: 3%
2/26/2025, 8:15:17 AM UTC [Modules] Streaming discord_game_utils@1 to /home/flowy/.config/discord/0.0.87/modules/pending/discord_game_utils-1.zip: 4%
2/26/2025, 8:15:17 AM UTC [Modules] Streaming discord_game_utils@1 to /home/flowy/.config/discord/0.0.87/modules/pending/discord_game_utils-1.zip: 5%
2/26/2025, 8:15:17 AM UTC [Modules] Streaming discord_game_utils@1 to /home/flowy/.config/discord/0.0.87/modules/pending/discord_game_utils-1.zip: 6%
2/26/2025, 8:15:17 AM UTC [Modules] Streaming discord_game_utils@1 to /home/flowy/.config/discord/0.0.87/modules/pending/discord_game_utils-1.zip: 7%
2/26/2025, 8:15:17 AM UTC [Modules] Streaming discord_game_utils@1 to /home/flowy/.config/discord/0.0.87/modules/pending/discord_game_utils-1.zip: 8%
2/26/2025, 8:15:17 AM UTC [Modules] Streaming discord_game_utils@1 to /home/flowy/.config/discord/0.0.87/modules/pending/discord_game_utils-1.zip: 9%
2/26/2025, 8:15:17 AM UTC [Modules] Streaming discord_game_utils@1 to /home/flowy/.config/discord/0.0.87/modules/pending/discord_game_utils-1.zip: 10%
2/26/2025, 8:15:17 AM UTC [Modules] Streaming discord_game_utils@1 to /home/flowy/.config/discord/0.0.87/modules/pending/discord_game_utils-1.zip: 13%
2/26/2025, 8:15:17 AM UTC [Modules] Streaming discord_game_utils@1 to /home/flowy/.config/discord/0.0.87/modules/pending/discord_game_utils-1.zip: 17%
2/26/2025, 8:15:17 AM UTC [Modules] Streaming discord_game_utils@1 to /home/flowy/.config/discord/0.0.87/modules/pending/discord_game_utils-1.zip: 21%
2/26/2025, 8:15:17 AM UTC [Modules] Streaming discord_game_utils@1 to /home/flowy/.config/discord/0.0.87/modules/pending/discord_game_utils-1.zip: 23%
2/26/2025, 8:15:17 AM UTC [Modules] Streaming discord_game_utils@1 to /home/flowy/.config/discord/0.0.87/modules/pending/discord_game_utils-1.zip: 26%
2/26/2025, 8:15:17 AM UTC [Modules] Streaming discord_game_utils@1 to /home/flowy/.config/discord/0.0.87/modules/pending/discord_game_utils-1.zip: 28%
2/26/2025, 8:15:17 AM UTC [Modules] Streaming discord_game_utils@1 to /home/flowy/.config/discord/0.0.87/modules/pending/discord_game_utils-1.zip: 33%
2/26/2025, 8:15:17 AM UTC [Modules] Streaming discord_game_utils@1 to /home/flowy/.config/discord/0.0.87/modules/pending/discord_game_utils-1.zip: 36%
2/26/2025, 8:15:17 AM UTC [Modules] Streaming discord_game_utils@1 to /home/flowy/.config/discord/0.0.87/modules/pending/discord_game_utils-1.zip: 37%
2/26/2025, 8:15:17 AM UTC [Modules] Streaming discord_game_utils@1 to /home/flowy/.config/discord/0.0.87/modules/pending/discord_game_utils-1.zip: 38%
2/26/2025, 8:15:17 AM UTC [Modules] Checking for host updates.
2/26/2025, 8:15:17 AM UTC [Modules] Streaming discord_game_utils@1 to /home/flowy/.config/discord/0.0.87/modules/pending/discord_game_utils-1.zip: 41%
2/26/2025, 8:15:17 AM UTC [Modules] Streaming discord_game_utils@1 to /home/flowy/.config/discord/0.0.87/modules/pending/discord_game_utils-1.zip: 43%
2/26/2025, 8:15:17 AM UTC [Modules] Streaming discord_game_utils@1 to /home/flowy/.config/discord/0.0.87/modules/pending/discord_game_utils-1.zip: 45%
2/26/2025, 8:15:17 AM UTC [Modules] Streaming discord_game_utils@1 to /home/flowy/.config/discord/0.0.87/modules/pending/discord_game_utils-1.zip: 50%
2/26/2025, 8:15:17 AM UTC [Modules] Streaming discord_game_utils@1 to /home/flowy/.config/discord/0.0.87/modules/pending/discord_game_utils-1.zip: 53%
2/26/2025, 8:15:17 AM UTC [Modules] Starting to install discord_rpc...
2/26/2025, 8:15:17 AM UTC [Modules] Streaming discord_game_utils@1 to /home/flowy/.config/discord/0.0.87/modules/pending/discord_game_utils-1.zip: 56%
2/26/2025, 8:15:17 AM UTC [Modules] Streaming discord_game_utils@1 to /home/flowy/.config/discord/0.0.87/modules/pending/discord_game_utils-1.zip: 60%
2/26/2025, 8:15:17 AM UTC [Modules] Streaming discord_game_utils@1 to /home/flowy/.config/discord/0.0.87/modules/pending/discord_game_utils-1.zip: 64%
2/26/2025, 8:15:17 AM UTC [Modules] Streaming discord_game_utils@1 to /home/flowy/.config/discord/0.0.87/modules/pending/discord_game_utils-1.zip: 66%
2/26/2025, 8:15:17 AM UTC [Modules] Streaming discord_game_utils@1 to /home/flowy/.config/discord/0.0.87/modules/pending/discord_game_utils-1.zip: 67%
2/26/2025, 8:15:17 AM UTC [Modules] Streaming discord_game_utils@1 to /home/flowy/.config/discord/0.0.87/modules/pending/discord_game_utils-1.zip: 68%
2/26/2025, 8:15:17 AM UTC [Modules] Streaming discord_game_utils@1 to /home/flowy/.config/discord/0.0.87/modules/pending/discord_game_utils-1.zip: 71%
2/26/2025, 8:15:17 AM UTC [Modules] Streaming discord_game_utils@1 to /home/flowy/.config/discord/0.0.87/modules/pending/discord_game_utils-1.zip: 75%
2/26/2025, 8:15:17 AM UTC [Modules] Streaming discord_game_utils@1 to /home/flowy/.config/discord/0.0.87/modules/pending/discord_game_utils-1.zip: 78%
2/26/2025, 8:15:17 AM UTC [Modules] Streaming discord_game_utils@1 to /home/flowy/.config/discord/0.0.87/modules/pending/discord_game_utils-1.zip: 79%
2/26/2025, 8:15:17 AM UTC [Modules] Streaming discord_game_utils@1 to /home/flowy/.config/discord/0.0.87/modules/pending/discord_game_utils-1.zip: 80%
2/26/2025, 8:15:17 AM UTC [Modules] Streaming discord_game_utils@1 to /home/flowy/.config/discord/0.0.87/modules/pending/discord_game_utils-1.zip: 81%
2/26/2025, 8:15:17 AM UTC [Modules] Streaming discord_game_utils@1 to /home/flowy/.config/discord/0.0.87/modules/pending/discord_game_utils-1.zip: 82%
2/26/2025, 8:15:17 AM UTC [Modules] Streaming discord_game_utils@1 to /home/flowy/.config/discord/0.0.87/modules/pending/discord_game_utils-1.zip: 83%
2/26/2025, 8:15:17 AM UTC [Modules] Streaming discord_game_utils@1 to /home/flowy/.config/discord/0.0.87/modules/pending/discord_game_utils-1.zip: 84%
2/26/2025, 8:15:17 AM UTC [Modules] Streaming discord_game_utils@1 to /home/flowy/.config/discord/0.0.87/modules/pending/discord_game_utils-1.zip: 85%
2/26/2025, 8:15:17 AM UTC [Modules] Streaming discord_game_utils@1 to /home/flowy/.config/discord/0.0.87/modules/pending/discord_game_utils-1.zip: 87%
2/26/2025, 8:15:17 AM UTC [Modules] Streaming discord_game_utils@1 to /home/flowy/.config/discord/0.0.87/modules/pending/discord_game_utils-1.zip: 88%
2/26/2025, 8:15:17 AM UTC [Modules] Streaming discord_game_utils@1 to /home/flowy/.config/discord/0.0.87/modules/pending/discord_game_utils-1.zip: 89%
2/26/2025, 8:15:17 AM UTC [Modules] Streaming discord_game_utils@1 to /home/flowy/.config/discord/0.0.87/modules/pending/discord_game_utils-1.zip: 90%
2/26/2025, 8:15:17 AM UTC [Modules] Host is up to date.
2/26/2025, 8:15:17 AM UTC [Modules] Checking for module updates at https://discord.com/api/modules/stable/versions.json
2/26/2025, 8:15:17 AM UTC [Modules] Streaming discord_game_utils@1 to /home/flowy/.config/discord/0.0.87/modules/pending/discord_game_utils-1.zip: 91%
2/26/2025, 8:15:17 AM UTC [Modules] No module updates available.
2/26/2025, 8:15:17 AM UTC [Modules] Streaming discord_game_utils@1 to /home/flowy/.config/discord/0.0.87/modules/pending/discord_game_utils-1.zip: 92%
2/26/2025, 8:15:17 AM UTC [Modules] Streaming discord_game_utils@1 to /home/flowy/.config/discord/0.0.87/modules/pending/discord_game_utils-1.zip: 93%
2/26/2025, 8:15:17 AM UTC [Modules] Streaming discord_game_utils@1 to /home/flowy/.config/discord/0.0.87/modules/pending/discord_game_utils-1.zip: 94%
2/26/2025, 8:15:17 AM UTC [Modules] Streaming discord_game_utils@1 to /home/flowy/.config/discord/0.0.87/modules/pending/discord_game_utils-1.zip: 95%
2/26/2025, 8:15:17 AM UTC [Modules] Streaming discord_game_utils@1 to /home/flowy/.config/discord/0.0.87/modules/pending/discord_game_utils-1.zip: 96%
2/26/2025, 8:15:17 AM UTC [Modules] Streaming discord_game_utils@1 to /home/flowy/.config/discord/0.0.87/modules/pending/discord_game_utils-1.zip: 98%
2/26/2025, 8:15:17 AM UTC [Modules] Streaming discord_game_utils@1 to /home/flowy/.config/discord/0.0.87/modules/pending/discord_game_utils-1.zip: 99%
2/26/2025, 8:15:18 AM UTC [Modules] Streaming discord_game_utils@1 to /home/flowy/.config/discord/0.0.87/modules/pending/discord_game_utils-1.zip: 100%
2/26/2025, 8:15:18 AM UTC [Modules] Fetching discord_rpc@1 from https://discord.com/api/modules/stable/discord_rpc/1
2/26/2025, 8:15:18 AM UTC [Modules] Streaming discord_rpc@1 to /home/flowy/.config/discord/0.0.87/modules/pending/discord_rpc-1.zip
2/26/2025, 8:15:18 AM UTC [Modules] Installing discord_game_utils@1 from /home/flowy/.config/discord/0.0.87/modules/pending/discord_game_utils-1.zip
2/26/2025, 8:15:18 AM UTC [Modules] Finished module installations. [success: 1] [failure: 0]
2/26/2025, 8:15:18 AM UTC [Modules] Streaming discord_rpc@1 to /home/flowy/.config/discord/0.0.87/modules/pending/discord_rpc-1.zip: 100%
2/26/2025, 8:15:18 AM UTC [Modules] Finished module downloads. [success: 3] [failure: 0]
2/26/2025, 8:15:18 AM UTC [Modules] Installing discord_rpc@1 from /home/flowy/.config/discord/0.0.87/modules/pending/discord_rpc-1.zip
2/26/2025, 8:15:18 AM UTC [Modules] Finished module installations. [success: 1] [failure: 0]
2/26/2025, 9:15:17 AM UTC [Modules] Checking for host updates.
2/26/2025, 9:15:18 AM UTC [Modules] Host is up to date.
2/26/2025, 9:15:18 AM UTC [Modules] Checking for module updates at https://discord.com/api/modules/stable/versions.json
2/26/2025, 9:15:18 AM UTC [Modules] No module updates available.
2/26/2025, 10:15:17 AM UTC [Modules] Checking for host updates.
2/26/2025, 10:15:18 AM UTC [Modules] Host is up to date.
2/26/2025, 10:15:18 AM UTC [Modules] Checking for module updates at https://discord.com/api/modules/stable/versions.json
2/26/2025, 10:15:18 AM UTC [Modules] No module updates available.
2/26/2025, 11:15:17 AM UTC [Modules] Checking for host updates.
2/26/2025, 11:15:18 AM UTC [Modules] Host is up to date.
2/26/2025, 11:15:18 AM UTC [Modules] Checking for module updates at https://discord.com/api/modules/stable/versions.json
2/26/2025, 11:15:18 AM UTC [Modules] No module updates available.
2/27/2025, 9:24:44 PM UTC [Modules] Modules initializing
2/27/2025, 9:24:44 PM UTC [Modules] Distribution: remote
2/27/2025, 9:24:44 PM UTC [Modules] Host updates: enabled
2/27/2025, 9:24:44 PM UTC [Modules] Module updates: enabled
2/27/2025, 9:24:44 PM UTC [Modules] Module install path: /home/flowy/.config/discord/0.0.87/modules
2/27/2025, 9:24:44 PM UTC [Modules] Module installed file path: /home/flowy/.config/discord/0.0.87/modules/installed.json
2/27/2025, 9:24:44 PM UTC [Modules] Module download path: /home/flowy/.config/discord/0.0.87/modules/pending
2/27/2025, 9:24:44 PM UTC [Modules] No updates to install
2/27/2025, 9:24:44 PM UTC [Modules] Checking for host updates.
2/27/2025, 9:24:45 PM UTC [Modules] Host is up to date.
2/27/2025, 9:24:45 PM UTC [Modules] Checking for module updates at https://discord.com/api/modules/stable/versions.json
2/27/2025, 9:24:45 PM UTC [Modules] No module updates available.
2/27/2025, 9:24:48 PM UTC [Modules] Checking for host updates.
2/27/2025, 9:24:49 PM UTC [Modules] Host is up to date.
2/27/2025, 9:24:49 PM UTC [Modules] Checking for module updates at https://discord.com/api/modules/stable/versions.json
2/27/2025, 9:24:49 PM UTC [Modules] No module updates available.
2/27/2025, 10:24:49 PM UTC [Modules] Checking for host updates.
2/27/2025, 10:24:49 PM UTC [Modules] Host is up to date.
2/27/2025, 10:24:49 PM UTC [Modules] Checking for module updates at https://discord.com/api/modules/stable/versions.json
2/27/2025, 10:24:49 PM UTC [Modules] No module updates available.
2/27/2025, 11:24:49 PM UTC [Modules] Checking for host updates.
2/27/2025, 11:24:49 PM UTC [Modules] Host is up to date.
2/27/2025, 11:24:49 PM UTC [Modules] Checking for module updates at https://discord.com/api/modules/stable/versions.json
2/27/2025, 11:24:49 PM UTC [Modules] No module updates available.
2/28/2025, 12:24:49 AM UTC [Modules] Checking for host updates.
2/28/2025, 12:24:49 AM UTC [Modules] Host is up to date.
2/28/2025, 12:24:49 AM UTC [Modules] Checking for module updates at https://discord.com/api/modules/stable/versions.json
2/28/2025, 12:24:49 AM UTC [Modules] No module updates available.
2/28/2025, 1:24:49 AM UTC [Modules] Checking for host updates.
2/28/2025, 1:24:49 AM UTC [Modules] Host is up to date.
2/28/2025, 1:24:49 AM UTC [Modules] Checking for module updates at https://discord.com/api/modules/stable/versions.json
2/28/2025, 1:24:49 AM UTC [Modules] No module updates available.
2/28/2025, 2:24:49 AM UTC [Modules] Checking for host updates.
2/28/2025, 2:24:49 AM UTC [Modules] Host is up to date.
2/28/2025, 2:24:49 AM UTC [Modules] Checking for module updates at https://discord.com/api/modules/stable/versions.json
2/28/2025, 2:24:50 AM UTC [Modules] No module updates available.
2/28/2025, 3:24:49 AM UTC [Modules] Checking for host updates.
2/28/2025, 3:24:54 AM UTC [Modules] Host is up to date.
2/28/2025, 3:24:54 AM UTC [Modules] Checking for module updates at https://discord.com/api/modules/stable/versions.json
2/28/2025, 3:24:54 AM UTC [Modules] No module updates available.
2/28/2025, 4:24:49 AM UTC [Modules] Checking for host updates.
2/28/2025, 4:24:49 AM UTC [Modules] Host is up to date.
2/28/2025, 4:24:49 AM UTC [Modules] Checking for module updates at https://discord.com/api/modules/stable/versions.json
2/28/2025, 4:24:50 AM UTC [Modules] No module updates available.
2/28/2025, 5:24:49 AM UTC [Modules] Checking for host updates.
2/28/2025, 5:24:49 AM UTC [Modules] Host is up to date.
2/28/2025, 5:24:49 AM UTC [Modules] Checking for module updates at https://discord.com/api/modules/stable/versions.json
2/28/2025, 5:24:50 AM UTC [Modules] No module updates available.
2/28/2025, 6:24:49 AM UTC [Modules] Checking for host updates.
2/28/2025, 6:24:49 AM UTC [Modules] Host is up to date.
2/28/2025, 6:24:49 AM UTC [Modules] Checking for module updates at https://discord.com/api/modules/stable/versions.json
2/28/2025, 6:24:50 AM UTC [Modules] No module updates available.
2/28/2025, 7:24:49 AM UTC [Modules] Checking for host updates.
2/28/2025, 7:24:49 AM UTC [Modules] Host is up to date.
2/28/2025, 7:24:49 AM UTC [Modules] Checking for module updates at https://discord.com/api/modules/stable/versions.json
2/28/2025, 7:24:50 AM UTC [Modules] No module updates available.
2/28/2025, 8:24:49 AM UTC [Modules] Checking for host updates.
2/28/2025, 8:24:49 AM UTC [Modules] Host is up to date.
2/28/2025, 8:24:49 AM UTC [Modules] Checking for module updates at https://discord.com/api/modules/stable/versions.json
2/28/2025, 8:24:49 AM UTC [Modules] No module updates available.
2/28/2025, 9:24:49 AM UTC [Modules] Checking for host updates.
2/28/2025, 9:24:49 AM UTC [Modules] Host is up to date.
2/28/2025, 9:24:49 AM UTC [Modules] Checking for module updates at https://discord.com/api/modules/stable/versions.json
2/28/2025, 9:24:49 AM UTC [Modules] No module updates available.
2/28/2025, 10:24:49 AM UTC [Modules] Checking for host updates.
2/28/2025, 10:24:54 AM UTC [Modules] Host is up to date.
2/28/2025, 10:24:54 AM UTC [Modules] Checking for module updates at https://discord.com/api/modules/stable/versions.json
2/28/2025, 10:24:54 AM UTC [Modules] No module updates available.
3/4/2025, 9:16:09 PM UTC [Modules] Modules initializing
3/4/2025, 9:16:09 PM UTC [Modules] Distribution: remote
3/4/2025, 9:16:09 PM UTC [Modules] Host updates: enabled
3/4/2025, 9:16:09 PM UTC [Modules] Module updates: enabled
3/4/2025, 9:16:09 PM UTC [Modules] Module install path: /home/flowy/.config/discord/0.0.87/modules
3/4/2025, 9:16:09 PM UTC [Modules] Module installed file path: /home/flowy/.config/discord/0.0.87/modules/installed.json
3/4/2025, 9:16:09 PM UTC [Modules] Module download path: /home/flowy/.config/discord/0.0.87/modules/pending
3/4/2025, 9:16:09 PM UTC [Modules] No updates to install
3/4/2025, 9:16:09 PM UTC [Modules] Checking for host updates.
3/4/2025, 9:16:10 PM UTC [Modules] Host is up to date.
3/4/2025, 9:16:10 PM UTC [Modules] Checking for module updates at https://discord.com/api/modules/stable/versions.json
3/4/2025, 9:16:10 PM UTC [Modules] Module update available: discord_voice@2 [installed: 1]
3/4/2025, 9:16:10 PM UTC [Modules] Fetching discord_voice@2 from https://discord.com/api/modules/stable/discord_voice/2
3/4/2025, 9:16:10 PM UTC [Modules] Streaming discord_voice@2 to /home/flowy/.config/discord/0.0.87/modules/pending/discord_voice-2.zip
3/4/2025, 9:16:11 PM UTC [Modules] Streaming discord_voice@2 to /home/flowy/.config/discord/0.0.87/modules/pending/discord_voice-2.zip: 1%
3/4/2025, 9:16:11 PM UTC [Modules] Streaming discord_voice@2 to /home/flowy/.config/discord/0.0.87/modules/pending/discord_voice-2.zip: 2%
3/4/2025, 9:16:11 PM UTC [Modules] Streaming discord_voice@2 to /home/flowy/.config/discord/0.0.87/modules/pending/discord_voice-2.zip: 3%
3/4/2025, 9:16:11 PM UTC [Modules] Streaming discord_voice@2 to /home/flowy/.config/discord/0.0.87/modules/pending/discord_voice-2.zip: 4%
3/4/2025, 9:16:11 PM UTC [Modules] Streaming discord_voice@2 to /home/flowy/.config/discord/0.0.87/modules/pending/discord_voice-2.zip: 5%
3/4/2025, 9:16:11 PM UTC [Modules] Streaming discord_voice@2 to /home/flowy/.config/discord/0.0.87/modules/pending/discord_voice-2.zip: 6%
3/4/2025, 9:16:11 PM UTC [Modules] Streaming discord_voice@2 to /home/flowy/.config/discord/0.0.87/modules/pending/discord_voice-2.zip: 7%
3/4/2025, 9:16:11 PM UTC [Modules] Streaming discord_voice@2 to /home/flowy/.config/discord/0.0.87/modules/pending/discord_voice-2.zip: 8%
3/4/2025, 9:16:11 PM UTC [Modules] Streaming discord_voice@2 to /home/flowy/.config/discord/0.0.87/modules/pending/discord_voice-2.zip: 9%
3/4/2025, 9:16:11 PM UTC [Modules] Streaming discord_voice@2 to /home/flowy/.config/discord/0.0.87/modules/pending/discord_voice-2.zip: 10%
3/4/2025, 9:16:11 PM UTC [Modules] Streaming discord_voice@2 to /home/flowy/.config/discord/0.0.87/modules/pending/discord_voice-2.zip: 11%
3/4/2025, 9:16:11 PM UTC [Modules] Streaming discord_voice@2 to /home/flowy/.config/discord/0.0.87/modules/pending/discord_voice-2.zip: 12%
3/4/2025, 9:16:11 PM UTC [Modules] Streaming discord_voice@2 to /home/flowy/.config/discord/0.0.87/modules/pending/discord_voice-2.zip: 13%
3/4/2025, 9:16:12 PM UTC [Modules] Streaming discord_voice@2 to /home/flowy/.config/discord/0.0.87/modules/pending/discord_voice-2.zip: 14%
3/4/2025, 9:16:12 PM UTC [Modules] Streaming discord_voice@2 to /home/flowy/.config/discord/0.0.87/modules/pending/discord_voice-2.zip: 15%
3/4/2025, 9:16:12 PM UTC [Modules] Streaming discord_voice@2 to /home/flowy/.config/discord/0.0.87/modules/pending/discord_voice-2.zip: 16%
3/4/2025, 9:16:12 PM UTC [Modules] Streaming discord_voice@2 to /home/flowy/.config/discord/0.0.87/modules/pending/discord_voice-2.zip: 17%
3/4/2025, 9:16:12 PM UTC [Modules] Streaming discord_voice@2 to /home/flowy/.config/discord/0.0.87/modules/pending/discord_voice-2.zip: 18%
3/4/2025, 9:16:12 PM UTC [Modules] Streaming discord_voice@2 to /home/flowy/.config/discord/0.0.87/modules/pending/discord_voice-2.zip: 19%
3/4/2025, 9:16:12 PM UTC [Modules] Streaming discord_voice@2 to /home/flowy/.config/discord/0.0.87/modules/pending/discord_voice-2.zip: 20%
3/4/2025, 9:16:12 PM UTC [Modules] Streaming discord_voice@2 to /home/flowy/.config/discord/0.0.87/modules/pending/discord_voice-2.zip: 21%
3/4/2025, 9:16:12 PM UTC [Modules] Streaming discord_voice@2 to /home/flowy/.config/discord/0.0.87/modules/pending/discord_voice-2.zip: 22%
3/4/2025, 9:16:12 PM UTC [Modules] Streaming discord_voice@2 to /home/flowy/.config/discord/0.0.87/modules/pending/discord_voice-2.zip: 23%
3/4/2025, 9:16:12 PM UTC [Modules] Streaming discord_voice@2 to /home/flowy/.config/discord/0.0.87/modules/pending/discord_voice-2.zip: 24%
3/4/2025, 9:16:12 PM UTC [Modules] Streaming discord_voice@2 to /home/flowy/.config/discord/0.0.87/modules/pending/discord_voice-2.zip: 25%
3/4/2025, 9:16:12 PM UTC [Modules] Streaming discord_voice@2 to /home/flowy/.config/discord/0.0.87/modules/pending/discord_voice-2.zip: 26%
3/4/2025, 9:16:13 PM UTC [Modules] Streaming discord_voice@2 to /home/flowy/.config/discord/0.0.87/modules/pending/discord_voice-2.zip: 27%
3/4/2025, 9:16:13 PM UTC [Modules] Streaming discord_voice@2 to /home/flowy/.config/discord/0.0.87/modules/pending/discord_voice-2.zip: 28%
3/4/2025, 9:16:13 PM UTC [Modules] Streaming discord_voice@2 to /home/flowy/.config/discord/0.0.87/modules/pending/discord_voice-2.zip: 29%
3/4/2025, 9:16:13 PM UTC [Modules] Streaming discord_voice@2 to /home/flowy/.config/discord/0.0.87/modules/pending/discord_voice-2.zip: 30%
3/4/2025, 9:16:13 PM UTC [Modules] Streaming discord_voice@2 to /home/flowy/.config/discord/0.0.87/modules/pending/discord_voice-2.zip: 31%
3/4/2025, 9:16:13 PM UTC [Modules] Streaming discord_voice@2 to /home/flowy/.config/discord/0.0.87/modules/pending/discord_voice-2.zip: 32%
3/4/2025, 9:16:13 PM UTC [Modules] Streaming discord_voice@2 to /home/flowy/.config/discord/0.0.87/modules/pending/discord_voice-2.zip: 33%
3/4/2025, 9:16:13 PM UTC [Modules] Streaming discord_voice@2 to /home/flowy/.config/discord/0.0.87/modules/pending/discord_voice-2.zip: 34%
3/4/2025, 9:16:13 PM UTC [Modules] Streaming discord_voice@2 to /home/flowy/.config/discord/0.0.87/modules/pending/discord_voice-2.zip: 35%
3/4/2025, 9:16:13 PM UTC [Modules] Streaming discord_voice@2 to /home/flowy/.config/discord/0.0.87/modules/pending/discord_voice-2.zip: 36%
3/4/2025, 9:16:13 PM UTC [Modules] Streaming discord_voice@2 to /home/flowy/.config/discord/0.0.87/modules/pending/discord_voice-2.zip: 37%
3/4/2025, 9:16:13 PM UTC [Modules] Streaming discord_voice@2 to /home/flowy/.config/discord/0.0.87/modules/pending/discord_voice-2.zip: 38%
3/4/2025, 9:16:13 PM UTC [Modules] Streaming discord_voice@2 to /home/flowy/.config/discord/0.0.87/modules/pending/discord_voice-2.zip: 39%
3/4/2025, 9:16:13 PM UTC [Modules] Streaming discord_voice@2 to /home/flowy/.config/discord/0.0.87/modules/pending/discord_voice-2.zip: 40%
3/4/2025, 9:16:13 PM UTC [Modules] Streaming discord_voice@2 to /home/flowy/.config/discord/0.0.87/modules/pending/discord_voice-2.zip: 41%
3/4/2025, 9:16:13 PM UTC [Modules] Streaming discord_voice@2 to /home/flowy/.config/discord/0.0.87/modules/pending/discord_voice-2.zip: 42%
3/4/2025, 9:16:14 PM UTC [Modules] Streaming discord_voice@2 to /home/flowy/.config/discord/0.0.87/modules/pending/discord_voice-2.zip: 43%
3/4/2025, 9:16:14 PM UTC [Modules] Streaming discord_voice@2 to /home/flowy/.config/discord/0.0.87/modules/pending/discord_voice-2.zip: 44%
3/4/2025, 9:16:14 PM UTC [Modules] Streaming discord_voice@2 to /home/flowy/.config/discord/0.0.87/modules/pending/discord_voice-2.zip: 45%
3/4/2025, 9:16:14 PM UTC [Modules] Streaming discord_voice@2 to /home/flowy/.config/discord/0.0.87/modules/pending/discord_voice-2.zip: 46%
3/4/2025, 9:16:14 PM UTC [Modules] Streaming discord_voice@2 to /home/flowy/.config/discord/0.0.87/modules/pending/discord_voice-2.zip: 47%
3/4/2025, 9:16:14 PM UTC [Modules] Streaming discord_voice@2 to /home/flowy/.config/discord/0.0.87/modules/pending/discord_voice-2.zip: 48%
3/4/2025, 9:16:14 PM UTC [Modules] Streaming discord_voice@2 to /home/flowy/.config/discord/0.0.87/modules/pending/discord_voice-2.zip: 49%
3/4/2025, 9:16:14 PM UTC [Modules] Streaming discord_voice@2 to /home/flowy/.config/discord/0.0.87/modules/pending/discord_voice-2.zip: 50%
3/4/2025, 9:16:14 PM UTC [Modules] Streaming discord_voice@2 to /home/flowy/.config/discord/0.0.87/modules/pending/discord_voice-2.zip: 51%
3/4/2025, 9:16:14 PM UTC [Modules] Streaming discord_voice@2 to /home/flowy/.config/discord/0.0.87/modules/pending/discord_voice-2.zip: 52%
3/4/2025, 9:16:14 PM UTC [Modules] Streaming discord_voice@2 to /home/flowy/.config/discord/0.0.87/modules/pending/discord_voice-2.zip: 53%
3/4/2025, 9:16:14 PM UTC [Modules] Streaming discord_voice@2 to /home/flowy/.config/discord/0.0.87/modules/pending/discord_voice-2.zip: 54%
3/4/2025, 9:16:14 PM UTC [Modules] Streaming discord_voice@2 to /home/flowy/.config/discord/0.0.87/modules/pending/discord_voice-2.zip: 55%
3/4/2025, 9:16:14 PM UTC [Modules] Streaming discord_voice@2 to /home/flowy/.config/discord/0.0.87/modules/pending/discord_voice-2.zip: 56%
3/4/2025, 9:16:14 PM UTC [Modules] Streaming discord_voice@2 to /home/flowy/.config/discord/0.0.87/modules/pending/discord_voice-2.zip: 57%
3/4/2025, 9:16:14 PM UTC [Modules] Streaming discord_voice@2 to /home/flowy/.config/discord/0.0.87/modules/pending/discord_voice-2.zip: 58%
3/4/2025, 9:16:14 PM UTC [Modules] Streaming discord_voice@2 to /home/flowy/.config/discord/0.0.87/modules/pending/discord_voice-2.zip: 59%
3/4/2025, 9:16:14 PM UTC [Modules] Streaming discord_voice@2 to /home/flowy/.config/discord/0.0.87/modules/pending/discord_voice-2.zip: 60%
3/4/2025, 9:16:15 PM UTC [Modules] Streaming discord_voice@2 to /home/flowy/.config/discord/0.0.87/modules/pending/discord_voice-2.zip: 61%
3/4/2025, 9:16:15 PM UTC [Modules] Streaming discord_voice@2 to /home/flowy/.config/discord/0.0.87/modules/pending/discord_voice-2.zip: 62%
3/4/2025, 9:16:15 PM UTC [Modules] Streaming discord_voice@2 to /home/flowy/.config/discord/0.0.87/modules/pending/discord_voice-2.zip: 63%
3/4/2025, 9:16:15 PM UTC [Modules] Streaming discord_voice@2 to /home/flowy/.config/discord/0.0.87/modules/pending/discord_voice-2.zip: 64%
3/4/2025, 9:16:15 PM UTC [Modules] Streaming discord_voice@2 to /home/flowy/.config/discord/0.0.87/modules/pending/discord_voice-2.zip: 65%
3/4/2025, 9:16:15 PM UTC [Modules] Streaming discord_voice@2 to /home/flowy/.config/discord/0.0.87/modules/pending/discord_voice-2.zip: 66%
3/4/2025, 9:16:15 PM UTC [Modules] Streaming discord_voice@2 to /home/flowy/.config/discord/0.0.87/modules/pending/discord_voice-2.zip: 67%
3/4/2025, 9:16:15 PM UTC [Modules] Streaming discord_voice@2 to /home/flowy/.config/discord/0.0.87/modules/pending/discord_voice-2.zip: 68%
3/4/2025, 9:16:15 PM UTC [Modules] Streaming discord_voice@2 to /home/flowy/.config/discord/0.0.87/modules/pending/discord_voice-2.zip: 69%
3/4/2025, 9:16:15 PM UTC [Modules] Streaming discord_voice@2 to /home/flowy/.config/discord/0.0.87/modules/pending/discord_voice-2.zip: 70%
3/4/2025, 9:16:15 PM UTC [Modules] Streaming discord_voice@2 to /home/flowy/.config/discord/0.0.87/modules/pending/discord_voice-2.zip: 71%
3/4/2025, 9:16:15 PM UTC [Modules] Streaming discord_voice@2 to /home/flowy/.config/discord/0.0.87/modules/pending/discord_voice-2.zip: 72%
3/4/2025, 9:16:15 PM UTC [Modules] Streaming discord_voice@2 to /home/flowy/.config/discord/0.0.87/modules/pending/discord_voice-2.zip: 73%
3/4/2025, 9:16:15 PM UTC [Modules] Streaming discord_voice@2 to /home/flowy/.config/discord/0.0.87/modules/pending/discord_voice-2.zip: 74%
3/4/2025, 9:16:15 PM UTC [Modules] Streaming discord_voice@2 to /home/flowy/.config/discord/0.0.87/modules/pending/discord_voice-2.zip: 75%
3/4/2025, 9:16:16 PM UTC [Modules] Streaming discord_voice@2 to /home/flowy/.config/discord/0.0.87/modules/pending/discord_voice-2.zip: 76%
3/4/2025, 9:16:16 PM UTC [Modules] Streaming discord_voice@2 to /home/flowy/.config/discord/0.0.87/modules/pending/discord_voice-2.zip: 77%
3/4/2025, 9:16:16 PM UTC [Modules] Streaming discord_voice@2 to /home/flowy/.config/discord/0.0.87/modules/pending/discord_voice-2.zip: 78%
3/4/2025, 9:16:16 PM UTC [Modules] Streaming discord_voice@2 to /home/flowy/.config/discord/0.0.87/modules/pending/discord_voice-2.zip: 79%
3/4/2025, 9:16:16 PM UTC [Modules] Streaming discord_voice@2 to /home/flowy/.config/discord/0.0.87/modules/pending/discord_voice-2.zip: 80%
3/4/2025, 9:16:16 PM UTC [Modules] Streaming discord_voice@2 to /home/flowy/.config/discord/0.0.87/modules/pending/discord_voice-2.zip: 81%
3/4/2025, 9:16:16 PM UTC [Modules] Streaming discord_voice@2 to /home/flowy/.config/discord/0.0.87/modules/pending/discord_voice-2.zip: 82%
3/4/2025, 9:16:16 PM UTC [Modules] Streaming discord_voice@2 to /home/flowy/.config/discord/0.0.87/modules/pending/discord_voice-2.zip: 83%
3/4/2025, 9:16:16 PM UTC [Modules] Streaming discord_voice@2 to /home/flowy/.config/discord/0.0.87/modules/pending/discord_voice-2.zip: 84%
3/4/2025, 9:16:16 PM UTC [Modules] Streaming discord_voice@2 to /home/flowy/.config/discord/0.0.87/modules/pending/discord_voice-2.zip: 85%
3/4/2025, 9:16:16 PM UTC [Modules] Streaming discord_voice@2 to /home/flowy/.config/discord/0.0.87/modules/pending/discord_voice-2.zip: 86%
3/4/2025, 9:16:16 PM UTC [Modules] Streaming discord_voice@2 to /home/flowy/.config/discord/0.0.87/modules/pending/discord_voice-2.zip: 87%
3/4/2025, 9:16:16 PM UTC [Modules] Streaming discord_voice@2 to /home/flowy/.config/discord/0.0.87/modules/pending/discord_voice-2.zip: 88%
3/4/2025, 9:16:16 PM UTC [Modules] Streaming discord_voice@2 to /home/flowy/.config/discord/0.0.87/modules/pending/discord_voice-2.zip: 89%
3/4/2025, 9:16:16 PM UTC [Modules] Streaming discord_voice@2 to /home/flowy/.config/discord/0.0.87/modules/pending/discord_voice-2.zip: 90%
3/4/2025, 9:16:16 PM UTC [Modules] Streaming discord_voice@2 to /home/flowy/.config/discord/0.0.87/modules/pending/discord_voice-2.zip: 91%
3/4/2025, 9:16:16 PM UTC [Modules] Streaming discord_voice@2 to /home/flowy/.config/discord/0.0.87/modules/pending/discord_voice-2.zip: 92%
3/4/2025, 9:16:16 PM UTC [Modules] Streaming discord_voice@2 to /home/flowy/.config/discord/0.0.87/modules/pending/discord_voice-2.zip: 93%
3/4/2025, 9:16:17 PM UTC [Modules] Streaming discord_voice@2 to /home/flowy/.config/discord/0.0.87/modules/pending/discord_voice-2.zip: 94%
3/4/2025, 9:16:17 PM UTC [Modules] Streaming discord_voice@2 to /home/flowy/.config/discord/0.0.87/modules/pending/discord_voice-2.zip: 95%
3/4/2025, 9:16:17 PM UTC [Modules] Streaming discord_voice@2 to /home/flowy/.config/discord/0.0.87/modules/pending/discord_voice-2.zip: 96%
3/4/2025, 9:16:17 PM UTC [Modules] Streaming discord_voice@2 to /home/flowy/.config/discord/0.0.87/modules/pending/discord_voice-2.zip: 97%
3/4/2025, 9:16:17 PM UTC [Modules] Streaming discord_voice@2 to /home/flowy/.config/discord/0.0.87/modules/pending/discord_voice-2.zip: 98%
3/4/2025, 9:16:17 PM UTC [Modules] Streaming discord_voice@2 to /home/flowy/.config/discord/0.0.87/modules/pending/discord_voice-2.zip: 99%
3/4/2025, 9:16:17 PM UTC [Modules] Streaming discord_voice@2 to /home/flowy/.config/discord/0.0.87/modules/pending/discord_voice-2.zip: 100%
3/4/2025, 9:16:17 PM UTC [Modules] Finished module downloads. [success: 1] [failure: 0]
3/4/2025, 9:16:17 PM UTC [Modules] Installing updates...
3/4/2025, 9:16:17 PM UTC [Modules] Installing discord_voice@2 from /home/flowy/.config/discord/0.0.87/modules/pending/discord_voice-2.zip
3/4/2025, 9:16:17 PM UTC [Modules] Finished module installations. [success: 1] [failure: 0]
3/4/2025, 9:16:17 PM UTC [Modules] Checking for host updates.
3/4/2025, 9:16:18 PM UTC [Modules] Host is up to date.
3/4/2025, 9:16:18 PM UTC [Modules] Checking for module updates at https://discord.com/api/modules/stable/versions.json
3/4/2025, 9:16:18 PM UTC [Modules] No module updates available.
3/4/2025, 9:16:21 PM UTC [Modules] Checking for host updates.
3/4/2025, 9:16:22 PM UTC [Modules] Host is up to date.
3/4/2025, 9:16:22 PM UTC [Modules] Checking for module updates at https://discord.com/api/modules/stable/versions.json
3/4/2025, 9:16:22 PM UTC [Modules] No module updates available.
3/4/2025, 10:16:21 PM UTC [Modules] Checking for host updates.
3/4/2025, 10:16:21 PM UTC [Modules] Host is up to date.
3/4/2025, 10:16:21 PM UTC [Modules] Checking for module updates at https://discord.com/api/modules/stable/versions.json
3/4/2025, 10:16:22 PM UTC [Modules] No module updates available.
3/4/2025, 11:16:21 PM UTC [Modules] Checking for host updates.
3/4/2025, 11:16:21 PM UTC [Modules] Host is up to date.
3/4/2025, 11:16:21 PM UTC [Modules] Checking for module updates at https://discord.com/api/modules/stable/versions.json
3/4/2025, 11:16:22 PM UTC [Modules] No module updates available.
3/5/2025, 12:16:22 AM UTC [Modules] Checking for host updates.
3/5/2025, 12:16:22 AM UTC [Modules] Host is up to date.
3/5/2025, 12:16:22 AM UTC [Modules] Checking for module updates at https://discord.com/api/modules/stable/versions.json
3/5/2025, 12:16:22 AM UTC [Modules] No module updates available.
3/6/2025, 11:48:58 AM UTC [Modules] Modules initializing
3/6/2025, 11:48:58 AM UTC [Modules] Distribution: remote
3/6/2025, 11:48:58 AM UTC [Modules] Host updates: enabled
3/6/2025, 11:48:58 AM UTC [Modules] Module updates: enabled
3/6/2025, 11:48:58 AM UTC [Modules] Module install path: /home/flowy/.config/discord/0.0.87/modules
3/6/2025, 11:48:58 AM UTC [Modules] Module installed file path: /home/flowy/.config/discord/0.0.87/modules/installed.json
3/6/2025, 11:48:58 AM UTC [Modules] Module download path: /home/flowy/.config/discord/0.0.87/modules/pending
3/6/2025, 11:48:58 AM UTC [Modules] No updates to install
3/6/2025, 11:48:58 AM UTC [Modules] Checking for host updates.
3/6/2025, 11:49:08 AM UTC [Modules] Host is up to date.
3/6/2025, 11:49:08 AM UTC [Modules] Checking for module updates at https://discord.com/api/modules/stable/versions.json
3/6/2025, 11:49:09 AM UTC [Modules] No module updates available.
3/6/2025, 11:49:13 AM UTC [Modules] Checking for host updates.
3/6/2025, 11:49:13 AM UTC [Modules] Host is up to date.
3/6/2025, 11:49:13 AM UTC [Modules] Checking for module updates at https://discord.com/api/modules/stable/versions.json
3/6/2025, 11:49:13 AM UTC [Modules] No module updates available.
3/6/2025, 11:49:18 AM UTC [Modules] Checking for host updates.
3/6/2025, 11:49:18 AM UTC [Modules] Host is up to date.
3/6/2025, 11:49:18 AM UTC [Modules] Checking for module updates at https://discord.com/api/modules/stable/versions.json
3/6/2025, 11:49:18 AM UTC [Modules] No module updates available.
3/6/2025, 12:49:13 PM UTC [Modules] Checking for host updates.
3/6/2025, 12:49:13 PM UTC [Modules] Host is up to date.
3/6/2025, 12:49:13 PM UTC [Modules] Checking for module updates at https://discord.com/api/modules/stable/versions.json
3/6/2025, 12:49:13 PM UTC [Modules] No module updates available.
3/6/2025, 1:49:13 PM UTC [Modules] Checking for host updates.
3/6/2025, 1:49:13 PM UTC [Modules] Host is up to date.
3/6/2025, 1:49:13 PM UTC [Modules] Checking for module updates at https://discord.com/api/modules/stable/versions.json
3/6/2025, 1:49:14 PM UTC [Modules] No module updates available.
3/6/2025, 2:49:13 PM UTC [Modules] Checking for host updates.
3/6/2025, 2:49:13 PM UTC [Modules] Host is up to date.
3/6/2025, 2:49:13 PM UTC [Modules] Checking for module updates at https://discord.com/api/modules/stable/versions.json
3/6/2025, 2:49:14 PM UTC [Modules] No module updates available.
3/6/2025, 3:49:13 PM UTC [Modules] Checking for host updates.
3/6/2025, 3:49:14 PM UTC [Modules] Host is up to date.
3/6/2025, 3:49:14 PM UTC [Modules] Checking for module updates at https://discord.com/api/modules/stable/versions.json
3/6/2025, 3:49:15 PM UTC [Modules] No module updates available.
3/6/2025, 4:49:13 PM UTC [Modules] Checking for host updates.
3/6/2025, 4:49:13 PM UTC [Modules] Host is up to date.
3/6/2025, 4:49:13 PM UTC [Modules] Checking for module updates at https://discord.com/api/modules/stable/versions.json
3/6/2025, 4:49:14 PM UTC [Modules] No module updates available.
3/6/2025, 5:49:13 PM UTC [Modules] Checking for host updates.
3/6/2025, 5:49:14 PM UTC [Modules] Host is up to date.
3/6/2025, 5:49:14 PM UTC [Modules] Checking for module updates at https://discord.com/api/modules/stable/versions.json
3/6/2025, 5:49:15 PM UTC [Modules] No module updates available.
3/6/2025, 6:49:13 PM UTC [Modules] Checking for host updates.
3/6/2025, 6:49:14 PM UTC [Modules] Host is up to date.
3/6/2025, 6:49:14 PM UTC [Modules] Checking for module updates at https://discord.com/api/modules/stable/versions.json
3/6/2025, 6:49:14 PM UTC [Modules] No module updates available.
3/6/2025, 7:49:13 PM UTC [Modules] Checking for host updates.
3/6/2025, 7:49:13 PM UTC [Modules] Host is up to date.
3/6/2025, 7:49:13 PM UTC [Modules] Checking for module updates at https://discord.com/api/modules/stable/versions.json
3/6/2025, 7:49:13 PM UTC [Modules] No module updates available.
3/6/2025, 8:49:13 PM UTC [Modules] Checking for host updates.
3/6/2025, 8:49:13 PM UTC [Modules] Host is up to date.
3/6/2025, 8:49:13 PM UTC [Modules] Checking for module updates at https://discord.com/api/modules/stable/versions.json
3/6/2025, 8:49:13 PM UTC [Modules] No module updates available.
3/6/2025, 9:49:13 PM UTC [Modules] Checking for host updates.
3/6/2025, 9:49:13 PM UTC [Modules] Host is up to date.
3/6/2025, 9:49:13 PM UTC [Modules] Checking for module updates at https://discord.com/api/modules/stable/versions.json
3/6/2025, 9:49:13 PM UTC [Modules] No module updates available.
3/6/2025, 10:49:13 PM UTC [Modules] Checking for host updates.
3/6/2025, 10:49:13 PM UTC [Modules] Host is up to date.
3/6/2025, 10:49:13 PM UTC [Modules] Checking for module updates at https://discord.com/api/modules/stable/versions.json
3/6/2025, 10:49:13 PM UTC [Modules] No module updates available.
3/6/2025, 11:49:13 PM UTC [Modules] Checking for host updates.
3/6/2025, 11:49:13 PM UTC [Modules] Host is up to date.
3/6/2025, 11:49:13 PM UTC [Modules] Checking for module updates at https://discord.com/api/modules/stable/versions.json
3/6/2025, 11:49:13 PM UTC [Modules] No module updates available.
3/7/2025, 7:34:00 PM UTC [Modules] Modules initializing
3/7/2025, 7:34:00 PM UTC [Modules] Distribution: remote
3/7/2025, 7:34:00 PM UTC [Modules] Host updates: enabled
3/7/2025, 7:34:00 PM UTC [Modules] Module updates: enabled
3/7/2025, 7:34:00 PM UTC [Modules] Module install path: /home/flowy/.config/discord/0.0.87/modules
3/7/2025, 7:34:00 PM UTC [Modules] Module installed file path: /home/flowy/.config/discord/0.0.87/modules/installed.json
3/7/2025, 7:34:00 PM UTC [Modules] Module download path: /home/flowy/.config/discord/0.0.87/modules/pending
3/7/2025, 7:34:00 PM UTC [Modules] No updates to install
3/7/2025, 7:34:00 PM UTC [Modules] Checking for host updates.
3/7/2025, 7:34:01 PM UTC [Modules] Host is up to date.
3/7/2025, 7:34:01 PM UTC [Modules] Checking for module updates at https://discord.com/api/modules/stable/versions.json
3/7/2025, 7:34:01 PM UTC [Modules] No module updates available.
3/7/2025, 7:34:05 PM UTC [Modules] Checking for host updates.
3/7/2025, 7:34:05 PM UTC [Modules] Host is up to date.
3/7/2025, 7:34:05 PM UTC [Modules] Checking for module updates at https://discord.com/api/modules/stable/versions.json
3/7/2025, 7:34:05 PM UTC [Modules] No module updates available.
3/7/2025, 8:34:05 PM UTC [Modules] Checking for host updates.
3/7/2025, 8:34:05 PM UTC [Modules] Host is up to date.
3/7/2025, 8:34:05 PM UTC [Modules] Checking for module updates at https://discord.com/api/modules/stable/versions.json
3/7/2025, 8:34:06 PM UTC [Modules] No module updates available.
3/7/2025, 9:34:05 PM UTC [Modules] Checking for host updates.
3/7/2025, 9:34:05 PM UTC [Modules] Host is up to date.
3/7/2025, 9:34:05 PM UTC [Modules] Checking for module updates at https://discord.com/api/modules/stable/versions.json
3/7/2025, 9:34:06 PM UTC [Modules] No module updates available.
3/7/2025, 10:34:05 PM UTC [Modules] Checking for host updates.
3/7/2025, 10:34:05 PM UTC [Modules] Host is up to date.
3/7/2025, 10:34:05 PM UTC [Modules] Checking for module updates at https://discord.com/api/modules/stable/versions.json
3/7/2025, 10:34:05 PM UTC [Modules] No module updates available.
3/7/2025, 11:34:05 PM UTC [Modules] Checking for host updates.
3/7/2025, 11:34:11 PM UTC [Modules] Host is up to date.
3/7/2025, 11:34:11 PM UTC [Modules] Checking for module updates at https://discord.com/api/modules/stable/versions.json
3/7/2025, 11:34:11 PM UTC [Modules] No module updates available.
3/8/2025, 12:34:05 AM UTC [Modules] Checking for host updates.
3/8/2025, 12:34:06 AM UTC [Modules] Host is up to date.
3/8/2025, 12:34:06 AM UTC [Modules] Checking for module updates at https://discord.com/api/modules/stable/versions.json
3/8/2025, 12:34:07 AM UTC [Modules] No module updates available.
3/8/2025, 1:34:05 AM UTC [Modules] Checking for host updates.
3/8/2025, 1:34:06 AM UTC [Modules] Host is up to date.
3/8/2025, 1:34:06 AM UTC [Modules] Checking for module updates at https://discord.com/api/modules/stable/versions.json
3/8/2025, 1:34:06 AM UTC [Modules] No module updates available.
3/8/2025, 2:34:05 AM UTC [Modules] Checking for host updates.
3/8/2025, 2:34:06 AM UTC [Modules] Host is up to date.
3/8/2025, 2:34:06 AM UTC [Modules] Checking for module updates at https://discord.com/api/modules/stable/versions.json
3/8/2025, 2:34:06 AM UTC [Modules] No module updates available.
3/8/2025, 3:34:05 AM UTC [Modules] Checking for host updates.
3/8/2025, 3:34:05 AM UTC [Modules] Host is up to date.
3/8/2025, 3:34:05 AM UTC [Modules] Checking for module updates at https://discord.com/api/modules/stable/versions.json
3/8/2025, 3:34:05 AM UTC [Modules] No module updates available.
3/8/2025, 4:34:05 AM UTC [Modules] Checking for host updates.
3/8/2025, 4:34:05 AM UTC [Modules] Host is up to date.
3/8/2025, 4:34:05 AM UTC [Modules] Checking for module updates at https://discord.com/api/modules/stable/versions.json
3/8/2025, 4:34:05 AM UTC [Modules] No module updates available.
3/8/2025, 5:34:05 AM UTC [Modules] Checking for host updates.
3/8/2025, 5:34:05 AM UTC [Modules] Host is up to date.
3/8/2025, 5:34:05 AM UTC [Modules] Checking for module updates at https://discord.com/api/modules/stable/versions.json
3/8/2025, 5:34:05 AM UTC [Modules] No module updates available.
3/8/2025, 6:34:05 AM UTC [Modules] Checking for host updates.
3/8/2025, 6:34:05 AM UTC [Modules] Host is up to date.
3/8/2025, 6:34:05 AM UTC [Modules] Checking for module updates at https://discord.com/api/modules/stable/versions.json
3/8/2025, 6:34:05 AM UTC [Modules] No module updates available.
3/8/2025, 7:34:05 AM UTC [Modules] Checking for host updates.
3/8/2025, 7:34:05 AM UTC [Modules] Host is up to date.
3/8/2025, 7:34:05 AM UTC [Modules] Checking for module updates at https://discord.com/api/modules/stable/versions.json
3/8/2025, 7:34:05 AM UTC [Modules] No module updates available.
3/8/2025, 8:34:05 AM UTC [Modules] Checking for host updates.
3/8/2025, 8:34:05 AM UTC [Modules] Host is up to date.
3/8/2025, 8:34:05 AM UTC [Modules] Checking for module updates at https://discord.com/api/modules/stable/versions.json
3/8/2025, 8:34:05 AM UTC [Modules] No module updates available.
3/8/2025, 9:34:05 AM UTC [Modules] Checking for host updates.
3/8/2025, 9:34:05 AM UTC [Modules] Host is up to date.
3/8/2025, 9:34:05 AM UTC [Modules] Checking for module updates at https://discord.com/api/modules/stable/versions.json
3/8/2025, 9:34:05 AM UTC [Modules] No module updates available.
